customerID,gender,SeniorCitizen,Partner,Dependents,tenure,PhoneService,MultipleLines,InternetService,OnlineSecurity,OnlineBackup,DeviceProtection,TechSupport,StreamingTV,StreamingMovies,Contract,PaperlessBilling,PaymentMethod,MonthlyCharges,TotalCharges,Churn
3518-HSQPL,Female,0,No,Yes,6,Yes,Yes,No,No internet service,No internet service,No internet service,No internet service,No internet service,No internet service,Month-to-month,Yes,Credit card (automatic),34.94,188.82,No
2779-CINEB,Female,0,No,No,37,Yes,No,Fiber optic,Yes,No,No,Yes,No,No,Month-to-month,No,Credit card (automatic),84.27,3148.7,Yes
5059-LYSZS,Female,0,No,No,5,Yes,Yes,Fiber optic,Yes,Yes,No,Yes,No,No,Month-to-month,Yes,Electronic check,90.28,409.79,Yes
2849-GTXEL,Male,0,No,No,1,Yes,Yes,Fiber optic,No,No,No,No,Yes,No,Month-to-month,Yes,Credit card (automatic),93.96,56.38,Yes
3977-AQMLH,Male,0,No,No,50,Yes,No,Fiber optic,Yes,Yes,Yes,No,Yes,Yes,Month-to-month,No,Mailed check,104.59,5043.0,Yes
2472-KCVUD,Female,0,Yes,Yes,28,Yes,Yes,DSL,No,Yes,Yes,Yes,No,No,One year,Yes,Bank transfer (automatic),71.5,1843.62,No
1051-VRYKB,Female,1,Yes,No,1,Yes,Yes,DSL,Yes,No,Yes,Yes,No,No,Month-to-month,No,Credit card (automatic),71.4,269.16,No
3153-JMHCJ,Female,0,No,No,18,No,No phone service,No,No internet service,No internet service,No internet service,No internet service,No internet service,No internet service,Month-to-month,No,Electronic check,18.0,312.31,No
2514-CGGEJ,Female,0,Yes,No,29,Yes,Yes,DSL,No,No,Yes,Yes,Yes,No,Month-to-month,Yes,Credit card (automatic),73.51,2161.83,No
3040-TXQHL,Female,0,No,No,45,No,No phone service,Fiber optic,No,No,No,Yes,Yes,No,Two year,No,Bank transfer (automatic),70.09,2957.68,No
2422-ILSGM,Male,0,No,Yes,15,No,No phone service,DSL,Yes,Yes,No,No,No,No,Month-to-month,No,Credit card (automatic),56.62,896.22,Yes
4773-CCCTM,Male,0,No,Yes,60,Yes,No,No,No internet service,No internet service,No internet service,No internet service,No internet service,No internet service,Two year,Yes,Bank transfer (automatic),26.42,1464.99,No
1056-EFFKA,Male,0,No,No,72,Yes,Yes,Fiber optic,No,Yes,No,No,Yes,Yes,Month-to-month,No,Mailed check,99.8,7096.78,Yes
2143-TWHGR,Female,0,No,No,48,Yes,No,DSL,Yes,No,No,No,No,No,One year,No,Mailed check,56.68,2602.41,No
2409-GYBEI,Male,1,Yes,No,24,No,No phone service,No,No internet service,No internet service,No internet service,No internet service,No internet service,No internet service,Month-to-month,Yes,Mailed check,20.68,500.33,No
0453-SVIIO,Male,0,Yes,Yes,62,Yes,No,DSL,No,No,No,No,No,Yes,Two year,Yes,Credit card (automatic),60.88,3534.06,No
4244-OYGYI,Female,0,Yes,No,71,No,No phone service,No,No internet service,No internet service,No internet service,No internet service,No internet service,No internet service,One year,Yes,Mailed check,18.0,1245.48,No
0828-IKAMM,Female,1,No,No,43,Yes,Yes,No,No internet service,No internet service,No internet service,No internet service,No internet service,No internet service,One year,Yes,Electronic check,33.61,1418.32,No
4023-VTBVO,Male,0,Yes,No,0,Yes,No,Fiber optic,Yes,Yes,Yes,No,Yes,Yes,Month-to-month,No,Credit card (automatic),107.8,,Yes
1053-DWRWR,Female,0,No,No,2,Yes,Yes,No,No internet service,No internet service,No internet service,No internet service,No internet service,No internet service,Month-to-month,No,Electronic check,32.11,83.23,No
2859-OREKY,Male,0,No,No,66,No,No phone service,Fiber optic,No,Yes,Yes,No,No,Yes,Two year,Yes,Credit card (automatic),76.93,4597.04,No
0402-KQMZQ,Female,0,Yes,No,46,Yes,Yes,DSL,No,No,Yes,Yes,Yes,No,Two year,Yes,Bank transfer (automatic),77.69,3299.29,No
1519-LWEUQ,Male,0,Yes,No,18,Yes,No,DSL,No,Yes,No,Yes,No,No,Month-to-month,No,Bank transfer (automatic),65.08,1269.37,No
0822-MXXXD,Male,1,No,No,27,Yes,No,Fiber optic,No,No,Yes,Yes,Yes,Yes,Two year,No,Credit card (automatic),95.17,2445.05,No
4696-GZPZW,Female,0,Yes,No,31,Yes,Yes,Fiber optic,No,No,No,Yes,No,No,Two year,Yes,Credit card (automatic),84.58,2396.29,No
2938-ZYZBR,Female,0,No,Yes,0,Yes,No,DSL,No,No,No,No,Yes,Yes,One year,Yes,Bank transfer (automatic),66.9,,No
2400-AJBUC,Male,1,No,Yes,13,Yes,Yes,Fiber optic,No,No,Yes,Yes,Yes,No,Month-to-month,Yes,Electronic check,89.79,988.31,Yes
0197-OHDSH,Female,0,Yes,Yes,22,Yes,No,Fiber optic,No,Yes,No,No,No,Yes,Two year,Yes,Mailed check,82.52,1670.46,No
1851-OWXIO,Female,0,Yes,No,55,No,No phone service,DSL,Yes,Yes,No,Yes,No,Yes,Two year,Yes,Electronic check,69.03,3548.24,No
2786-YGRID,Female,0,No,No,10,Yes,Yes,Fiber optic,Yes,No,Yes,No,No,No,Month-to-month,Yes,Mailed check,88.21,907.22,Yes
4867-FIANV,Male,0,No,No,6,Yes,No,Fiber optic,Yes,No,Yes,No,No,Yes,Month-to-month,Yes,Mailed check,91.51,566.14,Yes
2050-BEFRF,Male,0,Yes,No,23,Yes,No,Fiber optic,No,Yes,No,No,Yes,Yes,Month-to-month,No,Mailed check,94.97,2188.61,No
3943-BTMAO,Female,0,Yes,No,21,Yes,No,DSL,No,Yes,Yes,Yes,No,Yes,Month-to-month,Yes,Credit card (automatic),73.29,1651.6,Yes
4441-APGJR,Male,1,No,Yes,46,Yes,Yes,Fiber optic,No,No,No,Yes,No,Yes,Two year,No,Electronic check,90.25,3972.0,No
3646-VNMWF,Male,0,Yes,No,48,Yes,No,No,No internet service,No internet service,No internet service,No internet service,No internet service,No internet service,One year,No,Bank transfer (automatic),23.57,1089.1,No
3236-CZCBK,Female,0,Yes,Yes,61,Yes,Yes,No,No internet service,No internet service,No internet service,No internet service,No internet service,No internet service,Two year,No,Mailed check,32.53,1848.28,No
1193-FWKYE,Female,1,Yes,No,60,Yes,No,Fiber optic,No,Yes,No,No,Yes,No,Two year,Yes,Bank transfer (automatic),81.96,4541.06,No
4599-XLZYW,Female,0,Yes,Yes,4,No,No phone service,DSL,No,No,No,No,No,No,Month-to-month,No,Electronic check,43.57,197.54,No
3945-GJNHW,Male,1,No,No,6,Yes,No,Fiber optic,No,Yes,Yes,Yes,Yes,Yes,Month-to-month,Yes,Bank transfer (automatic),106.42,710.53,Yes
0841-SZTJC,Male,0,Yes,Yes,22,Yes,No,DSL,No,Yes,No,Yes,Yes,Yes,Month-to-month,Yes,Electronic check,72.04,1556.12,Yes
0287-BXNIK,Female,0,No,Yes,22,Yes,Yes,No,No internet service,No internet service,No internet service,No internet service,No internet service,No internet service,Month-to-month,Yes,Electronic check,29.01,635.11,No
2402-SMCRO,Male,0,Yes,No,12,Yes,No,No,No internet service,No internet service,No internet service,No internet service,No internet service,No internet service,Two year,Yes,Mailed check,26.62,261.48,No
0490-QISAL,Male,0,Yes,Yes,39,Yes,No,No,No internet service,No internet service,No internet service,No internet service,No internet service,No internet service,Month-to-month,Yes,Mailed check,23.36,931.99,No
3427-KTCGM,Female,0,No,No,19,Yes,No,Fiber optic,Yes,No,No,Yes,No,No,Month-to-month,Yes,Mailed check,82.13,1516.6,No
4956-VJLFO,Female,0,No,No,19,Yes,Yes,No,No internet service,No internet service,No internet service,No internet service,No internet service,No internet service,One year,Yes,Electronic check,39.94,786.33,Yes
3521-FMDCV,Male,0,No,No,0,Yes,No,DSL,No,Yes,No,Yes,Yes,No,Month-to-month,No,Credit card (automatic),70.88,,Yes
0812-TIZIA,Female,0,No,No,20,Yes,No,Fiber optic,No,Yes,No,Yes,Yes,Yes,Month-to-month,No,Bank transfer (automatic),96.4,1782.32,Yes
2615-ZQUGJ,Female,0,No,No,2,Yes,No,DSL,No,Yes,Yes,No,No,Yes,Month-to-month,Yes,Electronic check,69.91,136.09,Yes
0267-QLLES,Female,0,No,No,43,Yes,No,Fiber optic,No,No,No,Yes,Yes,Yes,One year,Yes,Mailed check,93.01,3986.34,No
1287-KMHFF,Male,0,No,Yes,30,Yes,Yes,No,No internet service,No internet service,No internet service,No internet service,No internet service,No internet service,Two year,No,Credit card (automatic),34.35,986.46,No
0345-VWCDT,Female,1,No,No,50,Yes,Yes,DSL,No,No,Yes,No,Yes,No,Two year,No,Credit card (automatic),73.1,3502.55,No
1523-NXCHL,Female,0,No,Yes,10,Yes,No,Fiber optic,Yes,No,No,No,Yes,No,Month-to-month,No,Credit card (automatic),87.68,861.44,Yes
3294-XQNJA,Female,0,Yes,No,3,Yes,Yes,Fiber optic,Yes,No,Yes,Yes,Yes,Yes,Month-to-month,Yes,Mailed check,111.21,352.2,Yes
0781-BMJUO,Male,0,No,No,0,Yes,No,No,No internet service,No internet service,No internet service,No internet service,No internet service,No internet service,Month-to-month,No,Electronic check,30.73,,Yes
0282-LAMVH,Female,0,No,Yes,18,Yes,No,DSL,No,Yes,No,Yes,No,Yes,One year,No,Bank transfer (automatic),69.72,1160.37,No
3325-FCJSK,Male,0,No,No,36,Yes,Yes,Fiber optic,Yes,Yes,Yes,No,Yes,No,Two year,No,Bank transfer (automatic),103.29,3427.68,Yes
0964-OXNRP,Female,0,Yes,No,35,Yes,Yes,No,No internet service,No internet service,No internet service,No internet service,No internet service,No internet service,Two year,Yes,Mailed check,31.45,1048.03,No
0074-YAJLG,Female,0,No,No,38,Yes,Yes,DSL,No,Yes,No,No,Yes,Yes,One year,Yes,Mailed check,79.91,3094.79,No
1116-UEGCE,Female,0,No,No,11,Yes,No,No,No internet service,No internet service,No internet service,No internet service,No internet service,No internet service,Month-to-month,No,Mailed check,23.21,241.79,No
2651-MRKSH,Male,0,Yes,Yes,12,Yes,Yes,Fiber optic,Yes,Yes,Yes,No,No,No,Month-to-month,Yes,Mailed check,91.29,1163.32,No
2206-YVHHK,Female,0,Yes,No,72,Yes,No,Fiber optic,No,No,Yes,No,Yes,No,Month-to-month,No,Bank transfer (automatic),85.3,6012.63,Yes
2612-ZBMTO,Female,0,Yes,No,27,Yes,No,DSL,No,No,No,No,Yes,Yes,Month-to-month,No,Mailed check,64.62,1636.55,Yes
3169-ERYGY,Female,0,No,Yes,0,Yes,No,No,No internet service,No internet service,No internet service,No internet service,No internet service,No internet service,Month-to-month,No,Electronic check,28.95,,Yes
3005-JVSOJ,Male,1,No,Yes,14,Yes,Yes,No,No internet service,No internet service,No internet service,No internet service,No internet service,No internet service,Month-to-month,No,Mailed check,35.37,503.08,Yes
3663-UJMDB,Female,1,No,No,4,Yes,Yes,Fiber optic,No,No,No,No,Yes,Yes,Month-to-month,Yes,Credit card (automatic),89.84,355.9,Yes
0763-STQKO,Male,1,No,No,17,Yes,No,DSL,No,No,Yes,No,No,No,One year,Yes,Mailed check,60.02,957.79,No
0294-PMSUU,Male,1,No,Yes,15,Yes,Yes,Fiber optic,No,No,No,No,Yes,Yes,Month-to-month,Yes,Bank transfer (automatic),100.95,1506.36,Yes
0240-VTNSZ,Male,1,No,No,70,Yes,Yes,Fiber optic,Yes,Yes,No,Yes,No,Yes,Two year,No,Bank transfer (automatic),101.81,6554.57,No
4847-JXFTP,Male,0,No,Yes,2,Yes,Yes,Fiber optic,No,No,No,No,No,No,Month-to-month,Yes,Electronic check,74.54,231.45,Yes
1639-XQWSW,Female,0,No,No,5,Yes,Yes,Fiber optic,Yes,Yes,Yes,Yes,No,Yes,Month-to-month,Yes,Mailed check,105.78,562.71,Yes
3215-OBNAS,Male,0,Yes,No,47,No,No phone service,Fiber optic,No,No,Yes,Yes,No,No,One year,Yes,Electronic check,70.81,3180.65,No
0442-EXJQZ,Female,0,Yes,Yes,52,Yes,No,Fiber optic,No,No,No,No,Yes,No,Two year,Yes,Electronic check,81.09,3864.24,No
3319-WBRAM,Female,1,Yes,Yes,4,Yes,No,No,No internet service,No internet service,No internet service,No internet service,No internet service,No internet service,Month-to-month,No,Electronic check,28.06,110.83,No
5257-XUEYE,Female,0,No,Yes,69,Yes,No,Fiber optic,Yes,No,No,No,No,No,Month-to-month,Yes,Mailed check,79.7,5544.51,No
0957-KIVPL,Male,0,Yes,No,2,Yes,No,No,No internet service,No internet service,No internet service,No internet service,No internet service,No internet service,Month-to-month,Yes,Electronic check,26.97,34.71,Yes
4018-IZWJR,Male,0,No,No,68,Yes,No,DSL,No,Yes,No,Yes,No,No,Two year,Yes,Credit card (automatic),59.09,3734.25,No
3613-MPHVY,Female,0,No,Yes,4,Yes,Yes,No,No internet service,No internet service,No internet service,No internet service,No internet service,No internet service,Month-to-month,No,Bank transfer (automatic),34.18,183.16,Yes
4638-SKXVU,Female,0,Yes,Yes,14,Yes,Yes,No,No internet service,No internet service,No internet service,No internet service,No internet service,No internet service,Month-to-month,No,Electronic check,30.78,429.0,No
0816-NWTXC,Female,0,No,No,30,Yes,No,Fiber optic,No,Yes,No,Yes,Yes,No,Month-to-month,Yes,Bank transfer (automatic),91.79,2737.0,No
4311-TYIFU,Female,1,No,No,17,Yes,No,DSL,No,Yes,No,Yes,Yes,No,Month-to-month,Yes,Bank transfer (automatic),70.03,1083.79,Yes
1693-WMUSD,Female,0,No,Yes,7,Yes,Yes,No,No internet service,No internet service,No internet service,No internet service,No internet service,No internet service,Month-to-month,Yes,Bank transfer (automatic),29.18,175.39,No
1232-JFLAT,Female,0,No,No,48,Yes,No,Fiber optic,No,Yes,Yes,Yes,Yes,No,One year,No,Electronic check,94.81,4411.34,No
1895-XMWBK,Female,0,No,No,61,Yes,No,DSL,Yes,Yes,Yes,No,No,No,One year,Yes,Mailed check,72.83,4326.58,No
0769-DLZWH,Female,1,Yes,Yes,72,Yes,No,Fiber optic,No,Yes,No,No,No,No,Two year,Yes,Bank transfer (automatic),75.69,5119.03,No
1418-WUXUB,Male,0,No,No,20,Yes,No,Fiber optic,Yes,No,Yes,Yes,Yes,Yes,Month-to-month,Yes,Credit card (automatic),104.57,2007.66,Yes
2392-ZLXCW,Male,0,Yes,No,15,No,No phone service,DSL,No,Yes,Yes,Yes,Yes,No,Month-to-month,No,Electronic check,65.9,854.37,Yes
1697-SIMSK,Female,0,No,No,67,Yes,No,Fiber optic,No,No,Yes,Yes,No,Yes,Two year,Yes,Electronic check,92.14,5710.68,No
3032-VGMZI,Female,0,Yes,No,64,Yes,No,DSL,No,Yes,Yes,No,Yes,No,One year,Yes,Mailed check,67.59,4258.35,No
3423-GHDNG,Male,0,No,Yes,34,Yes,Yes,Fiber optic,Yes,No,No,No,No,No,Month-to-month,Yes,Mailed check,83.17,2816.55,No
1616-MSAWN,Female,0,Yes,No,62,Yes,Yes,No,No internet service,No internet service,No internet service,No internet service,No internet service,No internet service,Two year,Yes,Bank transfer (automatic),33.14,1879.61,No
1214-DRTWL,Male,0,Yes,No,33,Yes,No,Fiber optic,No,Yes,No,No,Yes,No,One year,Yes,Bank transfer (automatic),84.97,2847.38,Yes
3277-OUBML,Female,0,Yes,Yes,52,No,No phone service,Fiber optic,No,Yes,Yes,No,No,Yes,One year,Yes,Mailed check,78.32,4007.54,No
1255-PEDWK,Female,0,No,No,33,Yes,Yes,DSL,No,No,Yes,Yes,Yes,Yes,Month-to-month,Yes,Credit card (automatic),82.89,2834.36,No
4843-UVDKM,Male,0,No,No,33,Yes,Yes,Fiber optic,No,Yes,No,Yes,No,No,Two year,No,Electronic check,90.03,2672.03,No
3137-VXTBR,Female,0,Yes,No,72,Yes,Yes,DSL,Yes,No,Yes,No,Yes,Yes,One year,Yes,Bank transfer (automatic),81.93,5691.7,No
3480-DGFRP,Female,0,Yes,No,18,Yes,Yes,Fiber optic,No,No,No,No,Yes,Yes,Month-to-month,Yes,Bank transfer (automatic),95.8,1699.37,Yes
1057-JNKJW,Male,0,No,Yes,1,Yes,No,Fiber optic,No,No,Yes,No,Yes,Yes,Month-to-month,Yes,Mailed check,95.31,58.06,No
3893-VGYCP,Female,0,No,No,17,Yes,No,DSL,Yes,Yes,Yes,No,No,No,Month-to-month,No,Credit card (automatic),67.03,1140.44,Yes
3095-QFTTM,Female,1,No,Yes,25,No,No phone service,No,No internet service,No internet service,No internet service,No internet service,No internet service,No internet service,Two year,Yes,Credit card (automatic),21.87,522.81,No
2547-FLXLA,Female,0,No,No,21,Yes,No,DSL,Yes,No,No,Yes,Yes,No,One year,Yes,Mailed check,72.67,1472.89,No
0560-VOPRH,Female,1,No,No,23,Yes,No,Fiber optic,Yes,Yes,Yes,No,Yes,Yes,One year,No,Electronic check,102.55,2443.17,No
1367-DNTAG,Female,0,No,No,27,Yes,No,DSL,No,No,Yes,No,Yes,No,Month-to-month,Yes,Bank transfer (automatic),67.14,1819.16,Yes
3879-ZGKDJ,Male,0,Yes,Yes,8,Yes,Yes,Fiber optic,Yes,No,Yes,No,No,Yes,Month-to-month,Yes,Electronic check,95.75,622.48,No
3465-CWBZM,Male,0,Yes,No,70,Yes,Yes,No,No internet service,No internet service,No internet service,No internet service,No internet service,No internet service,Two year,Yes,Electronic check,34.15,2205.5,No
5090-DWXUY,Female,0,No,Yes,41,Yes,No,DSL,No,Yes,No,Yes,Yes,Yes,Month-to-month,No,Credit card (automatic),78.21,3372.34,No
1782-URWGR,Female,0,No,No,26,Yes,Yes,Fiber optic,No,Yes,No,No,No,No,Month-to-month,Yes,Bank transfer (automatic),84.39,2244.3,Yes
1152-SGZRZ,Female,0,No,No,66,Yes,No,Fiber optic,Yes,No,Yes,No,Yes,No,Two year,No,Mailed check,89.31,5382.52,No
4823-PGAEW,Female,0,No,No,62,Yes,Yes,DSL,Yes,Yes,No,No,No,No,Two year,No,Credit card (automatic),69.39,3950.44,No
4050-NRYWE,Male,1,No,No,50,Yes,Yes,No,No internet service,No internet service,No internet service,No internet service,No internet service,No internet service,Two year,Yes,Credit card (automatic),38.37,1815.41,No
0495-JTYHB,Male,0,No,No,7,Yes,No,Fiber optic,No,No,No,No,Yes,Yes,Month-to-month,Yes,Electronic check,93.81,583.85,No
5016-KRVKD,Male,0,Yes,No,9,Yes,No,DSL,No,No,No,No,No,Yes,Month-to-month,Yes,Mailed check,58.72,509.13,Yes
0008-MWBVW,Female,0,Yes,No,21,Yes,No,No,No internet service,No internet service,No internet service,No internet service,No internet service,No internet service,Month-to-month,Yes,Electronic check,30.69,631.35,Yes
4906-LRTAY,Female,1,Yes,Yes,68,Yes,No,Fiber optic,Yes,No,No,No,No,No,Two year,Yes,Mailed check,71.77,4504.36,No
0565-DUQJZ,Female,0,Yes,Yes,6,Yes,No,Fiber optic,Yes,No,Yes,Yes,Yes,No,Month-to-month,No,Credit card (automatic),94.67,557.35,Yes
3106-SLRSA,Male,0,No,No,5,Yes,No,Fiber optic,No,Yes,No,Yes,Yes,No,Month-to-month,Yes,Bank transfer (automatic),91.19,527.35,Yes
1038-NMACB,Female,1,No,No,56,Yes,No,Fiber optic,No,Yes,No,No,No,Yes,Two year,Yes,Mailed check,87.2,4552.87,No
3125-JZIEU,Female,0,Yes,No,3,No,No phone service,DSL,Yes,No,No,Yes,Yes,No,Month-to-month,Yes,Electronic check,67.36,251.65,Yes
0534-LTJPJ,Male,1,No,No,13,Yes,Yes,Fiber optic,Yes,Yes,Yes,Yes,Yes,Yes,Month-to-month,Yes,Bank transfer (automatic),113.93,1522.34,Yes
4471-YAYVD,Female,0,No,No,7,Yes,Yes,Fiber optic,Yes,Yes,Yes,No,Yes,Yes,Month-to-month,Yes,Credit card (automatic),114.2,823.15,Yes
3233-EEIUH,Male,0,Yes,Yes,20,Yes,Yes,No,No internet service,No internet service,No internet service,No internet service,No internet service,No internet service,One year,No,Mailed check,35.06,692.4,No
4405-FXYFF,Male,0,Yes,No,25,Yes,No,DSL,No,Yes,Yes,No,Yes,No,Month-to-month,No,Mailed check,71.04,1752.61,Yes
3602-UCDSS,Female,0,No,No,35,Yes,Yes,Fiber optic,No,No,No,No,Yes,Yes,Month-to-month,Yes,Mailed check,92.68,3251.86,No
0498-QSGZI,Male,0,Yes,No,17,No,No phone service,Fiber optic,No,No,No,No,Yes,No,Two year,No,Credit card (automatic),73.07,1205.88,Yes
3848-SQREG,Female,0,Yes,No,0,Yes,Yes,DSL,Yes,Yes,No,No,Yes,Yes,Month-to-month,Yes,Mailed check,86.67,,Yes
0387-HRYMR,Male,0,No,No,21,Yes,Yes,No,No internet service,No internet service,No internet service,No internet service,No internet service,No internet service,One year,No,Electronic check,35.76,726.55,No
2897-SFWYU,Male,0,Yes,Yes,27,Yes,No,Fiber optic,No,No,No,No,No,Yes,Month-to-month,No,Mailed check,75.16,2059.93,Yes
4615-HUKDH,Female,1,No,No,21,Yes,No,Fiber optic,No,Yes,Yes,Yes,No,Yes,Month-to-month,No,Electronic check,95.55,1872.42,Yes
0947-KMOCL,Female,0,Yes,No,0,No,No phone service,DSL,Yes,Yes,No,No,Yes,No,Month-to-month,Yes,Bank transfer (automatic),60.25,,No
4096-BNOUH,Female,0,Yes,No,21,Yes,No,Fiber optic,No,No,No,No,No,No,Month-to-month,Yes,Bank transfer (automatic),74.5,1504.15,Yes
5138-IFUWQ,Male,0,Yes,No,0,Yes,No,Fiber optic,No,No,Yes,No,No,Yes,Month-to-month,Yes,Credit card (automatic),82.95,,No
2754-RSTRC,Female,0,Yes,No,71,Yes,Yes,Fiber optic,No,Yes,Yes,No,Yes,Yes,Month-to-month,No,Credit card (automatic),101.51,7156.65,No
1202-VGWXW,Male,0,Yes,No,54,Yes,No,Fiber optic,No,No,No,No,No,Yes,Two year,No,Credit card (automatic),74.11,3603.93,No
1540-ELGCE,Female,0,Yes,No,27,Yes,Yes,DSL,No,No,No,No,No,No,Two year,Yes,Mailed check,57.62,1493.93,No
2418-NLDBD,Male,0,Yes,No,61,Yes,No,DSL,Yes,Yes,Yes,No,Yes,No,Two year,No,Electronic check,78.58,4378.27,No
4183-AZJCS,Female,1,Yes,No,9,Yes,Yes,DSL,No,No,No,No,No,No,One year,Yes,Electronic check,56.45,511.45,No
5139-WMFRK,Male,0,No,No,2,Yes,No,DSL,No,Yes,No,Yes,Yes,No,Month-to-month,Yes,Bank transfer (automatic),66.61,147.62,Yes
0651-PZNUX,Male,0,No,No,19,Yes,Yes,Fiber optic,No,No,No,Yes,No,Yes,Month-to-month,Yes,Credit card (automatic),89.2,1690.5,Yes
3895-JOIOA,Female,0,No,Yes,37,Yes,No,Fiber optic,No,No,Yes,No,No,Yes,Two year,Yes,Mailed check,87.3,3115.9,No
4238-OHLWF,Female,0,Yes,No,40,Yes,Yes,Fiber optic,No,Yes,No,No,Yes,Yes,Month-to-month,No,Credit card (automatic),102.06,4172.17,No
2228-DQOUR,Female,0,No,Yes,1,Yes,No,No,No internet service,No internet service,No internet service,No internet service,No internet service,No internet service,Month-to-month,Yes,Electronic check,29.19,24.3,Yes
0514-WGNIF,Male,1,Yes,Yes,25,Yes,No,No,No internet service,No internet service,No internet service,No internet service,No internet service,No internet service,Two year,No,Credit card (automatic),26.67,601.69,No
1052-GTBSM,Male,0,Yes,Yes,14,No,No phone service,Fiber optic,Yes,Yes,Yes,No,No,Yes,Month-to-month,Yes,Bank transfer (automatic),87.56,1243.76,Yes
4798-SXTHT,Male,0,Yes,No,5,Yes,Yes,Fiber optic,No,No,No,No,Yes,No,Month-to-month,Yes,Electronic check,88.73,457.17,Yes
3390-DSGTO,Female,0,No,Yes,19,Yes,Yes,Fiber optic,Yes,No,No,Yes,No,Yes,Two year,No,Electronic check,96.33,1708.54,No
1528-XZVKV,Male,0,Yes,No,41,Yes,No,Fiber optic,Yes,No,No,Yes,Yes,Yes,One year,Yes,Electronic check,101.34,4178.18,No
0377-BCFQS,Female,0,Yes,Yes,20,Yes,Yes,Fiber optic,No,No,No,No,No,No,Month-to-month,No,Electronic check,78.29,1581.75,Yes
4715-IORKB,Female,0,Yes,No,10,Yes,Yes,No,No internet service,No internet service,No internet service,No internet service,No internet service,No internet service,Month-to-month,Yes,Credit card (automatic),31.15,318.77,No
4350-STROL,Female,0,No,No,3,Yes,Yes,Fiber optic,No,No,Yes,No,Yes,Yes,Month-to-month,Yes,Mailed check,100.66,378.19,Yes
1182-VTVHE,Male,0,No,Yes,68,No,No phone service,No,No internet service,No internet service,No internet service,No internet service,No internet service,No internet service,Two year,No,Mailed check,18.0,1152.75,No
1884-OOTVP,Female,0,Yes,No,15,Yes,Yes,No,No internet service,No internet service,No internet service,No internet service,No internet service,No internet service,Month-to-month,Yes,Credit card (automatic),30.42,482.73,No
0594-KWRPI,Male,0,Yes,No,67,Yes,No,Fiber optic,No,Yes,No,Yes,Yes,Yes,Two year,Yes,Mailed check,98.15,6161.55,No
0845-MVWIG,Male,1,Yes,Yes,38,Yes,Yes,DSL,No,Yes,Yes,Yes,No,No,One year,Yes,Bank transfer (automatic),75.72,2840.05,No
1750-HVHRS,Female,0,Yes,Yes,12,Yes,Yes,DSL,No,No,Yes,Yes,Yes,No,Month-to-month,Yes,Electronic check,78.16,886.71,Yes
3464-QCCWC,Female,1,Yes,No,55,Yes,No,Fiber optic,Yes,Yes,Yes,No,Yes,Yes,Two year,Yes,Electronic check,108.39,5458.5,No
1447-YPPCT,Female,1,No,Yes,7,Yes,Yes,Fiber optic,No,No,No,No,No,Yes,Month-to-month,No,Mailed check,87.19,794.57,Yes
1969-KOURL,Female,0,Yes,No,1,Yes,No,No,No internet service,No internet service,No internet service,No internet service,No internet service,No internet service,Month-to-month,Yes,Mailed check,23.78,14.27,Yes
3523-EWHDV,Male,0,Yes,No,10,No,No phone service,Fiber optic,Yes,No,Yes,No,Yes,No,Month-to-month,No,Credit card (automatic),84.99,979.37,Yes
0764-LYNCC,Female,0,No,No,67,Yes,No,Fiber optic,Yes,Yes,No,No,No,Yes,Two year,Yes,Mailed check,87.68,5550.09,No
2294-GAQTD,Female,0,No,Yes,32,No,No phone service,Fiber optic,No,Yes,No,No,Yes,No,Two year,No,Credit card (automatic),73.98,2176.68,No
5020-FOVQI,Female,1,Yes,No,2,Yes,No,No,No internet service,No internet service,No internet service,No internet service,No internet service,No internet service,Month-to-month,No,Credit card (automatic),20.29,39.25,No
5200-RFCQS,Female,0,No,No,12,Yes,Yes,DSL,Yes,Yes,No,No,Yes,No,Month-to-month,Yes,Credit card (automatic),78.49,818.73,Yes
2525-FQZPL,Female,0,No,No,71,Yes,No,DSL,No,Yes,No,No,No,No,Two year,No,Credit card (automatic),57.17,3790.71,No
4692-FULAL,Male,0,Yes,No,38,Yes,No,Fiber optic,No,No,No,No,Yes,No,One year,No,Bank transfer (automatic),69.54,2485.79,Yes
3068-LRFGX,Female,0,No,No,44,Yes,No,Fiber optic,No,No,Yes,Yes,Yes,No,Two year,No,Credit card (automatic),93.26,3875.87,No
0728-HDWAG,Female,0,No,No,51,Yes,Yes,DSL,Yes,No,No,No,Yes,Yes,Two year,No,Bank transfer (automatic),84.7,4011.0,No
5177-RPOGQ,Male,0,No,No,55,Yes,No,DSL,No,No,Yes,No,Yes,Yes,One year,No,Electronic check,74.63,4123.46,Yes
2138-QTGAY,Male,0,Yes,No,72,No,No phone service,Fiber optic,Yes,No,Yes,No,No,No,One year,Yes,Credit card (automatic),72.86,5048.7,Yes
0535-JUFIK,Female,0,No,No,33,Yes,No,No,No internet service,No internet service,No internet service,No internet service,No internet service,No internet service,Two year,No,Mailed check,26.23,796.8,No
3078-JJWFE,Male,0,No,Yes,46,Yes,Yes,DSL,No,Yes,No,No,No,No,Two year,Yes,Electronic check,64.08,2784.6,No
0156-HCLZW,Female,0,No,No,3,Yes,Yes,Fiber optic,Yes,No,Yes,No,Yes,Yes,Month-to-month,Yes,Credit card (automatic),102.37,245.46,Yes
0577-GBDKV,Female,0,No,No,25,Yes,Yes,Fiber optic,No,No,No,No,Yes,No,Month-to-month,No,Credit card (automatic),87.57,2229.1,Yes
3836-XZIVO,Female,0,No,No,38,Yes,No,Fiber optic,No,Yes,No,No,Yes,No,Month-to-month,Yes,Electronic check,85.8,3240.59,Yes
0655-ZRKCA,Male,0,Yes,No,18,Yes,No,DSL,No,Yes,Yes,No,No,No,One year,No,Bank transfer (automatic),59.41,1044.45,No
4069-YOQLQ,Female,0,No,Yes,63,Yes,Yes,Fiber optic,No,Yes,No,No,No,No,Month-to-month,Yes,Credit card (automatic),88.71,5563.13,No
2059-PLQJG,Male,0,No,No,17,Yes,Yes,Fiber optic,Yes,Yes,Yes,No,No,Yes,Month-to-month,No,Bank transfer (automatic),102.48,1723.71,Yes
5293-ZQFKH,Female,1,Yes,No,0,Yes,Yes,Fiber optic,No,Yes,Yes,No,No,Yes,Month-to-month,Yes,Bank transfer (automatic),97.02,,Yes
5271-YIZPH,Male,0,Yes,No,4,No,No phone service,DSL,No,No,Yes,Yes,Yes,No,Month-to-month,Yes,Mailed check,65.17,282.75,Yes
4357-QRGZQ,Female,0,Yes,No,62,No,No phone service,No,No internet service,No internet service,No internet service,No internet service,No internet service,No internet service,One year,Yes,Bank transfer (automatic),18.0,1071.79,No
4949-JYDLB,Male,0,No,No,30,Yes,No,DSL,No,No,Yes,No,Yes,Yes,Month-to-month,Yes,Bank transfer (automatic),72.95,2239.61,Yes
1283-VDQGA,Female,0,No,No,17,Yes,No,DSL,Yes,Yes,No,Yes,Yes,Yes,Month-to-month,Yes,Mailed check,80.98,1197.25,No
0718-DIWYK,Female,0,Yes,No,7,No,No phone service,Fiber optic,Yes,Yes,Yes,No,Yes,No,Month-to-month,Yes,Mailed check,91.22,631.89,Yes
1634-RXFYN,Male,0,No,Yes,36,Yes,No,Fiber optic,Yes,No,No,No,Yes,No,Two year,Yes,Bank transfer (automatic),86.65,2977.21,No
1463-ROJCG,Female,0,No,Yes,20,No,No phone service,No,No internet service,No internet service,No internet service,No internet service,No internet service,No internet service,One year,No,Electronic check,19.7,375.1,No
4845-MYQGR,Female,0,Yes,No,21,Yes,No,Fiber optic,No,No,No,Yes,No,Yes,Two year,Yes,Electronic check,83.26,1645.94,Yes
1699-EZGJL,Male,0,No,No,33,No,No phone service,Fiber optic,No,Yes,No,No,No,No,One year,Yes,Bank transfer (automatic),69.99,2265.99,No
0711-TIXBH,Male,1,Yes,No,19,Yes,Yes,DSL,Yes,No,Yes,No,No,Yes,One year,Yes,Credit card (automatic),82.39,1527.17,No
0293-YZZWW,Female,1,Yes,Yes,43,Yes,No,DSL,Yes,No,No,Yes,No,Yes,Month-to-month,No,Electronic check,71.86,3070.82,No
0625-LLUQJ,Male,1,Yes,No,33,No,No phone service,DSL,No,No,Yes,No,No,Yes,Two year,Yes,Electronic check,52.75,1688.28,No
5100-BIYZT,Female,0,No,No,3,Yes,Yes,DSL,No,No,No,Yes,Yes,Yes,Month-to-month,Yes,Credit card (automatic),80.63,229.7,Yes
2226-ZEWVX,Male,0,No,No,54,Yes,Yes,Fiber optic,No,No,Yes,No,No,Yes,One year,No,Bank transfer (automatic),87.39,4713.07,No
3834-EJSTN,Female,1,No,Yes,19,Yes,No,No,No internet service,No internet service,No internet service,No internet service,No internet service,No internet service,Two year,No,Mailed check,27.58,505.73,No
4156-ZPMKY,Male,0,Yes,No,24,Yes,No,DSL,Yes,No,No,Yes,Yes,Yes,Month-to-month,Yes,Electronic check,80.11,1923.52,No
0481-SWMEK,Male,0,No,No,18,Yes,Yes,Fiber optic,No,Yes,Yes,No,No,No,Month-to-month,Yes,Mailed check,86.96,1529.42,Yes
4174-DIDSL,Male,0,No,No,35,Yes,Yes,Fiber optic,No,No,No,No,Yes,No,One year,Yes,Mailed check,81.53,2803.93,No
2459-YBQPL,Female,0,No,Yes,23,Yes,Yes,No,No internet service,No internet service,No internet service,No internet service,No internet service,No internet service,One year,No,Electronic check,36.59,855.96,No
2877-MICAP,Male,1,Yes,Yes,53,Yes,No,Fiber optic,No,No,No,No,No,Yes,Two year,Yes,Electronic check,77.18,3821.58,No
2911-UTNHK,Male,0,No,No,42,Yes,Yes,No,No internet service,No internet service,No internet service,No internet service,No internet service,No internet service,Two year,Yes,Bank transfer (automatic),31.09,1164.74,No
0157-EXPWN,Male,0,Yes,Yes,29,Yes,Yes,Fiber optic,No,No,Yes,No,Yes,Yes,One year,Yes,Credit card (automatic),101.06,2782.17,No
3058-XBAWK,Male,0,No,No,6,Yes,Yes,DSL,No,Yes,Yes,No,Yes,No,Month-to-month,No,Credit card (automatic),75.71,406.81,Yes
4369-KCRNE,Male,0,No,No,5,Yes,Yes,No,No internet service,No internet service,No internet service,No internet service,No internet service,No internet service,Month-to-month,No,Mailed check,33.41,177.73,No
0961-EMNAN,Male,0,Yes,No,50,Yes,No,DSL,Yes,Yes,Yes,No,Yes,No,Two year,No,Bank transfer (automatic),73.61,3479.05,No
2162-QVIKU,Female,1,Yes,Yes,44,Yes,No,Fiber optic,No,No,Yes,No,No,No,Two year,Yes,Mailed check,75.56,3126.46,No
2503-QPIVE,Female,0,No,No,47,Yes,Yes,DSL,No,Yes,Yes,No,Yes,No,Two year,Yes,Credit card (automatic),71.46,3267.85,No
2419-TLPZD,Male,0,No,Yes,3,Yes,No,No,No internet service,No internet service,No internet service,No internet service,No internet service,No internet service,Month-to-month,No,Bank transfer (automatic),21.25,51.94,Yes
4079-SWXLM,Female,0,Yes,Yes,26,Yes,Yes,Fiber optic,No,No,Yes,No,No,No,One year,Yes,Credit card (automatic),85.93,2166.75,No
0543-ZFZEA,Male,0,Yes,No,25,Yes,Yes,Fiber optic,Yes,No,Yes,Yes,Yes,Yes,Month-to-month,Yes,Mailed check,112.36,2960.15,Yes
1731-ADQEV,Female,0,No,No,14,No,No phone service,Fiber optic,No,Yes,Yes,Yes,No,Yes,Month-to-month,Yes,Mailed check,93.01,1363.65,Yes
2102-UWILU,Male,1,Yes,Yes,0,No,No phone service,Fiber optic,No,Yes,Yes,Yes,No,Yes,Month-to-month,No,Electronic check,87.46,,Yes
4061-BYPQG,Female,0,No,Yes,38,Yes,Yes,DSL,No,Yes,No,No,No,No,Two year,Yes,Electronic check,64.32,2268.92,No
2034-QXBIX,Male,1,No,Yes,31,Yes,No,No,No internet service,No internet service,No internet service,No internet service,No internet service,No internet service,Month-to-month,Yes,Credit card (automatic),29.23,900.73,No
4875-YHOTF,Female,0,Yes,No,42,Yes,Yes,Fiber optic,No,No,No,No,Yes,Yes,Two year,No,Electronic check,93.07,3602.97,Yes
0510-AHOOW,Male,0,No,Yes,6,Yes,Yes,DSL,No,Yes,No,No,Yes,Yes,Month-to-month,No,Mailed check,77.52,400.37,No
2383-EXMIO,Male,0,No,No,13,No,No phone service,Fiber optic,Yes,No,Yes,Yes,Yes,No,One year,Yes,Mailed check,88.72,1117.06,No
3136-NFHWM,Male,1,No,No,34,Yes,No,Fiber optic,No,No,No,No,No,No,One year,Yes,Mailed check,70.11,2163.98,Yes
3196-FTCLI,Female,0,Yes,No,9,Yes,No,No,No internet service,No internet service,No internet service,No internet service,No internet service,No internet service,Month-to-month,Yes,Credit card (automatic),26.77,213.38,No
3939-EUGAC,Female,0,Yes,Yes,11,Yes,Yes,No,No internet service,No internet service,No internet service,No internet service,No internet service,No internet service,Month-to-month,Yes,Credit card (automatic),31.38,339.74,No
2351-XVDSH,Male,0,Yes,No,29,Yes,Yes,DSL,No,Yes,No,No,No,Yes,Month-to-month,Yes,Electronic check,65.6,1919.28,No
4017-VQUYM,Female,0,Yes,Yes,11,Yes,No,Fiber optic,No,No,No,No,No,No,Month-to-month,Yes,Bank transfer (automatic),70.0,812.53,Yes
4947-GZGOB,Male,0,Yes,No,48,No,No phone service,DSL,No,No,Yes,No,Yes,No,Two year,Yes,Credit card (automatic),59.16,2656.15,No
2405-FGKCF,Male,0,Yes,No,27,Yes,Yes,No,No internet service,No internet service,No internet service,No internet service,No internet service,No internet service,Month-to-month,Yes,Bank transfer (automatic),28.97,773.14,No
3405-IQTCI,Male,0,Yes,No,50,Yes,Yes,No,No internet service,No internet service,No internet service,No internet service,No internet service,No internet service,Two year,No,Mailed check,32.08,1501.88,No
1461-HQUQS,Male,0,Yes,No,4,Yes,Yes,Fiber optic,No,No,Yes,Yes,No,Yes,Month-to-month,Yes,Bank transfer (automatic),94.4,346.2,Yes
4122-SARLZ,Male,0,No,No,35,Yes,No,Fiber optic,No,No,Yes,No,Yes,Yes,Two year,Yes,Credit card (automatic),95.32,3106.92,Yes
0028-DBUPV,Female,0,Yes,No,64,Yes,Yes,No,No internet service,No internet service,No internet service,No internet service,No internet service,No internet service,One year,Yes,Credit card (automatic),32.98,2059.73,No
0683-XSROJ,Female,0,Yes,No,52,Yes,No,No,No internet service,No internet service,No internet service,No internet service,No internet service,No internet service,Two year,No,Bank transfer (automatic),28.92,1417.24,No
0394-WFYAU,Male,0,Yes,No,56,Yes,Yes,DSL,No,No,No,No,Yes,Yes,Two year,No,Electronic check,73.36,3821.49,No
0051-ZSKPY,Male,0,No,No,55,Yes,No,DSL,Yes,No,Yes,No,No,No,Two year,No,Electronic check,55.2,2802.31,No
1269-MUBNT,Male,1,Yes,Yes,9,Yes,Yes,DSL,No,No,Yes,No,No,No,Month-to-month,Yes,Bank transfer (automatic),63.98,632.98,No
1924-CLESC,Male,0,No,No,3,Yes,No,Fiber optic,No,Yes,No,No,No,Yes,Month-to-month,No,Credit card (automatic),82.71,231.74,Yes
1553-JWMLA,Male,0,Yes,No,3,Yes,No,Fiber optic,Yes,No,No,No,Yes,Yes,Month-to-month,Yes,Credit card (automatic),93.39,309.1,Yes
3238-TISOV,Male,0,No,Yes,5,Yes,Yes,DSL,No,No,Yes,Yes,Yes,No,Month-to-month,Yes,Bank transfer (automatic),73.08,406.15,Yes
2622-PTEOA,Female,0,Yes,Yes,56,Yes,No,Fiber optic,No,No,No,Yes,No,No,One year,Yes,Credit card (automatic),74.48,4089.49,No
1751-ZOBXB,Male,0,No,No,41,Yes,Yes,DSL,Yes,No,Yes,No,Yes,Yes,Month-to-month,Yes,Electronic check,85.53,3619.38,No
3714-KSTNN,Female,0,Yes,No,11,No,No phone service,Fiber optic,Yes,Yes,Yes,Yes,Yes,No,Month-to-month,Yes,Credit card (automatic),87.13,1033.31,No
0782-WDMOI,Female,0,Yes,No,40,Yes,Yes,DSL,Yes,Yes,Yes,No,No,Yes,Month-to-month,No,Electronic check,83.18,3206.31,No
4923-DUQCB,Female,0,Yes,No,0,Yes,Yes,Fiber optic,No,Yes,No,No,Yes,Yes,Month-to-month,Yes,Credit card (automatic),104.36,,Yes
2653-QVROL,Male,0,Yes,No,23,Yes,No,DSL,No,Yes,Yes,No,No,Yes,Month-to-month,No,Electronic check,64.57,1453.8,No
3898-LPNEI,Male,0,No,No,19,Yes,No,Fiber optic,No,No,Yes,No,No,Yes,Two year,Yes,Mailed check,82.62,1455.29,Yes
2555-ZJSIJ,Female,1,Yes,No,70,Yes,Yes,No,No internet service,No internet service,No internet service,No internet service,No internet service,No internet service,One year,No,Mailed check,31.42,2096.5,No
3992-BTLAC,Male,0,No,No,16,Yes,No,No,No internet service,No internet service,No internet service,No internet service,No internet service,No internet service,Month-to-month,No,Mailed check,19.36,330.53,No
4625-BNAXV,Male,1,No,Yes,13,Yes,Yes,Fiber optic,Yes,No,No,No,Yes,No,Month-to-month,No,Electronic check,92.06,1312.92,Yes
4340-NAQTQ,Female,0,Yes,No,2,Yes,Yes,DSL,Yes,Yes,Yes,No,No,No,Month-to-month,Yes,Credit card (automatic),73.9,151.99,Yes
2234-QUVIE,Female,0,Yes,No,5,No,No phone service,No,No internet service,No internet service,No internet service,No internet service,No internet service,No internet service,Month-to-month,Yes,Mailed check,18.0,83.88,Yes
2354-WTZQH,Male,0,No,Yes,5,Yes,Yes,DSL,Yes,No,Yes,No,No,Yes,Month-to-month,No,Bank transfer (automatic),74.86,275.96,Yes
5208-LZAIR,Female,0,Yes,No,67,Yes,Yes,DSL,No,Yes,No,No,No,Yes,One year,Yes,Electronic check,67.92,4454.81,No
2675-FOJPI,Female,0,Yes,No,40,No,No phone service,DSL,Yes,Yes,No,No,No,Yes,One year,No,Bank transfer (automatic),61.55,2461.76,No
5281-ONNIH,Male,0,Yes,Yes,63,Yes,Yes,Fiber optic,No,Yes,No,No,Yes,Yes,Two year,Yes,Electronic check,99.33,5783.44,No
4360-DJHYL,Male,0,No,No,5,Yes,Yes,Fiber optic,Yes,Yes,No,Yes,No,Yes,Month-to-month,Yes,Electronic check,102.02,592.17,Yes
3686-BYITW,Female,0,Yes,Yes,64,Yes,Yes,DSL,No,Yes,No,No,Yes,No,One year,No,Mailed check,68.54,4269.81,No
2475-PPXFR,Male,0,Yes,Yes,14,Yes,Yes,No,No internet service,No internet service,No internet service,No internet service,No internet service,No internet service,Month-to-month,Yes,Electronic check,30.62,392.86,No
1982-QSRDV,Female,0,Yes,Yes,30,No,No phone service,Fiber optic,No,Yes,Yes,No,No,No,Month-to-month,No,Electronic check,73.86,2211.96,No
2500-PSNIH,Female,0,No,No,25,Yes,Yes,DSL,No,Yes,Yes,No,Yes,No,Two year,Yes,Bank transfer (automatic),79.8,1871.87,No
1439-DZJCG,Female,0,Yes,No,39,Yes,No,DSL,No,No,No,Yes,No,Yes,Month-to-month,No,Mailed check,65.57,2557.09,No
4221-GZMQQ,Female,0,No,No,0,Yes,Yes,Fiber optic,No,No,No,No,No,Yes,Month-to-month,No,Credit card (automatic),85.47,,Yes
0989-ELWVA,Female,0,No,Yes,3,Yes,Yes,DSL,Yes,Yes,Yes,No,Yes,Yes,Month-to-month,Yes,Credit card (automatic),86.11,255.99,Yes
3795-EWNEI,Male,0,No,No,0,Yes,Yes,Fiber optic,No,Yes,Yes,Yes,Yes,Yes,Month-to-month,Yes,Bank transfer (automatic),115.14,,Yes
1718-QBNVK,Female,0,Yes,No,11,Yes,Yes,No,No internet service,No internet service,No internet service,No internet service,No internet service,No internet service,One year,No,Electronic check,33.67,336.36,No
1576-JBCVL,Female,0,No,No,0,Yes,No,DSL,No,Yes,No,No,No,No,Two year,Yes,Electronic check,60.46,,Yes
2872-FAWIP,Female,0,No,No,5,Yes,No,DSL,Yes,Yes,No,No,No,No,Month-to-month,Yes,Mailed check,56.88,338.85,No
2699-FWKBN,Female,0,Yes,Yes,23,Yes,No,No,No internet service,No internet service,No internet service,No internet service,No internet service,No internet service,Month-to-month,No,Electronic check,24.77,554.27,No
4420-SGLQX,Male,0,No,No,9,Yes,No,DSL,No,No,No,Yes,Yes,No,Month-to-month,Yes,Credit card (automatic),66.41,564.25,No
1041-OSDFD,Male,0,Yes,Yes,49,Yes,No,DSL,Yes,No,No,No,No,No,One year,No,Electronic check,56.31,2689.19,No
3343-ADLAW,Male,0,No,No,1,Yes,No,DSL,Yes,No,No,Yes,No,Yes,Month-to-month,Yes,Credit card (automatic),67.4,139.66,Yes
5264-AKUGO,Female,0,Yes,No,7,Yes,Yes,No,No internet service,No internet service,No internet service,No internet service,No internet service,No internet service,Month-to-month,Yes,Electronic check,25.24,210.81,No
3406-ITUAB,Female,0,No,No,1,Yes,Yes,Fiber optic,Yes,No,Yes,Yes,Yes,No,Month-to-month,No,Bank transfer (automatic),106.03,199.69,Yes
2927-NGZOC,Male,0,No,No,28,Yes,No,DSL,No,No,No,Yes,Yes,Yes,Month-to-month,Yes,Credit card (automatic),75.42,2144.93,No
2783-QPOJD,Male,0,Yes,Yes,7,Yes,No,DSL,No,Yes,Yes,Yes,No,Yes,Month-to-month,Yes,Electronic check,78.64,357.44,Yes
3707-MAEUM,Female,0,Yes,Yes,3,Yes,Yes,No,No internet service,No internet service,No internet service,No internet service,No internet service,No internet service,Month-to-month,No,Credit card (automatic),38.04,119.66,Yes
0071-FOYSD,Female,0,No,No,37,No,No phone service,No,No internet service,No internet service,No internet service,No internet service,No internet service,No internet service,Two year,Yes,Electronic check,18.0,605.9,No
4709-AKKVQ,Female,0,Yes,Yes,72,Yes,No,DSL,No,No,Yes,Yes,No,No,Month-to-month,Yes,Mailed check,59.38,4257.46,No
1776-RAMAE,Male,0,Yes,No,35,Yes,Yes,Fiber optic,No,Yes,No,No,Yes,Yes,Month-to-month,Yes,Electronic check,101.8,3476.17,Yes
4703-WMLHG,Male,1,No,No,68,Yes,No,No,No internet service,No internet service,No internet service,No internet service,No internet service,No internet service,One year,Yes,Bank transfer (automatic),31.69,2031.68,No
1903-UFKUT,Male,0,Yes,No,11,No,No phone service,DSL,Yes,No,Yes,No,No,Yes,Month-to-month,No,Mailed check,59.44,682.71,No
0586-MTQDF,Male,0,Yes,No,17,Yes,Yes,Fiber optic,Yes,No,Yes,No,No,Yes,Two year,Yes,Electronic check,93.07,1511.63,No
3044-PDKDX,Female,0,No,Yes,53,No,No phone service,No,No internet service,No internet service,No internet service,No internet service,No internet service,No internet service,Month-to-month,Yes,Electronic check,18.0,928.62,No
4654-GEFGU,Female,0,Yes,No,46,Yes,Yes,DSL,Yes,Yes,Yes,No,No,Yes,Two year,Yes,Mailed check,81.8,3489.46,No
2633-DXEZP,Female,0,No,No,8,Yes,No,DSL,Yes,No,Yes,Yes,No,No,Month-to-month,Yes,Bank transfer (automatic),64.9,493.51,No
4351-XPYHS,Male,0,Yes,No,1,Yes,Yes,Fiber optic,Yes,Yes,No,Yes,No,Yes,Month-to-month,Yes,Mailed check,96.45,57.87,Yes
2655-KBZVY,Male,0,Yes,No,13,Yes,No,DSL,No,No,No,Yes,Yes,No,Month-to-month,Yes,Electronic check,69.18,874.76,Yes
4791-XFXYX,Female,0,No,Yes,1,Yes,No,DSL,No,Yes,No,Yes,No,No,Month-to-month,No,Credit card (automatic),57.36,59.38,No
4516-AQXMA,Male,0,Yes,No,50,Yes,No,Fiber optic,No,Yes,Yes,No,No,Yes,Month-to-month,Yes,Electronic check,87.95,4332.77,Yes
4556-DKGMH,Male,0,Yes,Yes,15,Yes,Yes,Fiber optic,No,Yes,Yes,No,Yes,Yes,Month-to-month,No,Electronic check,111.29,1613.52,Yes
1414-HAGQH,Male,0,No,No,34,Yes,Yes,DSL,Yes,No,No,No,Yes,Yes,Two year,No,Bank transfer (automatic),82.4,2510.14,No
2036-ELZSN,Male,0,Yes,Yes,34,Yes,Yes,No,No internet service,No internet service,No internet service,No internet service,No internet service,No internet service,Month-to-month,Yes,Electronic check,29.26,1017.41,No
2444-RQMTV,Male,0,No,No,14,Yes,Yes,DSL,No,Yes,No,Yes,No,No,Month-to-month,Yes,Bank transfer (automatic),66.34,938.55,Yes
2100-QSVKO,Male,0,No,No,22,Yes,No,Fiber optic,Yes,Yes,Yes,No,Yes,Yes,Month-to-month,No,Mailed check,111.17,2471.11,No
0779-URJLR,Male,1,No,No,32,Yes,No,DSL,No,Yes,Yes,No,No,No,Month-to-month,Yes,Credit card (automatic),62.75,2003.52,Yes
1484-MWCAC,Male,0,Yes,No,32,Yes,No,No,No internet service,No internet service,No internet service,No internet service,No internet service,No internet service,Two year,Yes,Electronic check,21.94,688.35,Yes
1244-DCSGL,Female,0,No,No,0,Yes,No,No,No internet service,No internet service,No internet service,No internet service,No internet service,No internet service,Month-to-month,No,Mailed check,18.88,,Yes
2790-OSAYP,Female,0,Yes,No,19,Yes,Yes,Fiber optic,No,Yes,No,No,No,Yes,Month-to-month,Yes,Electronic check,85.98,1580.07,Yes
1770-YEFMB,Female,0,No,Yes,9,Yes,No,Fiber optic,No,No,No,No,Yes,Yes,Month-to-month,Yes,Bank transfer (automatic),91.79,977.34,Yes
3882-ABOKW,Male,0,Yes,No,31,Yes,Yes,Fiber optic,Yes,Yes,No,Yes,Yes,Yes,Month-to-month,Yes,Bank transfer (automatic),107.75,3507.22,No
0201-AFCNU,Female,0,No,No,55,Yes,No,DSL,No,No,Yes,Yes,No,Yes,One year,No,Electronic check,69.96,3698.08,No
3915-ZUTAV,Female,0,Yes,No,16,Yes,No,Fiber optic,Yes,Yes,No,Yes,No,No,Two year,Yes,Electronic check,87.5,1255.57,Yes
3929-PNGRB,Female,0,No,No,7,Yes,No,No,No internet service,No internet service,No internet service,No internet service,No internet service,No internet service,Month-to-month,No,Bank transfer (automatic),19.17,147.48,No
3404-QWSWF,Male,0,Yes,Yes,28,Yes,Yes,Fiber optic,No,Yes,Yes,No,Yes,Yes,Month-to-month,Yes,Credit card (automatic),105.0,3012.0,Yes
1411-DUACE,Female,0,No,Yes,29,Yes,Yes,DSL,Yes,No,Yes,No,Yes,Yes,Month-to-month,Yes,Electronic check,92.77,2630.83,No
2033-QLWIN,Female,0,Yes,No,59,Yes,Yes,DSL,Yes,Yes,No,No,Yes,No,One year,No,Mailed check,80.16,4590.17,No
5034-EVWSK,Male,0,Yes,No,57,Yes,Yes,DSL,Yes,Yes,No,No,No,No,Month-to-month,No,Mailed check,65.78,3683.62,No
1231-NJXRV,Male,0,Yes,Yes,10,Yes,No,No,No internet service,No internet service,No internet service,No internet service,No internet service,No internet service,Month-to-month,No,Mailed check,22.08,230.62,No
4189-VMQRL,Male,1,No,No,12,Yes,No,Fiber optic,Yes,Yes,Yes,No,No,No,Month-to-month,No,Bank transfer (automatic),87.0,1043.99,Yes
1074-QJAWP,Female,0,Yes,No,2,Yes,No,Fiber optic,No,Yes,Yes,Yes,Yes,No,Month-to-month,No,Mailed check,93.02,236.1,No
0649-KZZIO,Female,0,No,No,0,Yes,Yes,No,No internet service,No internet service,No internet service,No internet service,No internet service,No internet service,Month-to-month,No,Credit card (automatic),36.77,,Yes
1281-UVXJH,Female,0,No,No,48,Yes,No,DSL,No,No,Yes,No,No,Yes,One year,No,Credit card (automatic),62.43,2946.05,No
2004-OPSBV,Female,0,Yes,Yes,26,Yes,Yes,Fiber optic,Yes,Yes,No,No,Yes,Yes,One year,No,Electronic check,102.23,2598.14,No
2995-EAXMW,Male,0,Yes,No,5,Yes,Yes,No,No internet service,No internet service,No internet service,No internet service,No internet service,No internet service,Month-to-month,No,Electronic check,28.38,119.55,No
0908-MXNBI,Male,0,Yes,No,13,Yes,No,DSL,No,No,No,No,Yes,Yes,Month-to-month,No,Bank transfer (automatic),70.11,907.13,No
1441-DGUVF,Female,0,No,No,1,Yes,No,Fiber optic,No,No,No,No,Yes,No,Month-to-month,No,Electronic check,78.95,47.37,Yes
4842-CCSBJ,Male,0,Yes,No,8,Yes,No,DSL,No,No,No,No,No,No,Month-to-month,No,Electronic check,48.87,381.28,Yes
1491-QECYC,Female,0,No,Yes,19,Yes,No,Fiber optic,Yes,No,No,No,No,No,Month-to-month,Yes,Electronic check,74.73,1431.25,Yes
2363-LLJUZ,Male,0,No,No,12,Yes,No,Fiber optic,Yes,No,Yes,No,No,No,Month-to-month,No,Mailed check,84.31,995.49,No
1703-VYTOH,Female,0,Yes,Yes,53,Yes,No,No,No internet service,No internet service,No internet service,No internet service,No internet service,No internet service,One year,Yes,Bank transfer (automatic),19.48,1012.57,No
4335-YJYIC,Female,1,No,No,2,No,No phone service,Fiber optic,Yes,Yes,Yes,Yes,Yes,No,Month-to-month,Yes,Bank transfer (automatic),87.09,282.77,Yes
0564-AMBXB,Male,0,Yes,No,20,Yes,No,Fiber optic,No,Yes,No,No,Yes,Yes,Month-to-month,Yes,Bank transfer (automatic),95.61,1893.47,Yes
0517-GRZER,Female,0,No,No,25,Yes,Yes,DSL,No,No,Yes,Yes,No,No,One year,No,Credit card (automatic),68.82,1647.02,No
1487-IBTHG,Female,1,Yes,Yes,28,Yes,No,No,No internet service,No internet service,No internet service,No internet service,No internet service,No internet service,Two year,No,Electronic check,24.26,606.2,No
3145-QCCYW,Male,0,Yes,No,24,Yes,Yes,Fiber optic,No,Yes,Yes,Yes,Yes,Yes,One year,No,Mailed check,114.29,2610.53,No
0569-ASYTO,Male,1,No,No,6,Yes,No,No,No internet service,No internet service,No internet service,No internet service,No internet service,No internet service,One year,No,Electronic check,29.43,154.29,No
0257-CBIGX,Male,0,Yes,No,10,Yes,Yes,Fiber optic,No,Yes,No,No,Yes,Yes,Month-to-month,Yes,Bank transfer (automatic),98.67,871.61,Yes
4623-YDIIV,Female,0,No,No,12,Yes,No,Fiber optic,Yes,Yes,Yes,Yes,No,Yes,Two year,No,Bank transfer (automatic),105.25,1216.35,No
1872-KMBGP,Male,0,No,Yes,12,Yes,No,No,No internet service,No internet service,No internet service,No internet service,No internet service,No internet service,Month-to-month,No,Mailed check,23.18,291.23,Yes
1847-VPWZZ,Female,0,No,No,40,Yes,No,DSL,Yes,No,No,No,No,No,Month-to-month,No,Credit card (automatic),54.0,2134.69,No
2932-FEMEU,Female,0,No,No,36,No,No phone service,Fiber optic,No,No,No,No,Yes,No,Two year,No,Mailed check,66.16,2184.55,Yes
0084-HNSLY,Male,1,Yes,Yes,1,No,No phone service,No,No internet service,No internet service,No internet service,No internet service,No internet service,No internet service,Month-to-month,No,Electronic check,18.0,14.9,No
3469-BNHSU,Female,0,Yes,No,12,Yes,No,Fiber optic,Yes,No,Yes,No,No,No,Month-to-month,No,Credit card (automatic),76.69,926.02,Yes
3549-DTAFD,Female,0,Yes,No,49,Yes,No,DSL,Yes,Yes,Yes,Yes,Yes,No,One year,No,Bank transfer (automatic),82.97,3898.51,No
2709-NLIHJ,Male,0,Yes,No,72,Yes,No,No,No internet service,No internet service,No internet service,No internet service,No internet service,No internet service,Month-to-month,Yes,Mailed check,18.3,1307.91,No
1054-XNTPC,Female,0,Yes,No,11,Yes,Yes,DSL,No,Yes,No,No,Yes,Yes,Month-to-month,No,Electronic check,77.81,818.39,Yes
1364-PONOV,Male,0,No,No,2,No,No phone service,Fiber optic,No,No,Yes,Yes,No,No,Month-to-month,Yes,Mailed check,76.58,46.56,No
0511-VVLCX,Male,0,No,No,20,Yes,No,DSL,No,No,Yes,No,No,No,Two year,Yes,Mailed check,57.13,1033.77,Yes
0623-FLDEY,Male,0,Yes,No,14,Yes,Yes,No,No internet service,No internet service,No internet service,No internet service,No internet service,No internet service,One year,No,Mailed check,29.56,435.39,No
3512-QTPAJ,Female,0,No,No,8,Yes,No,Fiber optic,No,No,Yes,No,No,No,Month-to-month,No,Electronic check,73.12,491.34,Yes
0379-MJORG,Female,0,Yes,No,8,Yes,No,Fiber optic,Yes,Yes,No,Yes,Yes,No,Month-to-month,No,Bank transfer (automatic),95.32,873.92,Yes
4250-VQNKN,Female,0,No,Yes,51,Yes,No,Fiber optic,No,No,No,Yes,No,Yes,Two year,Yes,Credit card (automatic),81.22,3864.91,No
1289-FROJM,Female,0,No,No,16,Yes,Yes,No,No internet service,No internet service,No internet service,No internet service,No internet service,No internet service,Two year,Yes,Electronic check,34.49,496.68,No
2848-QETIO,Male,0,Yes,No,8,Yes,No,DSL,No,Yes,No,No,No,No,One year,No,Credit card (automatic),52.25,441.08,No
3960-QULSE,Female,1,No,No,0,Yes,Yes,DSL,No,Yes,No,Yes,Yes,Yes,Month-to-month,No,Mailed check,84.15,,Yes
4932-UVZPL,Male,0,No,Yes,30,Yes,No,DSL,No,No,No,No,Yes,No,Two year,No,Credit card (automatic),57.29,1598.55,No
1818-UQNEH,Male,0,Yes,No,36,Yes,No,Fiber optic,No,Yes,No,No,Yes,No,One year,Yes,Electronic check,88.33,3195.25,Yes
1058-VIIUG,Female,0,No,Yes,11,Yes,Yes,Fiber optic,No,Yes,No,No,No,No,Month-to-month,Yes,Credit card (automatic),82.97,929.61,Yes
1609-PEMAP,Female,0,No,No,36,Yes,Yes,DSL,No,No,No,Yes,No,No,Two year,No,Credit card (automatic),60.28,2020.08,No
0994-LTSGU,Male,0,Yes,No,4,Yes,Yes,DSL,No,Yes,No,No,No,Yes,Month-to-month,Yes,Credit card (automatic),71.33,231.45,Yes
5234-BGBZO,Male,0,No,No,15,Yes,Yes,Fiber optic,Yes,Yes,No,No,No,Yes,One year,No,Bank transfer (automatic),104.32,1569.2,No
3527-AQFKL,Male,0,Yes,No,20,Yes,Yes,Fiber optic,Yes,No,No,No,Yes,Yes,Month-to-month,Yes,Bank transfer (automatic),102.12,2079.82,Yes
2620-IHJFR,Female,1,Yes,No,2,Yes,No,DSL,No,No,Yes,No,No,Yes,Month-to-month,Yes,Mailed check,67.08,140.48,Yes
4128-IEAAP,Female,0,No,No,39,Yes,Yes,Fiber optic,No,No,No,No,No,No,Two year,No,Credit card (automatic),80.46,2885.19,No
1372-VKKSG,Male,0,No,No,36,Yes,No,Fiber optic,No,No,No,No,No,Yes,Month-to-month,No,Electronic check,82.8,2883.56,Yes
3504-QFILK,Male,0,Yes,No,24,Yes,Yes,Fiber optic,Yes,No,Yes,No,Yes,No,Two year,Yes,Electronic check,100.87,2354.68,No
1381-BDSWR,Female,0,Yes,No,0,Yes,No,Fiber optic,No,Yes,Yes,No,Yes,Yes,Month-to-month,Yes,Mailed check,96.62,,Yes
1503-DRASF,Male,0,No,Yes,45,Yes,No,Fiber optic,No,No,No,Yes,Yes,Yes,Two year,Yes,Electronic check,98.4,3995.88,No
3987-VTLQX,Male,0,Yes,No,19,Yes,No,Fiber optic,No,Yes,Yes,Yes,No,No,Two year,Yes,Mailed check,77.13,1418.85,No
0502-PNHLV,Female,0,No,No,0,Yes,Yes,DSL,No,No,No,No,Yes,Yes,Month-to-month,Yes,Credit card (automatic),72.6,,Yes
2276-QDKAH,Male,0,No,Yes,60,Yes,Yes,DSL,Yes,No,Yes,No,No,No,Two year,Yes,Electronic check,69.09,3817.39,No
3171-UPDMJ,Female,0,Yes,No,59,Yes,Yes,Fiber optic,Yes,Yes,No,No,No,Yes,Two year,No,Electronic check,103.46,5607.83,Yes
1088-FLLHJ,Female,0,No,No,17,Yes,No,DSL,Yes,Yes,Yes,Yes,Yes,Yes,Month-to-month,No,Credit card (automatic),94.15,1661.84,No
1546-GFNQG,Male,0,No,Yes,15,Yes,Yes,No,No internet service,No internet service,No internet service,No internet service,No internet service,No internet service,Month-to-month,No,Electronic check,34.92,540.03,No
3781-NEHXT,Male,0,No,No,15,Yes,No,No,No internet service,No internet service,No internet service,No internet service,No internet service,No internet service,Two year,Yes,Electronic check,24.73,340.65,Yes
3896-OYJRB,Male,0,No,No,4,Yes,No,Fiber optic,No,No,No,No,No,Yes,Month-to-month,Yes,Electronic check,81.21,374.26,Yes
3326-QTCZQ,Female,0,Yes,Yes,0,Yes,No,Fiber optic,Yes,No,Yes,Yes,No,No,Month-to-month,Yes,Electronic check,82.93,,Yes
2713-PDUZG,Female,1,No,No,71,Yes,Yes,DSL,Yes,Yes,No,No,No,Yes,Month-to-month,No,Mailed check,77.97,5467.23,No
2685-ZHPTA,Male,1,Yes,No,3,Yes,Yes,DSL,No,No,Yes,No,Yes,Yes,Month-to-month,Yes,Bank transfer (automatic),76.46,151.28,No
2976-VHPHQ,Male,0,Yes,No,27,Yes,No,Fiber optic,No,Yes,No,No,No,Yes,One year,No,Credit card (automatic),79.19,2001.18,No
3951-HPKGU,Female,0,Yes,No,15,No,No phone service,Fiber optic,Yes,Yes,Yes,Yes,No,No,Month-to-month,Yes,Credit card (automatic),81.05,1173.53,Yes
4914-ZLJUL,Female,0,Yes,No,72,Yes,Yes,No,No internet service,No internet service,No internet service,No internet service,No internet service,No internet service,Month-to-month,No,Mailed check,32.79,2351.7,No
3816-JRMUI,Male,0,No,No,3,No,No phone service,DSL,No,Yes,Yes,No,Yes,No,Month-to-month,No,Electronic check,64.69,214.37,Yes
1595-PRNUG,Male,0,No,Yes,57,No,No phone service,No,No internet service,No internet service,No internet service,No internet service,No internet service,No internet service,Two year,Yes,Mailed check,18.0,978.99,No
2971-DZIMD,Female,0,No,Yes,53,No,No phone service,Fiber optic,Yes,No,No,No,Yes,Yes,Month-to-month,No,Mailed check,89.2,4608.78,No
0227-TBYRX,Male,0,Yes,Yes,29,Yes,No,Fiber optic,No,Yes,No,Yes,Yes,Yes,One year,Yes,Credit card (automatic),93.35,2590.93,No
0264-STLVI,Male,0,No,No,10,Yes,No,Fiber optic,No,No,Yes,No,Yes,No,Month-to-month,No,Electronic check,82.62,736.97,Yes
4910-ISKWQ,Female,0,Yes,Yes,36,Yes,No,DSL,No,Yes,No,No,No,No,Month-to-month,Yes,Electronic check,55.49,2000.31,Yes
0621-LGYTF,Male,1,Yes,No,41,Yes,Yes,DSL,No,No,Yes,No,Yes,No,Two year,Yes,Bank transfer (automatic),73.09,2793.22,No
4198-JDGYI,Male,0,Yes,No,65,Yes,No,DSL,Yes,No,No,No,Yes,No,One year,No,Bank transfer (automatic),61.03,3843.17,No
4533-JKNPT,Female,0,Yes,Yes,22,No,No phone service,DSL,No,No,No,No,No,No,Month-to-month,No,Bank transfer (automatic),41.69,991.33,Yes
1582-TRVHZ,Male,0,No,No,13,No,No phone service,DSL,No,No,Yes,No,Yes,No,Month-to-month,Yes,Bank transfer (automatic),55.08,746.19,Yes
3625-ZPVSP,Female,0,No,Yes,33,Yes,No,Fiber optic,Yes,No,Yes,No,No,No,Month-to-month,No,Electronic check,78.51,2514.82,Yes
0640-ZKQLY,Male,1,Yes,Yes,72,Yes,No,No,No internet service,No internet service,No internet service,No internet service,No internet service,No internet service,Month-to-month,No,Credit card (automatic),21.52,1542.66,No
1163-ANEDM,Female,0,No,No,72,Yes,No,No,No internet service,No internet service,No internet service,No internet service,No internet service,No internet service,Month-to-month,Yes,Mailed check,25.58,1867.96,No
2198-CUAKJ,Male,0,Yes,No,53,No,No phone service,DSL,No,No,Yes,No,Yes,No,Month-to-month,Yes,Electronic check,58.73,3079.54,Yes
0984-MMCPJ,Female,1,Yes,Yes,38,Yes,No,No,No internet service,No internet service,No internet service,No internet service,No internet service,No internet service,One year,Yes,Mailed check,23.22,850.54,No
1824-HDFWL,Female,0,No,No,13,Yes,No,Fiber optic,No,Yes,Yes,Yes,Yes,Yes,Month-to-month,No,Credit card (automatic),102.28,1173.26,Yes
3723-RMEPG,Female,0,Yes,Yes,44,Yes,No,Fiber optic,No,No,No,No,Yes,No,Two year,No,Electronic check,80.22,3306.76,Yes
4224-DHZWQ,Female,0,Yes,No,55,Yes,Yes,DSL,No,No,No,Yes,Yes,Yes,One year,No,Credit card (automatic),80.33,4307.21,No
1444-OYMKI,Male,0,No,No,57,Yes,No,Fiber optic,No,No,Yes,No,Yes,No,Month-to-month,Yes,Electronic check,95.18,5364.51,Yes
1171-FNCWA,Male,0,No,Yes,31,Yes,Yes,DSL,Yes,No,No,No,Yes,No,Two year,Yes,Electronic check,77.48,2234.0,No
4776-NXNZA,Female,0,No,Yes,16,No,No phone service,DSL,Yes,Yes,Yes,No,No,No,Month-to-month,No,Electronic check,55.35,873.6,Yes
3623-HKIDD,Female,0,No,No,0,Yes,No,DSL,No,Yes,No,Yes,Yes,No,Month-to-month,Yes,Credit card (automatic),72.45,,Yes
3493-MLZLB,Male,0,Yes,No,6,Yes,No,Fiber optic,Yes,Yes,Yes,No,No,Yes,Month-to-month,Yes,Bank transfer (automatic),93.71,588.09,No
1645-HSCBQ,Female,0,Yes,Yes,40,Yes,No,No,No internet service,No internet service,No internet service,No internet service,No internet service,No internet service,Month-to-month,Yes,Electronic check,23.56,943.85,No
1855-LOYOE,Female,0,No,No,12,Yes,Yes,No,No internet service,No internet service,No internet service,No internet service,No internet service,No internet service,Month-to-month,Yes,Mailed check,27.94,313.87,No
5296-TTFWS,Female,0,Yes,Yes,30,Yes,Yes,Fiber optic,Yes,No,Yes,No,No,Yes,One year,No,Electronic check,96.32,2770.32,No
0541-OBZWB,Male,1,No,No,10,Yes,Yes,DSL,No,Yes,Yes,No,Yes,Yes,Month-to-month,Yes,Credit card (automatic),90.12,805.92,Yes
4846-OJYZG,Female,0,Yes,Yes,15,Yes,Yes,DSL,No,Yes,Yes,No,Yes,Yes,Month-to-month,Yes,Credit card (automatic),84.65,1239.58,Yes
1350-LFWGV,Male,0,Yes,No,53,Yes,No,No,No internet service,No internet service,No internet service,No internet service,No internet service,No internet service,Two year,Yes,Credit card (automatic),24.97,1210.31,No
1033-ETTLR,Male,0,No,No,4,Yes,No,DSL,No,No,No,No,No,Yes,Month-to-month,No,Electronic check,54.36,185.17,Yes
2992-FTDFC,Female,1,Yes,No,49,Yes,Yes,DSL,No,No,No,No,Yes,No,Two year,No,Credit card (automatic),68.05,3030.91,No
3266-QIRJC,Female,0,No,Yes,29,Yes,No,DSL,No,Yes,No,Yes,Yes,Yes,One year,No,Credit card (automatic),78.57,2165.84,No
3644-CAUAU,Female,1,Yes,No,12,Yes,Yes,Fiber optic,No,Yes,No,Yes,Yes,No,One year,Yes,Electronic check,100.87,1121.53,Yes
3156-LXEFK,Female,0,No,Yes,61,Yes,No,DSL,No,Yes,No,No,Yes,Yes,One year,Yes,Bank transfer (automatic),74.6,4369.16,No
1696-PXSHT,Male,0,Yes,No,21,Yes,Yes,Fiber optic,No,No,No,Yes,Yes,Yes,Month-to-month,Yes,Mailed check,98.76,2014.32,Yes
0473-URAOA,Female,1,Yes,No,18,Yes,No,Fiber optic,No,No,Yes,No,No,Yes,One year,No,Credit card (automatic),81.23,1383.13,Yes
4797-ABAKH,Female,0,Yes,Yes,17,Yes,No,Fiber optic,No,No,No,Yes,No,No,Month-to-month,Yes,Credit card (automatic),76.66,1362.27,No
0412-ZIRDM,Male,0,Yes,No,36,Yes,No,DSL,Yes,Yes,Yes,No,No,Yes,One year,Yes,Mailed check,75.7,2660.3,No
0004-ERPKP,Female,1,Yes,No,27,Yes,Yes,No,No internet service,No internet service,No internet service,No internet service,No internet service,No internet service,Month-to-month,Yes,Mailed check,34.55,934.84,No
2086-MHAKH,Male,0,Yes,Yes,0,Yes,No,No,No internet service,No internet service,No internet service,No internet service,No internet service,No internet service,One year,Yes,Mailed check,28.23,,No
2118-YBFVM,Female,0,Yes,No,15,Yes,No,DSL,Yes,No,No,No,No,No,Month-to-month,No,Electronic check,54.05,868.37,Yes
4013-GEVHM,Female,0,No,No,6,Yes,No,Fiber optic,No,No,No,No,No,No,One year,Yes,Bank transfer (automatic),69.88,406.55,No
2393-KBCZH,Female,0,No,No,0,Yes,No,No,No internet service,No internet service,No internet service,No internet service,No internet service,No internet service,Month-to-month,Yes,Bank transfer (automatic),22.22,,No
3636-DTOIU,Male,0,No,No,13,Yes,Yes,DSL,No,No,No,No,Yes,No,Two year,Yes,Bank transfer (automatic),69.68,917.2,Yes
4232-PVDOO,Female,0,Yes,No,34,Yes,Yes,DSL,No,No,Yes,No,Yes,Yes,Two year,Yes,Mailed check,80.25,2672.5,Yes
1101-YEBLY,Female,0,Yes,No,39,Yes,Yes,Fiber optic,No,Yes,Yes,No,Yes,No,Month-to-month,No,Credit card (automatic),100.22,3740.84,Yes
3274-QWFYX,Male,0,No,No,31,Yes,Yes,Fiber optic,No,No,No,No,No,No,Month-to-month,Yes,Credit card (automatic),79.07,2488.87,No
4481-EZOZM,Female,0,No,No,22,Yes,Yes,Fiber optic,No,Yes,Yes,Yes,No,No,Two year,Yes,Electronic check,92.87,1824.17,No
5270-EUOCY,Male,0,Yes,Yes,6,Yes,Yes,No,No internet service,No internet service,No internet service,No internet service,No internet service,No internet service,Month-to-month,Yes,Electronic check,28.26,164.01,No
4528-KBEHZ,Female,0,Yes,Yes,55,No,No phone service,No,No internet service,No internet service,No internet service,No internet service,No internet service,No internet service,Month-to-month,Yes,Credit card (automatic),18.0,992.96,No
3702-COYLL,Female,1,Yes,No,52,Yes,Yes,Fiber optic,No,No,No,Yes,No,Yes,Month-to-month,Yes,Credit card (automatic),92.16,4901.49,No
2689-EGGTC,Male,0,No,No,62,Yes,Yes,DSL,No,Yes,No,Yes,Yes,Yes,Month-to-month,Yes,Credit card (automatic),83.46,5183.47,No
4915-RKLCU,Female,1,No,No,36,Yes,No,DSL,No,Yes,No,No,Yes,No,One year,Yes,Mailed check,66.61,2394.2,No
3202-YAWRK,Male,1,Yes,No,4,Yes,Yes,No,No internet service,No internet service,No internet service,No internet service,No internet service,No internet service,Month-to-month,No,Credit card (automatic),34.42,137.84,No
2441-TERDS,Male,1,Yes,No,17,Yes,Yes,No,No internet service,No internet service,No internet service,No internet service,No internet service,No internet service,Month-to-month,Yes,Credit card (automatic),31.43,543.97,No
3331-ENHZA,Male,0,No,No,10,Yes,Yes,No,No internet service,No internet service,No internet service,No internet service,No internet service,No internet service,Month-to-month,No,Electronic check,29.31,346.6,No
2619-ERTOO,Male,1,No,No,53,Yes,No,DSL,No,No,Yes,Yes,No,No,Two year,No,Electronic check,61.34,3051.27,No
0915-LZRWR,Female,0,Yes,No,8,Yes,Yes,Fiber optic,Yes,Yes,Yes,Yes,Yes,No,One year,Yes,Electronic check,105.93,855.66,No
4718-FFSLW,Male,0,Yes,Yes,31,Yes,No,DSL,Yes,Yes,No,No,No,Yes,One year,No,Electronic check,70.27,2070.35,No
1224-KLUIC,Male,0,Yes,No,13,Yes,Yes,No,No internet service,No internet service,No internet service,No internet service,No internet service,No internet service,Month-to-month,Yes,Bank transfer (automatic),34.07,481.77,No
3585-KTPIT,Male,1,No,Yes,8,Yes,Yes,Fiber optic,No,No,Yes,Yes,Yes,No,Month-to-month,No,Credit card (automatic),100.34,791.79,Yes
1747-XQLUY,Female,0,No,No,8,Yes,No,DSL,No,No,No,Yes,No,Yes,One year,Yes,Bank transfer (automatic),63.54,514.62,No
4500-YJHGN,Male,1,No,No,20,Yes,No,Fiber optic,No,No,No,No,Yes,Yes,Month-to-month,No,Bank transfer (automatic),83.56,1549.54,Yes
4948-UAFFQ,Female,0,No,No,25,Yes,Yes,DSL,Yes,No,No,No,Yes,Yes,One year,No,Bank transfer (automatic),86.97,2157.82,No
2177-WXBHQ,Female,1,Yes,Yes,4,Yes,No,Fiber optic,No,No,Yes,No,No,No,Month-to-month,No,Electronic check,73.84,273.45,Yes
0975-QJHZM,Female,0,Yes,Yes,55,No,No phone service,Fiber optic,Yes,No,Yes,No,Yes,No,One year,Yes,Bank transfer (automatic),87.14,4508.58,No
0435-VZCEL,Male,0,Yes,No,2,Yes,Yes,Fiber optic,No,Yes,Yes,No,No,Yes,Month-to-month,No,Credit card (automatic),103.95,62.98,Yes
3775-CZBMQ,Male,0,Yes,Yes,60,Yes,Yes,DSL,Yes,No,No,No,Yes,Yes,Month-to-month,Yes,Credit card (automatic),80.7,4757.12,No
1740-WUWQN,Male,0,No,No,60,Yes,Yes,DSL,No,Yes,Yes,No,Yes,No,Two year,Yes,Electronic check,75.83,4367.94,No
1592-NDDJZ,Female,0,No,No,16,Yes,No,Fiber optic,No,No,Yes,No,Yes,No,Month-to-month,No,Bank transfer (automatic),84.4,1376.83,Yes
1043-ICYGB,Female,0,No,No,35,Yes,Yes,No,No internet service,No internet service,No internet service,No internet service,No internet service,No internet service,Month-to-month,Yes,Electronic check,29.38,1018.38,No
1652-ASFEI,Male,1,Yes,No,68,Yes,No,DSL,No,No,Yes,Yes,Yes,No,One year,No,Mailed check,75.88,4979.58,No
1117-HDPZS,Female,0,No,No,35,Yes,No,Fiber optic,No,No,No,No,No,Yes,Month-to-month,Yes,Electronic check,78.39,2786.19,Yes
4805-CUISX,Female,0,Yes,No,11,Yes,Yes,Fiber optic,Yes,No,Yes,Yes,No,Yes,Month-to-month,No,Electronic check,104.88,1103.57,No
2688-NXPUU,Female,0,No,No,32,Yes,Yes,No,No internet service,No internet service,No internet service,No internet service,No internet service,No internet service,Month-to-month,Yes,Credit card (automatic),31.96,953.07,Yes
2522-FJPKR,Male,1,No,No,25,Yes,No,DSL,No,Yes,Yes,No,No,No,Two year,Yes,Electronic check,62.6,1411.02,No
3736-SVHTF,Female,0,Yes,Yes,19,Yes,Yes,DSL,No,No,No,No,Yes,Yes,Two year,Yes,Electronic check,74.08,1274.07,No
0011-YCWGX,Female,0,No,No,19,Yes,No,Fiber optic,Yes,Yes,Yes,Yes,Yes,Yes,Month-to-month,Yes,Electronic check,113.91,2147.55,Yes
4074-EJIPI,Male,0,Yes,No,47,Yes,No,Fiber optic,No,No,No,No,No,No,Month-to-month,No,Electronic check,73.99,3413.6,Yes
4191-NQOFH,Female,1,No,Yes,12,Yes,Yes,Fiber optic,No,Yes,No,Yes,Yes,Yes,Month-to-month,No,Electronic check,100.95,1287.94,Yes
0204-MDVXM,Female,0,Yes,No,12,Yes,Yes,Fiber optic,Yes,No,No,No,No,No,Month-to-month,Yes,Credit card (automatic),81.47,883.1,No
2190-OWSZR,Male,0,No,No,68,Yes,Yes,Fiber optic,Yes,Yes,No,No,Yes,No,Two year,Yes,Mailed check,97.24,6187.82,No
2657-GUJHZ,Female,0,No,Yes,4,Yes,Yes,No,No internet service,No internet service,No internet service,No internet service,No internet service,No internet service,Month-to-month,Yes,Bank transfer (automatic),35.73,120.52,Yes
1578-YGWYO,Male,1,No,No,24,Yes,No,Fiber optic,Yes,Yes,Yes,No,No,Yes,Month-to-month,No,Credit card (automatic),93.24,2183.84,Yes
3407-YNTWF,Male,1,No,No,36,Yes,Yes,DSL,No,Yes,Yes,Yes,Yes,No,One year,Yes,Credit card (automatic),80.36,2884.22,No
0471-PJWRV,Female,0,No,Yes,28,Yes,No,No,No internet service,No internet service,No internet service,No internet service,No internet service,No internet service,Two year,No,Credit card (automatic),25.61,652.29,No
4790-MUGOZ,Male,0,Yes,No,57,Yes,No,No,No internet service,No internet service,No internet service,No internet service,No internet service,No internet service,One year,No,Bank transfer (automatic),27.38,1470.42,No
4812-DFZSU,Male,0,Yes,No,7,Yes,Yes,No,No internet service,No internet service,No internet service,No internet service,No internet service,No internet service,Month-to-month,Yes,Mailed check,36.38,273.04,No
1209-RHNGZ,Male,0,Yes,Yes,37,Yes,No,No,No internet service,No internet service,No internet service,No internet service,No internet service,No internet service,Two year,Yes,Mailed check,28.44,1005.84,No
1291-AGBIQ,Male,0,Yes,No,1,Yes,No,Fiber optic,No,No,Yes,No,No,Yes,Month-to-month,Yes,Bank transfer (automatic),81.33,48.8,Yes
1716-VGKKJ,Female,0,Yes,No,0,Yes,Yes,Fiber optic,No,No,Yes,No,Yes,Yes,Month-to-month,Yes,Credit card (automatic),106.35,,Yes
3128-WCQXS,Female,0,Yes,No,18,Yes,No,Fiber optic,No,No,Yes,Yes,Yes,No,Month-to-month,No,Mailed check,89.9,1650.21,Yes
4614-VZFIW,Male,0,No,Yes,56,Yes,Yes,No,No internet service,No internet service,No internet service,No internet service,No internet service,No internet service,Two year,Yes,Credit card (automatic),30.41,1583.1,No
3543-GCJNB,Female,0,No,Yes,41,Yes,Yes,Fiber optic,No,Yes,Yes,No,Yes,Yes,Month-to-month,Yes,Bank transfer (automatic),104.9,4294.32,Yes
1023-NORCK,Female,0,No,No,10,Yes,No,DSL,No,Yes,No,Yes,Yes,Yes,Month-to-month,No,Bank transfer (automatic),79.02,815.99,Yes
2700-MABXO,Male,0,No,No,6,Yes,No,No,No internet service,No internet service,No internet service,No internet service,No internet service,No internet service,Month-to-month,Yes,Electronic check,24.7,158.36,No
2831-KVNHP,Male,0,No,No,57,Yes,No,Fiber optic,No,Yes,Yes,No,No,No,One year,Yes,Credit card (automatic),80.97,4546.36,Yes
4853-IPJWV,Male,0,No,Yes,36,Yes,No,DSL,Yes,No,Yes,Yes,Yes,Yes,One year,Yes,Credit card (automatic),75.59,2631.57,No
0198-MEPSZ,Female,0,No,No,26,No,No phone service,Fiber optic,No,No,No,Yes,No,Yes,Month-to-month,Yes,Credit card (automatic),76.04,2002.52,No
4486-EKVTP,Female,0,Yes,No,5,Yes,No,DSL,No,Yes,No,No,Yes,No,Month-to-month,Yes,Mailed check,63.73,343.39,Yes
1359-CRIPT,Male,1,No,No,19,Yes,Yes,Fiber optic,No,No,No,No,Yes,No,Month-to-month,No,Bank transfer (automatic),86.79,1775.82,Yes
4531-RKTZU,Female,0,No,No,46,Yes,No,DSL,No,No,Yes,No,No,No,Two year,Yes,Credit card (automatic),58.16,2565.44,No
3132-MBRUM,Female,1,No,No,4,Yes,Yes,Fiber optic,No,Yes,No,No,Yes,No,Month-to-month,No,Electronic check,90.48,346.5,Yes
1690-BDFAG,Male,0,No,No,25,Yes,No,No,No internet service,No internet service,No internet service,No internet service,No internet service,No internet service,One year,No,Credit card (automatic),24.17,590.82,No
2788-NRJWD,Female,0,No,No,7,Yes,No,Fiber optic,No,No,No,No,No,No,Month-to-month,Yes,Credit card (automatic),67.28,401.21,Yes
1976-CJHIV,Male,1,No,No,55,Yes,Yes,DSL,Yes,No,Yes,No,No,Yes,Two year,Yes,Credit card (automatic),80.42,4155.61,No
1753-GHXEN,Male,1,Yes,Yes,13,Yes,No,DSL,Yes,No,No,No,Yes,No,Two year,No,Credit card (automatic),68.38,849.77,Yes
1989-MRNHK,Female,0,No,Yes,24,Yes,Yes,DSL,No,No,Yes,Yes,No,Yes,Month-to-month,Yes,Bank transfer (automatic),78.58,1878.63,No
1564-DUHXH,Male,0,No,Yes,66,Yes,Yes,No,No internet service,No internet service,No internet service,No internet service,No internet service,No internet service,One year,Yes,Electronic check,31.69,2103.86,No
1967-JVJUP,Male,0,Yes,No,6,No,No phone service,Fiber optic,No,No,No,No,Yes,No,Month-to-month,Yes,Credit card (automatic),68.91,332.04,Yes
3226-YIYWS,Male,0,No,No,7,Yes,No,Fiber optic,No,Yes,No,No,No,Yes,Month-to-month,Yes,Mailed check,88.2,576.46,Yes
3782-GREAA,Female,0,Yes,No,10,Yes,No,Fiber optic,No,No,No,No,No,No,Month-to-month,No,Mailed check,71.34,731.68,Yes
3641-WOPFK,Female,0,Yes,Yes,65,No,No phone service,Fiber optic,Yes,No,Yes,Yes,Yes,Yes,Two year,Yes,Bank transfer (automatic),97.66,5787.64,No
2493-ULZMA,Female,1,Yes,Yes,34,Yes,No,DSL,Yes,No,Yes,Yes,No,No,Two year,No,Credit card (automatic),65.4,2069.93,No
4118-UHXKK,Male,0,Yes,Yes,56,Yes,Yes,Fiber optic,No,No,Yes,No,Yes,No,Two year,Yes,Credit card (automatic),94.53,4972.59,Yes
3026-ABTXF,Female,0,Yes,No,9,Yes,Yes,DSL,No,No,No,Yes,No,Yes,Month-to-month,No,Mailed check,67.86,660.44,No
0437-DZQWJ,Male,0,Yes,No,1,Yes,No,Fiber optic,Yes,No,No,Yes,No,No,Month-to-month,No,Mailed check,85.82,59.35,Yes
0372-VDZWS,Female,0,No,No,46,Yes,Yes,No,No internet service,No internet service,No internet service,No internet service,No internet service,No internet service,One year,Yes,Bank transfer (automatic),37.38,1637.2,No
4411-FFISY,Male,0,Yes,No,62,Yes,No,Fiber optic,No,Yes,No,No,No,No,One year,No,Electronic check,76.18,4517.0,No
4281-YKFRR,Female,0,No,Yes,24,Yes,Yes,DSL,No,Yes,No,No,No,Yes,Month-to-month,Yes,Electronic check,69.4,1684.68,Yes
3422-KUXZW,Male,0,Yes,No,32,Yes,Yes,No,No internet service,No internet service,No internet service,No internet service,No internet service,No internet service,Month-to-month,Yes,Bank transfer (automatic),34.43,1106.71,No
0749-IFAKU,Female,1,Yes,Yes,0,Yes,Yes,DSL,No,Yes,Yes,No,No,Yes,Month-to-month,Yes,Electronic check,80.25,,Yes
2949-QKVRC,Female,0,Yes,Yes,70,No,No phone service,Fiber optic,Yes,Yes,Yes,No,Yes,No,Two year,Yes,Bank transfer (automatic),82.51,5246.42,No
1878-WIFRN,Male,0,No,Yes,25,Yes,Yes,DSL,No,No,Yes,No,Yes,No,Two year,No,Electronic check,69.42,1572.58,No
1285-WULCF,Male,0,No,No,39,Yes,No,Fiber optic,Yes,No,No,No,No,Yes,One year,No,Bank transfer (automatic),83.57,3025.48,No
1242-IQUPK,Male,0,No,No,0,Yes,No,Fiber optic,No,No,No,Yes,Yes,No,Month-to-month,Yes,Mailed check,89.71,,Yes
2123-YYTQR,Female,0,Yes,Yes,33,No,No phone service,DSL,Yes,No,No,No,No,No,One year,Yes,Electronic check,45.27,1387.05,No
2931-BUQHQ,Male,0,No,No,0,Yes,No,No,No internet service,No internet service,No internet service,No internet service,No internet service,No internet service,Month-to-month,No,Electronic check,19.89,,Yes
0855-AUVFK,Male,1,No,No,38,Yes,Yes,DSL,Yes,Yes,Yes,Yes,Yes,Yes,Two year,Yes,Electronic check,99.97,3423.27,No
3441-DWOVU,Male,0,Yes,Yes,24,Yes,No,Fiber optic,No,No,No,Yes,Yes,No,Month-to-month,No,Electronic check,85.51,2031.22,No
2346-DZMIE,Female,1,No,No,53,Yes,Yes,DSL,No,No,No,Yes,No,No,One year,Yes,Bank transfer (automatic),59.56,3022.63,No
3366-AVMNW,Female,0,Yes,No,33,Yes,Yes,DSL,No,No,No,Yes,Yes,Yes,One year,Yes,Electronic check,76.75,2406.39,No
0246-LWOXG,Male,0,Yes,No,44,Yes,Yes,Fiber optic,Yes,No,Yes,No,No,No,Month-to-month,Yes,Electronic check,91.5,4018.36,Yes
4389-QUMZX,Male,0,Yes,No,72,Yes,Yes,Fiber optic,Yes,No,Yes,Yes,Yes,No,Month-to-month,No,Bank transfer (automatic),106.22,7640.48,No
2120-UVPCG,Male,0,No,Yes,7,Yes,No,DSL,No,No,No,Yes,Yes,No,Month-to-month,Yes,Bank transfer (automatic),70.2,578.3,Yes
2266-DESYO,Female,0,No,No,57,Yes,No,DSL,No,No,No,No,Yes,No,Month-to-month,No,Mailed check,55.6,3117.68,No
1081-IHNAQ,Male,0,No,No,13,Yes,Yes,Fiber optic,Yes,Yes,No,Yes,Yes,Yes,Month-to-month,Yes,Mailed check,116.41,1354.25,Yes
1124-WWLQT,Female,0,No,No,27,Yes,Yes,DSL,No,Yes,No,No,No,No,Month-to-month,Yes,Mailed check,63.16,1675.82,No
3455-FBANY,Female,0,No,No,3,Yes,Yes,Fiber optic,No,No,No,No,Yes,No,Month-to-month,Yes,Credit card (automatic),84.82,319.84,Yes
2245-KEFCZ,Female,0,No,No,19,Yes,No,DSL,Yes,Yes,Yes,No,No,No,Month-to-month,No,Bank transfer (automatic),68.01,1288.8,Yes
4558-RIOEX,Male,0,Yes,No,65,Yes,Yes,Fiber optic,No,Yes,No,Yes,No,No,Two year,Yes,Credit card (automatic),83.28,4880.4,No
1959-SRSYU,Male,0,Yes,No,45,Yes,Yes,Fiber optic,No,Yes,No,No,Yes,No,Two year,No,Mailed check,88.46,3686.41,No
3773-GZWHM,Male,0,Yes,No,41,No,No phone service,Fiber optic,No,No,No,No,No,Yes,One year,No,Bank transfer (automatic),68.37,2745.76,No
4952-WTYHJ,Female,0,No,No,56,Yes,No,DSL,Yes,Yes,No,Yes,Yes,Yes,Two year,Yes,Credit card (automatic),80.7,4191.34,No
2564-WDJVN,Male,0,Yes,No,58,Yes,Yes,DSL,No,No,No,Yes,Yes,Yes,One year,No,Electronic check,86.77,4858.78,No
4526-TXFRW,Female,0,Yes,No,40,Yes,Yes,Fiber optic,Yes,Yes,No,Yes,No,Yes,Two year,No,Bank transfer (automatic),99.93,3668.0,No
4001-KCNQX,Male,1,Yes,No,64,Yes,No,Fiber optic,Yes,Yes,Yes,No,No,Yes,Two year,Yes,Mailed check,92.72,5608.08,No
3713-TDHAR,Male,0,No,Yes,42,Yes,Yes,DSL,Yes,Yes,Yes,No,Yes,No,Two year,No,Electronic check,80.73,3122.04,No
4409-PGTPJ,Female,1,Yes,Yes,7,Yes,No,Fiber optic,No,No,No,Yes,Yes,No,Month-to-month,Yes,Electronic check,81.88,478.9,Yes
2623-ZZNVU,Male,1,No,No,72,Yes,No,No,No internet service,No internet service,No internet service,No internet service,No internet service,No internet service,Month-to-month,No,Mailed check,27.6,2017.07,Yes
2833-VYYAY,Female,0,No,Yes,30,Yes,No,No,No internet service,No internet service,No internet service,No internet service,No internet service,No internet service,One year,Yes,Bank transfer (automatic),25.46,730.15,No
1587-USBXU,Male,0,Yes,No,6,Yes,No,Fiber optic,No,No,No,No,No,Yes,Month-to-month,Yes,Electronic check,79.6,489.89,Yes
1245-JGQDJ,Female,0,No,No,71,Yes,Yes,Fiber optic,Yes,Yes,Yes,No,Yes,Yes,Two year,Yes,Bank transfer (automatic),110.98,7394.96,Yes
0268-RCMEE,Female,0,Yes,Yes,33,Yes,No,Fiber optic,No,No,Yes,No,No,No,Two year,Yes,Mailed check,74.54,2322.5,No
3227-QNFTA,Female,0,Yes,No,3,Yes,Yes,No,No internet service,No internet service,No internet service,No internet service,No internet service,No internet service,Month-to-month,No,Credit card (automatic),39.55,97.77,Yes
1304-DOMDJ,Female,0,No,No,42,Yes,Yes,DSL,No,No,No,Yes,Yes,Yes,Two year,Yes,Electronic check,79.43,3103.82,No
3754-TVJQL,Male,0,No,Yes,66,Yes,No,DSL,No,Yes,Yes,Yes,No,No,One year,No,Mailed check,66.18,4247.04,No
4976-VKLTO,Female,0,No,No,27,Yes,No,DSL,No,Yes,Yes,Yes,Yes,No,Month-to-month,Yes,Electronic check,75.07,2069.69,Yes
2209-WWZAK,Female,0,Yes,No,0,Yes,Yes,DSL,Yes,Yes,Yes,Yes,Yes,No,Month-to-month,No,Mailed check,85.82,,Yes
0631-ELZRA,Female,0,Yes,No,43,Yes,Yes,DSL,Yes,Yes,No,No,No,No,Two year,Yes,Credit card (automatic),70.76,2828.02,No
1930-GXEKL,Male,0,No,No,20,Yes,Yes,DSL,Yes,No,No,Yes,Yes,Yes,One year,Yes,Bank transfer (automatic),83.77,1451.67,No
1092-XPSAZ,Female,0,Yes,No,54,Yes,Yes,DSL,No,No,No,Yes,No,Yes,Two year,Yes,Bank transfer (automatic),70.46,3614.54,No
1229-LGSWD,Female,0,Yes,Yes,33,No,No phone service,DSL,Yes,Yes,Yes,No,Yes,Yes,One year,Yes,Electronic check,78.97,2520.79,No
5204-BDUHD,Female,0,Yes,No,16,Yes,No,No,No internet service,No internet service,No internet service,No internet service,No internet service,No internet service,Two year,No,Mailed check,27.98,432.87,No
1079-WYIXK,Male,1,No,No,35,No,No phone service,DSL,No,Yes,No,No,No,No,One year,Yes,Credit card (automatic),48.24,1688.71,No
1766-GEAOZ,Female,0,Yes,No,3,Yes,Yes,Fiber optic,No,Yes,No,No,Yes,Yes,Month-to-month,No,Bank transfer (automatic),99.92,205.06,Yes
0506-JGYRX,Female,0,No,Yes,13,Yes,No,Fiber optic,Yes,Yes,No,No,No,No,Month-to-month,Yes,Mailed check,79.91,1007.82,Yes
0376-GYCLD,Male,0,Yes,Yes,7,Yes,Yes,No,No internet service,No internet service,No internet service,No internet service,No internet service,No internet service,Month-to-month,No,Electronic check,34.02,227.33,No
0703-ZWPXQ,Female,0,No,No,20,Yes,No,DSL,Yes,No,No,No,Yes,Yes,Month-to-month,Yes,Electronic check,73.82,1442.03,Yes
4848-VMCTH,Male,1,Yes,No,47,Yes,Yes,DSL,No,Yes,Yes,Yes,Yes,Yes,Two year,No,Mailed check,93.55,4123.43,No
2324-SEYBD,Male,0,Yes,No,18,Yes,No,Fiber optic,No,No,No,No,No,No,Two year,Yes,Bank transfer (automatic),75.46,1292.67,No
4113-EWSUN,Male,0,No,Yes,20,Yes,Yes,Fiber optic,Yes,No,No,Yes,Yes,Yes,One year,Yes,Bank transfer (automatic),105.4,2113.72,No
2524-ZKLAE,Female,0,No,Yes,14,Yes,No,No,No internet service,No internet service,No internet service,No internet service,No internet service,No internet service,Month-to-month,Yes,Electronic check,23.55,315.75,No
0075-KOMNR,Female,0,No,Yes,36,Yes,Yes,Fiber optic,No,No,No,Yes,Yes,No,One year,Yes,Bank transfer (automatic),91.81,3244.6,No
1619-IFPJN,Male,0,Yes,No,4,Yes,No,Fiber optic,Yes,No,No,No,Yes,No,Month-to-month,No,Credit card (automatic),84.43,343.81,Yes
4649-FIAYG,Male,0,No,Yes,36,Yes,Yes,DSL,Yes,No,Yes,Yes,No,Yes,Month-to-month,Yes,Mailed check,78.86,2858.04,No
3604-LCVUT,Male,0,Yes,No,9,Yes,No,Fiber optic,Yes,No,No,No,No,No,Month-to-month,Yes,Electronic check,76.12,635.12,Yes
2733-LBGJG,Female,0,No,Yes,2,Yes,No,DSL,No,No,Yes,No,Yes,Yes,Month-to-month,Yes,Mailed check,63.89,96.46,Yes
1759-VAHDS,Female,0,Yes,No,10,Yes,Yes,DSL,No,No,Yes,No,Yes,Yes,Month-to-month,Yes,Electronic check,79.31,876.66,Yes
3160-PYXKZ,Female,0,No,No,34,Yes,No,Fiber optic,No,No,No,No,Yes,No,Month-to-month,Yes,Mailed check,81.41,2718.01,Yes
4410-GWBFZ,Male,0,No,No,6,Yes,No,DSL,Yes,Yes,No,No,Yes,No,Month-to-month,No,Bank transfer (automatic),70.23,450.29,No
3429-HNUSD,Female,0,Yes,Yes,29,No,No phone service,Fiber optic,No,Yes,No,Yes,Yes,No,Two year,No,Electronic check,76.45,2114.7,No
0806-WVMWC,Male,0,Yes,No,27,Yes,No,Fiber optic,Yes,No,No,No,Yes,No,Month-to-month,No,Bank transfer (automatic),87.34,2438.78,No
1916-PHKQV,Female,0,Yes,No,10,No,No phone service,DSL,Yes,No,No,Yes,Yes,No,Month-to-month,Yes,Electronic check,61.02,654.26,No
0189-XRCJY,Female,0,Yes,No,29,Yes,No,No,No internet service,No internet service,No internet service,No internet service,No internet service,No internet service,Two year,No,Electronic check,25.22,664.79,No
3694-SKNLW,Female,0,No,No,18,Yes,No,DSL,No,No,No,Yes,Yes,Yes,Month-to-month,Yes,Electronic check,75.42,1371.02,Yes
2164-TFBMN,Male,0,No,No,6,Yes,No,Fiber optic,No,No,No,Yes,Yes,Yes,Month-to-month,Yes,Credit card (automatic),92.03,554.7,No
1445-YJVUH,Female,0,No,No,0,Yes,No,Fiber optic,No,No,No,No,No,Yes,Month-to-month,Yes,Bank transfer (automatic),77.98,,Yes
0460-PDZNP,Female,0,No,Yes,72,No,No phone service,Fiber optic,Yes,No,No,Yes,No,Yes,Month-to-month,No,Credit card (automatic),82.25,5942.2,No
0249-RGGDA,Female,0,No,No,39,Yes,Yes,DSL,No,Yes,No,No,No,Yes,Two year,No,Credit card (automatic),67.63,2374.91,No
3684-SXZHO,Female,1,No,No,0,Yes,No,No,No internet service,No internet service,No internet service,No internet service,No internet service,No internet service,Month-to-month,No,Mailed check,23.36,,Yes
4226-GKZBL,Female,0,No,No,12,Yes,Yes,Fiber optic,No,No,Yes,No,No,Yes,Month-to-month,No,Credit card (automatic),91.59,1186.38,Yes
0174-TDGKO,Female,0,No,No,69,No,No phone service,DSL,Yes,Yes,Yes,Yes,Yes,Yes,Month-to-month,Yes,Bank transfer (automatic),78.11,5390.2,Yes
3291-ZKOND,Female,0,No,No,4,Yes,Yes,Fiber optic,Yes,No,Yes,Yes,No,Yes,Month-to-month,No,Mailed check,95.22,373.86,Yes
0552-PYFUT,Male,0,No,Yes,3,Yes,Yes,Fiber optic,No,Yes,Yes,No,No,Yes,Month-to-month,Yes,Bank transfer (automatic),99.6,196.28,Yes
0873-IKGEY,Male,0,Yes,No,54,Yes,No,Fiber optic,Yes,No,Yes,No,Yes,No,Month-to-month,Yes,Mailed check,89.4,4801.12,Yes
1966-MYYKO,Male,0,Yes,Yes,13,Yes,No,Fiber optic,Yes,No,Yes,No,Yes,No,Month-to-month,Yes,Bank transfer (automatic),89.97,1249.37,Yes
0995-TZJQA,Female,0,Yes,No,29,Yes,Yes,Fiber optic,No,Yes,Yes,No,No,No,One year,No,Credit card (automatic),86.16,2605.83,No
5265-NPCJL,Male,0,Yes,No,18,Yes,No,DSL,No,No,No,Yes,Yes,Yes,Month-to-month,No,Credit card (automatic),66.19,1168.93,Yes
1300-NSLWX,Female,1,No,No,6,Yes,Yes,DSL,Yes,No,No,No,No,No,Month-to-month,Yes,Mailed check,58.43,376.79,Yes
0847-FJGUI,Female,0,Yes,Yes,43,No,No phone service,No,No internet service,No internet service,No internet service,No internet service,No internet service,No internet service,Month-to-month,Yes,Electronic check,18.0,740.14,No
4063-EQIUF,Female,0,No,No,67,Yes,No,DSL,No,Yes,Yes,No,Yes,No,Two year,Yes,Electronic check,69.16,4335.49,No
4789-PMAQU,Male,0,Yes,No,59,Yes,Yes,DSL,No,No,Yes,No,No,No,One year,No,Bank transfer (automatic),65.45,3708.03,No
1274-NAYCX,Male,0,No,Yes,18,Yes,Yes,Fiber optic,No,Yes,Yes,No,No,No,Two year,No,Credit card (automatic),88.01,1415.62,No
0736-IEREV,Male,0,No,No,16,Yes,Yes,Fiber optic,Yes,No,No,No,Yes,No,Two year,No,Bank transfer (automatic),93.55,1281.04,No
0079-GWZNK,Male,0,Yes,No,22,Yes,Yes,Fiber optic,No,No,No,Yes,No,Yes,Month-to-month,No,Bank transfer (automatic),93.48,1942.81,No
1647-AATQT,Male,1,No,No,32,Yes,No,No,No internet service,No internet service,No internet service,No internet service,No internet service,No internet service,One year,Yes,Electronic check,24.64,778.02,No
2742-DHPAC,Male,0,No,Yes,53,Yes,No,Fiber optic,Yes,No,No,No,Yes,No,One year,Yes,Bank transfer (automatic),82.54,4153.57,No
0278-WIURK,Female,0,Yes,No,2,Yes,Yes,Fiber optic,No,No,No,No,No,No,Month-to-month,No,Mailed check,84.16,96.91,Yes
4929-DJOAP,Female,1,Yes,No,19,Yes,No,Fiber optic,No,No,Yes,No,No,Yes,Month-to-month,Yes,Credit card (automatic),85.14,1495.73,Yes
4585-CJMNZ,Male,0,Yes,Yes,12,Yes,Yes,Fiber optic,Yes,Yes,Yes,No,Yes,No,Two year,Yes,Credit card (automatic),101.4,1100.62,Yes
0104-XAJIK,Male,0,No,No,56,Yes,No,DSL,No,Yes,Yes,No,No,No,Month-to-month,Yes,Mailed check,59.5,3335.8,Yes
0943-JSPNK,Female,0,No,Yes,28,Yes,No,No,No internet service,No internet service,No internet service,No internet service,No internet service,No internet service,Two year,No,Credit card (automatic),26.15,681.85,No
4849-IYUBU,Male,1,No,No,7,Yes,No,Fiber optic,No,No,No,No,Yes,Yes,Month-to-month,Yes,Mailed check,84.56,486.47,Yes
2899-HOSFQ,Male,0,No,No,3,Yes,No,No,No internet service,No internet service,No internet service,No internet service,No internet service,No internet service,Month-to-month,Yes,Credit card (automatic),25.74,62.18,No
2532-ZFMID,Female,0,Yes,Yes,36,Yes,No,Fiber optic,Yes,No,No,No,No,No,Month-to-month,No,Bank transfer (automatic),77.4,2783.8,No
4101-GTOHM,Female,0,No,No,41,Yes,Yes,DSL,No,No,No,No,Yes,Yes,Two year,Yes,Mailed check,78.23,2967.35,No
1168-VNQNK,Female,1,No,Yes,11,Yes,Yes,Fiber optic,No,No,No,No,No,No,Month-to-month,Yes,Mailed check,70.19,773.33,Yes
3255-MIOBC,Male,0,No,No,7,Yes,No,Fiber optic,Yes,No,No,No,No,No,One year,Yes,Bank transfer (automatic),68.99,458.72,No
3239-XZRQG,Male,0,Yes,No,7,Yes,No,DSL,No,Yes,Yes,No,Yes,No,One year,Yes,Electronic check,70.38,454.03,Yes
4220-VRJEA,Female,0,Yes,No,14,Yes,Yes,DSL,No,Yes,Yes,Yes,Yes,Yes,Month-to-month,No,Credit card (automatic),90.64,1238.38,No
3388-TUQIN,Male,0,Yes,Yes,72,Yes,Yes,Fiber optic,No,Yes,Yes,No,Yes,No,Month-to-month,Yes,Bank transfer (automatic),95.64,6878.79,Yes
3424-TOJMW,Male,1,Yes,No,23,Yes,No,DSL,No,Yes,No,Yes,No,Yes,Month-to-month,No,Electronic check,71.37,1568.42,No
3847-TROIR,Male,0,Yes,No,39,Yes,No,Fiber optic,No,Yes,No,No,Yes,Yes,Two year,No,Electronic check,95.16,3410.72,Yes
2539-BRQLD,Male,0,No,Yes,27,Yes,No,Fiber optic,No,No,Yes,No,No,Yes,Month-to-month,No,Electronic check,81.09,2252.72,Yes
3678-WZFWG,Female,0,No,Yes,43,Yes,No,Fiber optic,No,Yes,No,Yes,Yes,No,Two year,No,Electronic check,81.93,3183.12,No
4569-LYIHT,Female,0,Yes,No,35,Yes,No,Fiber optic,Yes,Yes,No,No,Yes,Yes,Month-to-month,Yes,Electronic check,93.35,3307.89,No
4424-KDNLG,Male,0,No,No,51,Yes,No,Fiber optic,No,No,Yes,No,No,No,Month-to-month,No,Bank transfer (automatic),75.92,3838.58,Yes
0676-ERJNS,Male,1,No,No,17,Yes,Yes,DSL,Yes,Yes,Yes,No,Yes,No,Month-to-month,No,Credit card (automatic),82.98,1343.4,No
4211-FBZDB,Male,0,Yes,No,24,Yes,No,DSL,Yes,No,Yes,No,No,Yes,Month-to-month,Yes,Electronic check,74.53,1738.05,Yes
0882-GTQMX,Male,1,No,Yes,38,Yes,Yes,DSL,No,No,Yes,No,No,Yes,Two year,Yes,Mailed check,72.15,2583.22,No
0439-IKYAI,Female,0,No,Yes,0,Yes,Yes,Fiber optic,No,Yes,Yes,Yes,Yes,Yes,Month-to-month,Yes,Bank transfer (automatic),109.57,,Yes
1048-DNGTI,Male,0,Yes,No,7,Yes,Yes,DSL,Yes,No,Yes,Yes,No,Yes,Month-to-month,Yes,Mailed check,83.04,697.32,Yes
1431-ZQNUN,Female,1,Yes,No,37,Yes,Yes,DSL,No,Yes,No,Yes,Yes,No,One year,No,Bank transfer (automatic),74.03,2513.75,No
3030-QDCDU,Male,0,Yes,No,2,Yes,Yes,Fiber optic,No,Yes,Yes,No,Yes,No,Month-to-month,No,Credit card (automatic),98.9,345.0,Yes
0404-HGGTJ,Male,0,No,No,52,Yes,No,No,No internet service,No internet service,No internet service,No internet service,No internet service,No internet service,Two year,Yes,Electronic check,21.9,1062.78,No
0709-TYDUC,Female,0,No,No,34,Yes,No,No,No internet service,No internet service,No internet service,No internet service,No internet service,No internet service,Month-to-month,No,Bank transfer (automatic),28.62,996.8,No
0791-ISFPD,Female,0,No,No,2,Yes,Yes,Fiber optic,No,No,Yes,Yes,No,No,Month-to-month,No,Electronic check,93.24,243.91,No
1018-ZRRXR,Male,0,No,No,24,Yes,No,No,No internet service,No internet service,No internet service,No internet service,No internet service,No internet service,Month-to-month,No,Electronic check,25.84,633.45,No
0504-WUJWD,Female,0,No,No,13,Yes,Yes,DSL,No,Yes,No,Yes,No,No,Month-to-month,Yes,Credit card (automatic),65.82,862.39,No
1529-WTKWR,Male,0,No,Yes,67,No,No phone service,Fiber optic,No,No,Yes,No,Yes,No,Two year,No,Mailed check,75.87,4778.9,No
1516-SDKIN,Female,0,No,No,5,Yes,Yes,Fiber optic,No,Yes,No,Yes,Yes,Yes,Month-to-month,Yes,Mailed check,105.41,522.49,Yes
1509-LMEHJ,Female,0,No,No,58,Yes,No,No,No internet service,No internet service,No internet service,No internet service,No internet service,No internet service,Two year,Yes,Electronic check,27.6,1485.02,No
3019-SUQGY,Male,0,No,No,0,Yes,Yes,Fiber optic,Yes,No,No,No,No,No,Two year,Yes,Mailed check,76.58,,Yes
1308-EFURN,Female,0,No,No,12,Yes,No,Fiber optic,Yes,Yes,No,No,Yes,No,Month-to-month,No,Electronic check,93.99,993.2,Yes
2662-YXORV,Female,0,No,Yes,58,Yes,Yes,DSL,Yes,Yes,No,No,Yes,Yes,One year,No,Electronic check,81.97,4561.89,No
0954-XVRLB,Female,0,Yes,No,28,Yes,Yes,DSL,No,No,Yes,No,Yes,Yes,Month-to-month,No,Mailed check,80.13,2196.79,Yes
4652-ACNZE,Male,0,Yes,No,39,Yes,Yes,Fiber optic,Yes,No,No,No,No,Yes,One year,No,Electronic check,96.81,3656.92,No
0809-GKMRK,Male,0,Yes,No,11,Yes,No,Fiber optic,Yes,No,No,No,Yes,Yes,Month-to-month,Yes,Mailed check,90.33,972.86,No
0340-NAPSD,Male,1,Yes,No,41,No,No phone service,No,No internet service,No internet service,No internet service,No internet service,No internet service,No internet service,Month-to-month,No,Mailed check,18.0,705.71,No
1121-OLBYV,Male,0,Yes,No,34,Yes,No,Fiber optic,Yes,Yes,No,Yes,No,Yes,Two year,No,Bank transfer (automatic),95.24,3048.82,No
0443-WROWW,Female,0,Yes,Yes,70,Yes,No,No,No internet service,No internet service,No internet service,No internet service,No internet service,No internet service,One year,Yes,Electronic check,22.43,1514.44,No
3989-RXCWA,Female,0,No,No,10,No,No phone service,No,No internet service,No internet service,No internet service,No internet service,No internet service,No internet service,One year,No,Mailed check,18.0,171.57,No
1712-MVETM,Female,0,No,Yes,20,Yes,No,Fiber optic,No,No,No,No,No,Yes,Month-to-month,Yes,Bank transfer (automatic),80.63,1517.0,No
4433-EOXUT,Male,0,No,No,22,No,No phone service,Fiber optic,No,No,Yes,No,Yes,No,Month-to-month,Yes,Bank transfer (automatic),86.39,1926.53,Yes
5054-MEHWR,Female,0,Yes,No,9,No,No phone service,DSL,No,No,Yes,No,No,Yes,Month-to-month,No,Credit card (automatic),55.29,493.65,Yes
3103-CWQHM,Female,1,Yes,No,49,No,No phone service,Fiber optic,No,Yes,No,Yes,No,No,Month-to-month,Yes,Electronic check,71.18,3441.19,No
5210-EWSAV,Female,1,No,No,28,Yes,No,Fiber optic,Yes,Yes,No,No,No,No,Month-to-month,Yes,Bank transfer (automatic),82.11,2363.91,Yes
2797-BVQAT,Male,0,No,Yes,8,No,No phone service,DSL,No,No,No,Yes,Yes,No,Month-to-month,Yes,Credit card (automatic),54.47,449.02,Yes
4886-ZBFHS,Female,0,No,No,62,Yes,Yes,No,No internet service,No internet service,No internet service,No internet service,No internet service,No internet service,Two year,Yes,Mailed check,32.43,1878.75,No
0662-UBOFA,Male,0,No,No,13,Yes,No,Fiber optic,No,No,Yes,No,Yes,Yes,One year,Yes,Credit card (automatic),95.86,1206.67,No
4804-WUPZT,Female,0,Yes,Yes,68,Yes,Yes,DSL,No,No,Yes,No,Yes,No,Month-to-month,No,Credit card (automatic),70.72,4883.87,No
1195-FJQNC,Female,0,No,Yes,54,Yes,Yes,DSL,No,Yes,Yes,No,Yes,No,Two year,Yes,Bank transfer (automatic),74.1,3796.63,No
1297-IMDKM,Female,0,Yes,No,23,Yes,No,No,No internet service,No internet service,No internet service,No internet service,No internet service,No internet service,One year,Yes,Credit card (automatic),26.41,585.52,No
0035-EPJRM,Male,0,No,Yes,1,Yes,No,DSL,Yes,Yes,Yes,Yes,Yes,Yes,Month-to-month,Yes,Electronic check,83.74,50.24,Yes
1199-OLEGJ,Female,0,No,Yes,55,Yes,Yes,DSL,Yes,No,Yes,No,No,Yes,Month-to-month,Yes,Electronic check,72.34,4004.16,No
0241-SOBID,Male,0,No,No,4,Yes,Yes,Fiber optic,No,No,Yes,Yes,Yes,Yes,Month-to-month,Yes,Electronic check,107.03,423.87,Yes
4175-YXPQX,Female,0,No,No,34,Yes,No,No,No internet service,No internet service,No internet service,No internet service,No internet service,No internet service,Month-to-month,Yes,Bank transfer (automatic),24.15,815.08,No
0112-VDYBY,Female,1,No,Yes,30,Yes,Yes,Fiber optic,No,Yes,No,No,Yes,No,Month-to-month,Yes,Bank transfer (automatic),89.41,2693.74,No
4248-PXICY,Male,0,No,No,41,Yes,No,Fiber optic,Yes,No,No,Yes,Yes,Yes,One year,No,Credit card (automatic),102.5,4036.33,No
5113-HPGSN,Male,0,Yes,No,19,No,No phone service,DSL,Yes,No,No,Yes,No,Yes,Two year,Yes,Credit card (automatic),65.36,1162.21,No
5187-QJZON,Female,0,Yes,No,6,Yes,No,No,No internet service,No internet service,No internet service,No internet service,No internet service,No internet service,Month-to-month,No,Mailed check,27.0,143.49,No
4748-UEMPN,Male,0,No,Yes,0,Yes,Yes,Fiber optic,Yes,Yes,Yes,No,No,No,Month-to-month,No,Credit card (automatic),94.09,,No
4882-UEWWP,Female,0,No,Yes,32,Yes,Yes,Fiber optic,No,Yes,No,No,Yes,No,Month-to-month,Yes,Credit card (automatic),93.49,2970.92,Yes
3978-VTDKN,Male,1,Yes,No,3,Yes,No,DSL,Yes,No,Yes,No,No,No,Month-to-month,No,Mailed check,63.71,207.54,Yes
3961-SLCVA,Male,1,No,No,8,Yes,Yes,DSL,Yes,Yes,Yes,No,Yes,Yes,Month-to-month,Yes,Electronic check,91.72,716.48,Yes
2386-TVRVZ,Female,0,No,Yes,18,Yes,No,Fiber optic,No,No,Yes,No,Yes,No,Month-to-month,Yes,Mailed check,79.56,1409.98,Yes
1059-RZHZN,Female,0,No,Yes,18,Yes,No,Fiber optic,Yes,Yes,Yes,No,No,Yes,One year,Yes,Electronic check,101.46,1842.77,Yes
0581-BZGCR,Male,0,Yes,Yes,69,Yes,No,Fiber optic,No,Yes,No,No,No,Yes,Month-to-month,No,Mailed check,84.2,5674.53,Yes
3081-DSZUL,Female,0,Yes,No,2,Yes,Yes,DSL,No,No,No,No,No,Yes,Month-to-month,No,Mailed check,63.69,145.44,No
1440-KYMQE,Female,0,No,No,66,Yes,No,Fiber optic,Yes,No,Yes,No,No,No,Two year,No,Mailed check,82.35,4988.22,No
2195-OELKC,Female,0,No,No,63,Yes,Yes,No,No internet service,No internet service,No internet service,No internet service,No internet service,No internet service,One year,No,Electronic check,28.53,1726.56,No
3286-UCBMX,Male,1,No,Yes,12,Yes,Yes,No,No internet service,No internet service,No internet service,No internet service,No internet service,No internet service,Month-to-month,Yes,Electronic check,31.68,400.19,Yes
0485-OEIBA,Male,0,Yes,No,19,Yes,No,Fiber optic,Yes,No,Yes,No,No,Yes,Month-to-month,No,Electronic check,90.45,1677.8,Yes
4713-YWAYV,Male,0,Yes,No,0,Yes,No,DSL,Yes,Yes,No,No,Yes,No,Month-to-month,Yes,Mailed check,71.3,,No
0648-REEEV,Male,0,No,Yes,4,No,No phone service,DSL,No,No,No,No,No,No,Month-to-month,No,Mailed check,45.46,160.52,No
2141-IBASD,Female,0,Yes,No,59,Yes,Yes,Fiber optic,No,No,Yes,No,Yes,Yes,One year,Yes,Mailed check,99.44,5582.63,No
1390-LNUQK,Female,0,Yes,Yes,44,Yes,No,No,No internet service,No internet service,No internet service,No internet service,No internet service,No internet service,One year,No,Electronic check,26.14,1128.32,No
5153-RRHRE,Male,0,Yes,No,4,Yes,Yes,Fiber optic,No,No,No,No,No,No,Month-to-month,Yes,Bank transfer (automatic),75.45,187.68,Yes
1568-CUJIS,Female,0,Yes,No,46,No,No phone service,No,No internet service,No internet service,No internet service,No internet service,No internet service,No internet service,Two year,Yes,Bank transfer (automatic),18.0,762.36,No
2101-RRIMJ,Male,0,Yes,No,69,Yes,No,No,No internet service,No internet service,No internet service,No internet service,No internet service,No internet service,One year,No,Bank transfer (automatic),26.9,1810.93,No
2757-QNQFR,Male,0,No,No,10,Yes,Yes,No,No internet service,No internet service,No internet service,No internet service,No internet service,No internet service,Month-to-month,No,Credit card (automatic),33.42,319.13,No
0162-FZLKA,Male,0,No,No,26,Yes,Yes,Fiber optic,No,Yes,Yes,No,No,No,One year,No,Mailed check,85.01,2089.45,No
0604-LKDVP,Male,0,No,No,52,Yes,No,DSL,No,Yes,No,Yes,No,Yes,One year,No,Credit card (automatic),67.88,3419.91,No
3687-WDVWL,Female,0,No,No,17,Yes,Yes,DSL,No,Yes,No,No,No,No,Month-to-month,Yes,Credit card (automatic),58.24,1041.55,No
0098-JHOIS,Male,0,No,No,33,No,No phone service,Fiber optic,Yes,No,No,Yes,No,No,Month-to-month,Yes,Electronic check,70.43,2334.52,Yes
3308-SWTHR,Male,0,Yes,Yes,26,Yes,No,No,No internet service,No internet service,No internet service,No internet service,No internet service,No internet service,Two year,Yes,Credit card (automatic),25.05,588.58,No
1437-ZXJDJ,Female,0,No,No,31,Yes,Yes,Fiber optic,Yes,No,Yes,No,No,Yes,Month-to-month,No,Electronic check,100.21,3183.28,Yes
5182-MXZUH,Female,0,No,No,7,Yes,No,No,No internet service,No internet service,No internet service,No internet service,No internet service,No internet service,Month-to-month,Yes,Mailed check,27.89,193.67,No
0190-NSEVD,Male,0,No,No,18,Yes,No,Fiber optic,No,Yes,Yes,No,No,No,Month-to-month,Yes,Credit card (automatic),81.05,1364.9,Yes
0720-CJDLK,Female,1,Yes,Yes,11,Yes,No,DSL,No,Yes,No,Yes,Yes,No,One year,Yes,Electronic check,67.62,721.17,No
0737-WTWHV,Male,0,Yes,No,32,Yes,Yes,DSL,No,No,No,No,No,Yes,Two year,Yes,Electronic check,66.85,2040.13,No
5027-RCGSY,Male,0,No,No,35,Yes,No,Fiber optic,No,Yes,No,Yes,Yes,Yes,Month-to-month,Yes,Electronic check,94.2,3331.51,No
0063-YNHCF,Female,0,No,Yes,53,Yes,No,DSL,No,No,No,No,Yes,No,Two year,No,Credit card (automatic),56.96,2803.15,No
3651-SYBHQ,Female,1,Yes,No,2,Yes,Yes,Fiber optic,Yes,Yes,Yes,No,No,No,Month-to-month,Yes,Electronic check,93.5,96.0,Yes
3926-PNTMH,Male,0,No,No,18,Yes,No,Fiber optic,No,Yes,No,No,No,Yes,Two year,No,Mailed check,81.24,1361.74,No
0688-JOCYH,Male,0,No,No,7,Yes,No,DSL,No,Yes,No,No,Yes,No,Month-to-month,No,Electronic check,69.68,449.73,Yes
3513-ZKDZT,Male,0,Yes,No,43,Yes,Yes,DSL,No,No,No,No,Yes,Yes,Month-to-month,Yes,Electronic check,78.62,3420.6,Yes
0484-RXOSN,Female,0,No,No,5,No,No phone service,Fiber optic,No,Yes,Yes,No,Yes,No,Month-to-month,No,Bank transfer (automatic),85.29,315.18,Yes
4332-LXETE,Male,0,No,No,10,Yes,Yes,Fiber optic,No,No,Yes,No,No,Yes,Month-to-month,Yes,Electronic check,94.14,925.95,Yes
1656-FGFGV,Female,0,No,No,13,Yes,No,Fiber optic,No,No,No,No,No,No,Two year,Yes,Electronic check,73.52,894.22,Yes
3996-WUNIQ,Female,1,Yes,No,50,Yes,No,Fiber optic,No,No,Yes,Yes,No,No,Month-to-month,No,Mailed check,83.54,4110.15,No
2909-USRVC,Female,0,No,No,52,Yes,No,Fiber optic,No,No,No,Yes,No,No,Two year,No,Credit card (automatic),75.77,3721.02,No
1971-UTOPM,Female,0,No,Yes,19,Yes,No,Fiber optic,No,Yes,No,Yes,Yes,No,Month-to-month,Yes,Mailed check,86.84,1765.7,Yes
1888-SZCZJ,Male,0,No,No,34,Yes,Yes,Fiber optic,No,No,No,No,Yes,No,One year,Yes,Bank transfer (automatic),83.78,2751.76,No
3970-HGDTP,Male,0,Yes,No,35,Yes,No,Fiber optic,Yes,No,Yes,Yes,No,Yes,Month-to-month,No,Electronic check,93.82,3346.61,Yes
2587-GSRSZ,Female,0,No,No,18,Yes,No,DSL,No,No,No,No,No,No,Two year,No,Electronic check,50.4,839.76,No
2837-QAHMT,Male,0,No,No,14,Yes,No,No,No internet service,No internet service,No internet service,No internet service,No internet service,No internet service,Month-to-month,No,Electronic check,24.02,341.55,Yes
3813-DUBQU,Male,0,No,No,59,Yes,Yes,DSL,No,No,No,No,No,Yes,Two year,Yes,Mailed check,65.02,3487.98,No
3608-ZLJII,Male,0,Yes,No,9,Yes,No,Fiber optic,Yes,Yes,No,No,No,Yes,Month-to-month,Yes,Bank transfer (automatic),90.81,807.43,No
4658-KMHZL,Male,0,No,No,46,No,No phone service,DSL,Yes,No,No,No,Yes,Yes,One year,No,Electronic check,68.99,3050.26,No
4679-OFODP,Male,0,Yes,No,7,Yes,No,No,No internet service,No internet service,No internet service,No internet service,No internet service,No internet service,Month-to-month,Yes,Bank transfer (automatic),23.6,146.29,No
0542-TLNRO,Female,0,No,Yes,21,Yes,Yes,Fiber optic,No,Yes,No,Yes,No,Yes,Two year,Yes,Mailed check,97.68,1940.5,No
3716-WBEXJ,Female,1,No,No,6,Yes,Yes,No,No internet service,No internet service,No internet service,No internet service,No internet service,No internet service,Month-to-month,Yes,Bank transfer (automatic),30.75,173.26,Yes
2491-DFRMP,Male,0,Yes,No,18,Yes,No,Fiber optic,No,No,No,Yes,No,No,Month-to-month,No,Electronic check,72.75,1224.93,Yes
5029-NBQXG,Male,0,Yes,No,26,Yes,No,No,No internet service,No internet service,No internet service,No internet service,No internet service,No internet service,Month-to-month,No,Mailed check,32.43,850.96,No
2570-CVMPX,Female,0,Yes,No,13,Yes,No,DSL,No,No,No,Yes,Yes,Yes,Month-to-month,Yes,Mailed check,77.75,917.51,No
4762-FVALA,Female,0,Yes,No,6,Yes,No,No,No internet service,No internet service,No internet service,No internet service,No internet service,No internet service,Month-to-month,No,Bank transfer (automatic),22.27,142.59,No
4182-KSJEJ,Male,0,Yes,Yes,30,Yes,No,No,No internet service,No internet service,No internet service,No internet service,No internet service,No internet service,Month-to-month,No,Credit card (automatic),22.06,633.84,No
4141-DBUKP,Female,0,No,No,9,Yes,No,DSL,Yes,No,Yes,No,Yes,No,Month-to-month,Yes,Bank transfer (automatic),72.21,692.86,Yes
4109-PRTRQ,Male,0,Yes,No,29,Yes,No,Fiber optic,Yes,Yes,No,No,No,No,One year,No,Credit card (automatic),80.48,2351.74,No
2054-JPTWE,Male,0,Yes,No,52,Yes,No,DSL,No,No,No,No,Yes,No,Two year,Yes,Mailed check,60.02,2890.21,No
2646-RPXMU,Female,0,Yes,No,38,Yes,No,No,No internet service,No internet service,No internet service,No internet service,No internet service,No internet service,Two year,Yes,Electronic check,29.71,1052.11,No
1938-XCGFM,Female,0,No,Yes,72,Yes,No,DSL,No,No,No,No,No,Yes,Two year,Yes,Mailed check,60.68,4038.59,No
4276-PGDVM,Female,0,Yes,No,21,Yes,No,No,No internet service,No internet service,No internet service,No internet service,No internet service,No internet service,Month-to-month,No,Electronic check,26.64,572.6,Yes
3300-IQAAP,Female,0,No,No,47,Yes,No,DSL,Yes,Yes,No,No,No,Yes,Month-to-month,No,Mailed check,64.55,3108.11,No
3621-QGKGC,Female,0,Yes,Yes,26,Yes,No,DSL,No,Yes,Yes,Yes,Yes,No,One year,Yes,Credit card (automatic),75.33,1906.23,No
2513-THGYM,Male,0,No,No,40,Yes,Yes,DSL,Yes,No,No,No,No,No,Month-to-month,Yes,Bank transfer (automatic),64.23,2590.85,No
4705-YTQUR,Female,0,Yes,Yes,37,Yes,Yes,No,No internet service,No internet service,No internet service,No internet service,No internet service,No internet service,Two year,Yes,Mailed check,35.07,1262.63,No
3224-CIAAU,Female,0,No,No,15,Yes,Yes,DSL,No,No,No,No,No,No,Month-to-month,No,Bank transfer (automatic),59.08,895.78,Yes
2606-PJLIO,Female,0,Yes,No,19,No,No phone service,DSL,No,No,No,Yes,Yes,No,One year,No,Electronic check,59.09,1034.41,Yes
3205-CJQRI,Female,0,No,Yes,66,Yes,No,Fiber optic,No,No,Yes,Yes,No,No,Two year,No,Credit card (automatic),83.51,5031.77,No
1827-OYEDU,Male,0,No,Yes,4,Yes,No,DSL,Yes,Yes,Yes,No,Yes,Yes,Month-to-month,No,Electronic check,82.21,349.94,No
1149-TGWWU,Male,0,No,No,39,Yes,No,Fiber optic,No,No,Yes,Yes,Yes,No,Two year,No,Electronic check,88.92,3168.64,No
0432-GFCGR,Male,0,No,Yes,12,Yes,No,No,No internet service,No internet service,No internet service,No internet service,No internet service,No internet service,One year,Yes,Electronic check,27.19,316.56,Yes
0600-YBOIK,Female,0,Yes,No,0,Yes,No,No,No internet service,No internet service,No internet service,No internet service,No internet service,No internet service,One year,No,Mailed check,26.18,,No
0300-IXKZD,Female,1,Yes,No,65,Yes,Yes,Fiber optic,Yes,No,No,Yes,Yes,No,Month-to-month,Yes,Electronic check,95.57,6302.17,Yes
4266-ASXOW,Male,0,Yes,Yes,70,Yes,No,DSL,No,Yes,Yes,Yes,Yes,No,One year,Yes,Credit card (automatic),75.33,5083.11,No
3134-CVXPH,Male,0,No,Yes,28,Yes,Yes,No,No internet service,No internet service,No internet service,No internet service,No internet service,No internet service,Month-to-month,Yes,Bank transfer (automatic),23.42,700.33,No
4375-IVAAY,Male,0,Yes,No,30,Yes,Yes,Fiber optic,No,Yes,Yes,No,Yes,No,One year,Yes,Electronic check,96.55,2775.74,No
3099-PNFVE,Male,1,Yes,Yes,11,Yes,Yes,DSL,No,No,No,Yes,Yes,Yes,Month-to-month,No,Electronic check,82.83,900.23,Yes
2461-LRZZC,Female,0,No,No,58,Yes,No,DSL,No,Yes,No,No,No,No,One year,Yes,Mailed check,52.54,2936.08,No
3389-RGWQQ,Female,0,No,No,9,Yes,No,Fiber optic,No,Yes,Yes,Yes,Yes,No,Month-to-month,No,Electronic check,94.48,658.6,Yes
0263-DXVNH,Female,0,No,No,53,Yes,Yes,DSL,Yes,No,Yes,No,Yes,No,One year,No,Mailed check,75.69,3954.05,No
2860-HRRJJ,Male,0,No,No,59,No,No phone service,No,No internet service,No internet service,No internet service,No internet service,No internet service,No internet service,Two year,No,Bank transfer (automatic),18.0,976.21,No
2982-NLPRQ,Female,0,Yes,Yes,34,Yes,Yes,Fiber optic,No,No,Yes,No,Yes,Yes,One year,Yes,Mailed check,105.96,3479.07,Yes
4980-KISYR,Female,0,Yes,Yes,1,Yes,No,Fiber optic,No,No,Yes,Yes,No,Yes,Month-to-month,Yes,Credit card (automatic),86.09,109.47,Yes
0760-TLRZZ,Female,0,No,No,44,Yes,No,No,No internet service,No internet service,No internet service,No internet service,No internet service,No internet service,Two year,No,Mailed check,23.96,977.89,Yes
3842-RHFMW,Male,1,No,No,63,Yes,No,Fiber optic,Yes,Yes,No,Yes,No,No,Two year,Yes,Bank transfer (automatic),86.32,5023.17,No
2356-JHWFO,Male,0,No,No,58,Yes,Yes,No,No internet service,No internet service,No internet service,No internet service,No internet service,No internet service,One year,No,Mailed check,27.66,1540.02,No
4400-NOHYF,Male,0,No,Yes,0,Yes,Yes,Fiber optic,No,No,Yes,No,Yes,Yes,Month-to-month,Yes,Mailed check,102.49,,Yes
1201-SFWHW,Female,0,Yes,No,18,Yes,Yes,No,No internet service,No internet service,No internet service,No internet service,No internet service,No internet service,Month-to-month,No,Credit card (automatic),35.35,647.73,No
0672-IAEJA,Male,0,No,No,42,Yes,No,No,No internet service,No internet service,No internet service,No internet service,No internet service,No internet service,One year,Yes,Mailed check,24.12,951.21,No
3954-AASAC,Female,1,No,No,66,Yes,Yes,DSL,No,Yes,Yes,No,Yes,Yes,Month-to-month,Yes,Electronic check,88.22,5773.74,No
2987-GZQMY,Female,0,Yes,No,25,Yes,Yes,Fiber optic,No,Yes,No,Yes,Yes,No,One year,No,Bank transfer (automatic),92.16,2196.56,Yes
0033-IMXJZ,Female,0,Yes,No,28,No,No phone service,No,No internet service,No internet service,No internet service,No internet service,No internet service,No internet service,Month-to-month,No,Electronic check,23.23,623.31,No
1933-MMACF,Female,0,Yes,No,2,Yes,Yes,DSL,No,No,No,Yes,No,Yes,Month-to-month,No,Credit card (automatic),71.76,109.14,Yes
3022-WWRGF,Female,0,No,No,16,Yes,Yes,No,No internet service,No internet service,No internet service,No internet service,No internet service,No internet service,Two year,Yes,Mailed check,33.38,471.81,Yes
2736-EGLCF,Female,0,Yes,No,14,Yes,No,Fiber optic,No,No,Yes,Yes,No,Yes,Month-to-month,Yes,Electronic check,90.79,1199.35,Yes
2490-UBATS,Female,0,Yes,No,70,Yes,No,Fiber optic,No,No,No,Yes,No,No,One year,Yes,Electronic check,78.27,5439.61,Yes
4507-DFISX,Female,0,Yes,No,55,Yes,Yes,DSL,Yes,Yes,Yes,No,No,Yes,Two year,Yes,Mailed check,79.31,4005.23,No
1423-JNDSY,Female,0,No,Yes,8,No,No phone service,Fiber optic,Yes,Yes,No,Yes,Yes,Yes,Month-to-month,Yes,Bank transfer (automatic),99.84,706.88,Yes
0507-VGOXI,Female,0,No,No,8,Yes,No,No,No internet service,No internet service,No internet service,No internet service,No internet service,No internet service,Month-to-month,No,Bank transfer (automatic),24.14,218.85,No
3124-DUVYA,Female,1,Yes,Yes,14,Yes,Yes,Fiber optic,Yes,No,Yes,Yes,Yes,No,Two year,No,Mailed check,98.49,1202.88,No
3015-QBLED,Male,0,Yes,No,33,Yes,Yes,Fiber optic,Yes,No,No,No,Yes,No,Two year,Yes,Electronic check,92.62,2872.8,No
0646-PKTBO,Female,0,No,No,3,Yes,No,No,No internet service,No internet service,No internet service,No internet service,No internet service,No internet service,Month-to-month,Yes,Mailed check,26.17,113.55,No
5077-DRKUH,Male,0,No,No,0,Yes,Yes,Fiber optic,No,No,No,No,Yes,No,Month-to-month,Yes,Electronic check,88.02,,Yes
1496-AIJTB,Male,0,No,Yes,17,Yes,No,DSL,No,No,Yes,No,Yes,Yes,Month-to-month,Yes,Credit card (automatic),73.57,1327.59,Yes
4303-AZQHR,Female,0,No,Yes,0,Yes,Yes,Fiber optic,Yes,Yes,No,No,No,No,Month-to-month,No,Bank transfer (automatic),87.75,,Yes
4688-UCDIT,Female,0,No,No,68,Yes,Yes,DSL,No,No,Yes,Yes,Yes,Yes,Two year,Yes,Mailed check,84.97,5300.73,No
0127-PAZZV,Male,0,No,No,2,Yes,Yes,Fiber optic,No,No,No,Yes,No,No,Month-to-month,Yes,Electronic check,85.84,144.88,Yes
1076-TNHZV,Male,0,Yes,No,61,Yes,Yes,No,No internet service,No internet service,No internet service,No internet service,No internet service,No internet service,Two year,No,Electronic check,36.15,2033.56,No
1579-YTKYQ,Female,1,Yes,No,72,Yes,Yes,Fiber optic,No,Yes,No,No,Yes,No,Month-to-month,Yes,Bank transfer (automatic),90.4,6505.13,Yes
4872-HHTBS,Male,0,Yes,No,42,Yes,No,No,No internet service,No internet service,No internet service,No internet service,No internet service,No internet service,One year,No,Credit card (automatic),20.79,842.08,No
3444-NSMCR,Female,0,Yes,No,56,Yes,Yes,Fiber optic,No,No,No,Yes,No,Yes,Month-to-month,No,Electronic check,90.58,5089.92,No
3873-XFMHI,Male,0,No,No,49,Yes,No,Fiber optic,No,Yes,No,No,No,No,Month-to-month,No,Electronic check,75.61,3722.93,Yes
3571-JQZPA,Female,0,No,No,16,Yes,Yes,DSL,No,No,No,No,Yes,Yes,Month-to-month,Yes,Electronic check,77.77,1221.45,Yes
1415-JUWTX,Male,0,Yes,No,5,No,No phone service,Fiber optic,No,No,No,No,No,Yes,Month-to-month,No,Electronic check,74.14,349.65,Yes
1853-WWZHG,Female,0,No,Yes,30,Yes,No,Fiber optic,Yes,Yes,Yes,No,No,No,One year,Yes,Electronic check,86.44,2527.15,No
2722-POTWP,Male,0,Yes,No,64,Yes,No,DSL,No,No,Yes,No,No,No,One year,Yes,Bank transfer (automatic),54.32,3384.3,No
1624-KOQYK,Female,0,Yes,Yes,63,No,No phone service,DSL,No,No,No,No,Yes,Yes,Two year,Yes,Mailed check,61.61,3597.65,No
2952-QVCJE,Female,0,No,No,65,Yes,Yes,DSL,No,Yes,No,Yes,No,No,One year,No,Bank transfer (automatic),70.48,4464.54,No
3665-VJWOL,Male,0,No,No,27,Yes,Yes,Fiber optic,No,Yes,No,No,No,No,Two year,Yes,Credit card (automatic),80.84,2094.87,No
3706-LSWDL,Male,0,No,No,67,Yes,No,DSL,No,Yes,Yes,No,No,Yes,Two year,Yes,Electronic check,67.26,4193.79,Yes
0629-VOSSS,Male,0,Yes,Yes,37,Yes,No,Fiber optic,Yes,Yes,Yes,No,Yes,Yes,Two year,No,Electronic check,103.49,3496.46,No
0775-PPYCU,Male,0,Yes,No,18,Yes,No,DSL,Yes,No,No,No,Yes,Yes,Month-to-month,Yes,Credit card (automatic),64.87,1188.53,Yes
5151-CNJVX,Female,0,Yes,Yes,68,No,No phone service,DSL,No,No,No,No,Yes,No,One year,No,Bank transfer (automatic),54.56,3658.9,No
0012-QGTOL,Male,0,No,No,20,Yes,No,No,No internet service,No internet service,No internet service,No internet service,No internet service,No internet service,Month-to-month,Yes,Mailed check,24.69,493.52,No
0167-LJDYD,Female,0,Yes,No,15,Yes,No,Fiber optic,No,Yes,No,No,No,Yes,Month-to-month,Yes,Electronic check,82.58,1216.86,Yes
0923-LOPFV,Female,0,Yes,No,5,Yes,No,Fiber optic,Yes,Yes,No,Yes,No,No,Month-to-month,Yes,Electronic check,86.89,398.25,Yes
4986-QPHED,Female,1,Yes,No,15,Yes,No,DSL,No,Yes,No,Yes,Yes,No,Month-to-month,Yes,Electronic check,58.96,896.02,No
3231-MNUOJ,Male,0,No,Yes,43,Yes,Yes,DSL,Yes,Yes,No,No,No,No,Two year,Yes,Credit card (automatic),70.71,2953.71,No
2682-NFIBW,Male,1,No,No,63,Yes,No,Fiber optic,No,Yes,Yes,No,Yes,Yes,One year,Yes,Electronic check,96.02,5919.91,No
2155-LNKTQ,Male,0,No,No,2,Yes,Yes,DSL,No,No,No,No,No,No,Month-to-month,No,Credit card (automatic),59.62,151.64,Yes
1326-CREYA,Male,0,No,Yes,18,Yes,Yes,Fiber optic,Yes,No,No,No,No,No,One year,Yes,Credit card (automatic),78.29,1301.02,No
0094-KTWLL,Female,0,Yes,No,1,Yes,Yes,Fiber optic,Yes,No,No,No,No,No,Month-to-month,Yes,Mailed check,77.29,103.4,Yes
4672-ISKMU,Male,0,No,No,40,Yes,No,No,No internet service,No internet service,No internet service,No internet service,No internet service,No internet service,Month-to-month,Yes,Mailed check,33.47,1324.75,No
0224-JHIAO,Female,0,No,No,2,Yes,Yes,DSL,No,Yes,No,Yes,Yes,Yes,Month-to-month,No,Electronic check,86.71,119.67,Yes
4988-LAZKL,Female,0,Yes,Yes,64,Yes,Yes,Fiber optic,No,No,No,No,No,No,One year,No,Credit card (automatic),80.43,5063.34,No
0362-YCLPA,Female,1,Yes,No,18,Yes,No,Fiber optic,No,Yes,No,No,No,No,Month-to-month,No,Electronic check,73.05,1249.58,Yes
4024-HIIPZ,Male,0,Yes,No,22,Yes,Yes,Fiber optic,Yes,No,No,No,Yes,Yes,Two year,Yes,Credit card (automatic),99.41,1961.51,No
3344-EGAYZ,Female,0,No,No,0,Yes,Yes,No,No internet service,No internet service,No internet service,No internet service,No internet service,No internet service,Month-to-month,Yes,Electronic check,32.13,,No
1633-MJMJP,Male,0,Yes,No,38,Yes,No,DSL,No,No,Yes,No,No,Yes,Month-to-month,Yes,Bank transfer (automatic),68.59,2667.59,No
0745-LORIN,Male,1,Yes,No,17,Yes,Yes,No,No internet service,No internet service,No internet service,No internet service,No internet service,No internet service,Month-to-month,Yes,Bank transfer (automatic),30.91,527.61,Yes
2437-XKFDX,Male,0,Yes,Yes,8,Yes,No,No,No internet service,No internet service,No internet service,No internet service,No internet service,No internet service,Month-to-month,Yes,Mailed check,32.12,294.12,Yes
1275-GIUSR,Female,0,Yes,Yes,60,Yes,No,DSL,No,No,No,No,Yes,Yes,Month-to-month,No,Credit card (automatic),70.5,4166.81,Yes
5253-NCHEH,Female,0,Yes,Yes,57,Yes,No,DSL,No,No,No,No,No,Yes,Two year,No,Electronic check,58.91,3159.38,No
3382-JFOLP,Female,0,Yes,No,18,Yes,No,DSL,No,Yes,No,No,Yes,Yes,Month-to-month,No,Credit card (automatic),70.91,1204.54,No
4580-PTDOY,Female,0,No,No,15,Yes,Yes,Fiber optic,No,Yes,No,No,No,Yes,Month-to-month,No,Electronic check,92.38,1458.36,Yes
4755-OTEVB,Male,0,No,No,13,Yes,No,Fiber optic,Yes,Yes,No,Yes,Yes,Yes,Month-to-month,Yes,Mailed check,106.68,1395.11,Yes
4676-JZYDE,Male,0,Yes,No,3,Yes,Yes,Fiber optic,Yes,No,No,Yes,No,Yes,Month-to-month,Yes,Mailed check,102.38,364.57,No
1710-YTPGB,Female,0,No,No,25,No,No phone service,Fiber optic,No,No,No,No,No,Yes,Month-to-month,No,Credit card (automatic),73.25,1808.87,Yes
0360-NALVD,Female,0,No,No,30,Yes,No,Fiber optic,Yes,No,No,No,No,Yes,Month-to-month,Yes,Mailed check,88.1,2755.64,Yes
4423-IWGKW,Female,0,No,Yes,67,No,No phone service,No,No internet service,No internet service,No internet service,No internet service,No internet service,No internet service,Two year,No,Electronic check,18.0,1124.64,No
3113-QZKFO,Female,0,Yes,Yes,30,Yes,No,DSL,No,No,No,No,No,No,One year,No,Mailed check,52.9,1507.4,No
1383-RYOBC,Female,1,No,Yes,42,Yes,Yes,Fiber optic,Yes,No,No,Yes,No,No,Two year,Yes,Credit card (automatic),89.15,3403.56,No
4372-RNKEN,Male,0,Yes,No,29,Yes,Yes,DSL,Yes,No,No,No,No,No,Two year,No,Electronic check,61.64,1631.31,Yes
0516-ACGWP,Male,0,No,No,53,Yes,Yes,Fiber optic,No,Yes,Yes,No,No,No,One year,Yes,Credit card (automatic),87.34,4384.48,Yes
1303-MURLV,Female,0,No,No,35,Yes,No,Fiber optic,No,Yes,Yes,No,Yes,Yes,Month-to-month,Yes,Bank transfer (automatic),96.64,3377.07,Yes
0761-HYBEF,Male,0,No,No,16,Yes,Yes,Fiber optic,No,No,No,No,Yes,No,One year,No,Electronic check,87.37,1414.71,Yes
2679-WAUYB,Male,0,No,Yes,15,No,No phone service,DSL,Yes,No,No,No,No,Yes,Month-to-month,Yes,Mailed check,61.3,974.34,No
0606-GKWIP,Female,0,No,No,22,Yes,No,DSL,No,No,Yes,Yes,No,No,Two year,Yes,Mailed check,62.02,1187.71,No
0851-FPNXY,Male,0,No,No,21,No,No phone service,DSL,Yes,No,Yes,Yes,No,Yes,Month-to-month,Yes,Bank transfer (automatic),65.19,1475.17,Yes
0935-NRJCR,Male,0,Yes,No,72,Yes,Yes,Fiber optic,No,No,No,No,No,Yes,Month-to-month,No,Electronic check,81.13,5818.62,Yes
5268-RSLPI,Female,0,No,No,2,Yes,No,Fiber optic,No,No,No,No,Yes,No,Month-to-month,No,Electronic check,84.35,168.64,Yes
4771-EOTUZ,Male,0,No,No,63,No,No phone service,Fiber optic,Yes,No,No,Yes,Yes,Yes,Month-to-month,No,Bank transfer (automatic),92.42,5748.78,Yes
4653-TESXE,Female,0,No,No,66,Yes,No,Fiber optic,No,No,No,No,Yes,Yes,One year,Yes,Credit card (automatic),85.74,5470.36,No
4379-UQUXO,Male,0,Yes,No,9,Yes,Yes,Fiber optic,Yes,Yes,Yes,No,Yes,No,Month-to-month,Yes,Mailed check,103.44,887.26,Yes
1363-OJDKW,Female,0,No,No,20,Yes,Yes,Fiber optic,No,Yes,No,No,No,No,One year,Yes,Bank transfer (automatic),79.02,1483.69,Yes
5207-GULNW,Female,0,No,No,6,No,No phone service,DSL,No,No,Yes,No,Yes,No,Month-to-month,No,Mailed check,53.57,366.86,Yes
0888-ZCQSJ,Female,0,Yes,No,2,No,No phone service,No,No internet service,No internet service,No internet service,No internet service,No internet service,No internet service,Month-to-month,Yes,Credit card (automatic),21.0,43.2,No
4275-ZPXMO,Female,0,Yes,No,13,Yes,Yes,No,No internet service,No internet service,No internet service,No internet service,No internet service,No internet service,Month-to-month,Yes,Bank transfer (automatic),38.61,460.68,No
0650-GRJGB,Male,0,No,No,7,No,No phone service,Fiber optic,No,Yes,Yes,No,Yes,No,Month-to-month,Yes,Electronic check,86.75,421.74,Yes
4143-GKSWC,Female,0,No,Yes,63,Yes,Yes,Fiber optic,No,No,No,No,No,Yes,One year,No,Bank transfer (automatic),83.49,5052.01,No
1062-EPMOU,Female,0,No,No,1,Yes,Yes,DSL,No,No,Yes,No,No,Yes,Month-to-month,Yes,Mailed check,70.75,138.89,Yes
4780-ZPNOZ,Male,0,No,No,39,Yes,No,DSL,No,Yes,No,No,No,Yes,One year,Yes,Credit card (automatic),70.6,2699.22,No
3693-XBZTN,Male,0,Yes,Yes,24,Yes,No,Fiber optic,Yes,No,Yes,No,No,Yes,Two year,No,Bank transfer (automatic),88.42,1993.27,No
4438-NGTNQ,Male,0,No,No,22,Yes,Yes,Fiber optic,No,No,No,Yes,No,Yes,Two year,No,Credit card (automatic),87.43,1866.38,No
5053-EIPUS,Female,0,No,Yes,0,Yes,No,Fiber optic,Yes,No,No,Yes,Yes,No,Month-to-month,No,Mailed check,88.47,,No
3717-AKEWB,Female,0,Yes,Yes,66,Yes,No,No,No internet service,No internet service,No internet service,No internet service,No internet service,No internet service,Two year,Yes,Credit card (automatic),25.42,1560.14,No
1087-EADCJ,Male,0,Yes,No,16,Yes,Yes,DSL,No,Yes,No,Yes,No,No,Two year,Yes,Bank transfer (automatic),70.04,1074.4,No
0013-TYGEU,Male,1,No,No,0,Yes,Yes,DSL,Yes,No,No,Yes,Yes,No,Month-to-month,No,Mailed check,70.81,,No
1795-RBUCL,Female,0,No,Yes,38,Yes,Yes,Fiber optic,Yes,Yes,Yes,Yes,Yes,Yes,Two year,Yes,Bank transfer (automatic),115.5,4087.2,No
2377-WTLTL,Male,0,No,No,70,Yes,No,No,No internet service,No internet service,No internet service,No internet service,No internet service,No internet service,Two year,No,Credit card (automatic),20.99,1369.84,No
2218-MMEXV,Female,0,Yes,No,8,Yes,Yes,DSL,No,Yes,Yes,No,No,Yes,Month-to-month,No,Mailed check,80.46,587.09,Yes
3463-XMISG,Male,1,Yes,Yes,38,Yes,Yes,No,No internet service,No internet service,No internet service,No internet service,No internet service,No internet service,Two year,No,Mailed check,32.75,1140.38,No
3566-GLZUG,Male,0,Yes,No,54,Yes,No,Fiber optic,No,Yes,Yes,No,Yes,Yes,Two year,Yes,Electronic check,94.95,4795.56,No
4093-INQGL,Female,0,No,No,71,Yes,Yes,No,No internet service,No internet service,No internet service,No internet service,No internet service,No internet service,Month-to-month,Yes,Electronic check,34.69,2435.8,No
3457-RROOJ,Female,0,No,Yes,66,Yes,No,No,No internet service,No internet service,No internet service,No internet service,No internet service,No internet service,One year,Yes,Mailed check,27.94,1781.81,No
3006-QNMHJ,Male,0,No,No,12,Yes,No,Fiber optic,No,Yes,Yes,Yes,No,No,Month-to-month,No,Credit card (automatic),86.16,947.71,Yes
2515-DQLBH,Male,0,No,No,19,Yes,No,DSL,No,Yes,No,No,No,Yes,Month-to-month,Yes,Mailed check,64.06,1249.81,Yes
2519-FBNFT,Male,0,Yes,No,29,Yes,No,No,No internet service,No internet service,No internet service,No internet service,No internet service,No internet service,Two year,Yes,Bank transfer (automatic),25.81,658.19,No
1829-FCUMN,Female,0,No,Yes,2,Yes,No,Fiber optic,Yes,Yes,No,Yes,No,Yes,Month-to-month,Yes,Bank transfer (automatic),93.8,224.54,No
0497-EQRXC,Male,0,Yes,No,23,Yes,No,Fiber optic,No,No,Yes,No,No,Yes,One year,Yes,Mailed check,83.2,1802.33,Yes
3751-VBNBW,Male,0,No,No,6,Yes,No,Fiber optic,No,No,No,No,No,No,Month-to-month,No,Electronic check,68.68,385.31,Yes
3483-LAMFP,Female,0,No,Yes,25,Yes,Yes,Fiber optic,No,No,No,Yes,No,Yes,Two year,Yes,Credit card (automatic),94.17,2017.83,No
3311-JLYFT,Male,0,No,No,66,Yes,No,No,No internet service,No internet service,No internet service,No internet service,No internet service,No internet service,One year,No,Electronic check,27.5,1760.62,No
2159-JNJCG,Female,1,No,No,54,Yes,No,No,No internet service,No internet service,No internet service,No internet service,No internet service,No internet service,Two year,Yes,Electronic check,21.86,1063.57,No
5136-ULGJQ,Male,0,Yes,Yes,13,No,No phone service,No,No internet service,No internet service,No internet service,No internet service,No internet service,No internet service,Month-to-month,Yes,Bank transfer (automatic),18.0,260.91,No
0125-FVVGL,Female,0,Yes,No,17,Yes,No,Fiber optic,No,No,No,No,Yes,Yes,One year,Yes,Electronic check,90.8,1586.08,Yes
5070-RPYBQ,Female,0,No,No,35,Yes,Yes,DSL,No,Yes,No,No,Yes,Yes,Two year,No,Credit card (automatic),82.46,2771.43,No
4865-WEHPQ,Male,0,Yes,No,54,Yes,No,DSL,Yes,Yes,No,No,No,Yes,One year,No,Mailed check,62.85,3243.45,No
5041-KOYKU,Female,1,No,No,67,Yes,No,Fiber optic,No,No,No,Yes,Yes,Yes,Two year,No,Mailed check,93.7,5920.59,No
3415-NJIEL,Female,0,Yes,No,8,Yes,No,No,No internet service,No internet service,No internet service,No internet service,No internet service,No internet service,Month-to-month,Yes,Credit card (automatic),27.56,194.53,Yes
4529-TDYXF,Female,0,No,No,38,No,No phone service,Fiber optic,No,No,No,Yes,Yes,Yes,Month-to-month,Yes,Electronic check,83.33,3288.79,Yes
4193-PTMMT,Female,0,Yes,Yes,13,Yes,No,No,No internet service,No internet service,No internet service,No internet service,No internet service,No internet service,Two year,Yes,Mailed check,27.09,320.82,No
5294-ZHMVH,Male,0,No,No,30,Yes,Yes,No,No internet service,No internet service,No internet service,No internet service,No internet service,No internet service,One year,Yes,Bank transfer (automatic),34.83,1002.85,No
1432-MODRN,Female,0,Yes,No,67,Yes,Yes,Fiber optic,No,No,No,Yes,No,Yes,Two year,Yes,Electronic check,86.35,5250.16,No
2471-CQQCB,Female,0,Yes,Yes,8,Yes,No,DSL,No,Yes,No,Yes,Yes,Yes,Month-to-month,Yes,Electronic check,75.83,500.26,Yes
1276-UFZUL,Male,0,Yes,Yes,9,Yes,No,No,No internet service,No internet service,No internet service,No internet service,No internet service,No internet service,Month-to-month,No,Electronic check,27.2,214.39,Yes
2592-NNQNF,Male,1,Yes,No,0,Yes,No,DSL,No,Yes,Yes,No,Yes,Yes,Month-to-month,No,Mailed check,78.72,,Yes
2964-KDGFF,Male,0,Yes,No,6,Yes,Yes,DSL,No,Yes,Yes,Yes,No,No,Month-to-month,Yes,Bank transfer (automatic),76.9,393.09,Yes
3691-OYVRP,Male,0,No,Yes,56,Yes,No,Fiber optic,No,No,No,No,No,Yes,One year,Yes,Electronic check,79.35,4202.63,No
1698-ZYWFS,Female,0,No,Yes,3,Yes,No,Fiber optic,No,No,No,No,No,Yes,Month-to-month,Yes,Electronic check,84.79,171.44,Yes
1733-OXDWL,Male,0,No,No,14,Yes,No,Fiber optic,No,Yes,No,No,Yes,No,Month-to-month,No,Electronic check,86.22,1155.16,Yes
2548-VVOPS,Female,0,Yes,No,28,Yes,Yes,Fiber optic,No,Yes,Yes,No,Yes,Yes,One year,Yes,Electronic check,104.32,2828.13,Yes
1082-BMFKX,Female,0,No,No,5,No,No phone service,Fiber optic,No,Yes,No,No,No,Yes,Month-to-month,No,Credit card (automatic),77.39,384.88,Yes
2770-CMIDL,Male,0,Yes,Yes,27,Yes,No,DSL,No,No,Yes,No,No,Yes,Two year,Yes,Credit card (automatic),64.56,1675.0,Yes
2981-SEFWA,Female,0,Yes,No,30,Yes,Yes,DSL,No,No,No,No,No,Yes,One year,No,Bank transfer (automatic),67.86,1916.84,No
4277-SKESH,Male,1,Yes,No,72,Yes,Yes,Fiber optic,No,No,Yes,Yes,Yes,Yes,Month-to-month,No,Bank transfer (automatic),102.31,7526.69,No
4166-VSYWC,Male,0,No,No,4,Yes,Yes,Fiber optic,No,Yes,No,No,Yes,No,Month-to-month,Yes,Bank transfer (automatic),94.38,422.78,Yes
2090-EOJKT,Female,0,Yes,No,17,Yes,No,DSL,Yes,Yes,No,No,Yes,Yes,Two year,No,Credit card (automatic),75.82,1192.74,No
4483-TRDRC,Male,0,Yes,Yes,25,Yes,No,No,No internet service,No internet service,No internet service,No internet service,No internet service,No internet service,Month-to-month,Yes,Mailed check,24.38,588.51,No
1197-JACCP,Female,1,Yes,No,34,No,No phone service,DSL,No,No,Yes,No,No,Yes,One year,Yes,Bank transfer (automatic),58.53,1907.05,No
4811-IZHDE,Female,0,No,No,23,Yes,No,DSL,No,No,Yes,Yes,Yes,No,Two year,Yes,Electronic check,66.02,1437.34,No
1927-TFCEB,Female,0,Yes,Yes,2,Yes,Yes,No,No internet service,No internet service,No internet service,No internet service,No internet service,No internet service,Month-to-month,Yes,Credit card (automatic),33.52,90.67,No
3477-PRHVM,Male,0,No,Yes,16,Yes,No,DSL,Yes,No,No,Yes,Yes,Yes,Month-to-month,No,Credit card (automatic),77.51,1206.11,No
5120-NSDTG,Female,0,Yes,No,2,Yes,No,Fiber optic,Yes,No,No,No,Yes,No,Month-to-month,Yes,Electronic check,81.27,158.43,Yes
3677-BSDVD,Female,0,Yes,No,0,Yes,Yes,Fiber optic,Yes,No,No,No,Yes,No,Month-to-month,No,Bank transfer (automatic),88.83,,No
2047-FNDXG,Male,0,Yes,No,29,Yes,No,No,No internet service,No internet service,No internet service,No internet service,No internet service,No internet service,Month-to-month,No,Credit card (automatic),25.49,720.29,No
0350-AVKTM,Male,0,No,No,4,Yes,Yes,Fiber optic,Yes,No,No,No,Yes,Yes,Month-to-month,Yes,Mailed check,99.04,370.29,Yes
4443-JNTZB,Male,1,No,Yes,66,Yes,No,Fiber optic,No,No,Yes,Yes,No,Yes,Month-to-month,Yes,Electronic check,94.29,6225.7,Yes
2142-XYVHO,Male,0,Yes,Yes,16,Yes,Yes,No,No internet service,No internet service,No internet service,No internet service,No internet service,No internet service,Month-to-month,No,Credit card (automatic),32.97,451.22,No
2883-SAYLD,Male,0,Yes,Yes,22,Yes,Yes,DSL,Yes,Yes,Yes,No,Yes,No,Month-to-month,Yes,Bank transfer (automatic),82.55,1916.4,No
0106-JTWTD,Male,0,Yes,No,5,Yes,No,DSL,No,No,Yes,Yes,Yes,Yes,Month-to-month,Yes,Mailed check,79.53,280.03,Yes
1555-ORNZQ,Male,0,Yes,No,19,Yes,Yes,No,No internet service,No internet service,No internet service,No internet service,No internet service,No internet service,Month-to-month,Yes,Electronic check,37.4,735.16,No
0431-PPEEH,Male,0,Yes,No,61,Yes,Yes,Fiber optic,No,No,Yes,Yes,No,Yes,One year,No,Credit card (automatic),96.66,5782.84,No
1537-UGWNE,Male,0,Yes,No,61,Yes,No,No,No internet service,No internet service,No internet service,No internet service,No internet service,No internet service,One year,No,Mailed check,20.64,1241.58,No
4000-DOWHO,Female,0,No,Yes,25,Yes,Yes,DSL,No,Yes,No,Yes,Yes,No,Two year,Yes,Credit card (automatic),79.53,1836.96,No
2362-DCQQC,Female,1,No,No,69,No,No phone service,Fiber optic,No,No,Yes,No,No,Yes,One year,Yes,Credit card (automatic),73.72,4830.75,No
2951-SJRAT,Female,0,No,No,15,Yes,No,Fiber optic,No,Yes,No,No,Yes,No,One year,No,Bank transfer (automatic),78.16,1144.21,Yes
3391-LUWZY,Male,1,No,No,13,Yes,No,DSL,No,No,No,Yes,Yes,Yes,Month-to-month,Yes,Electronic check,76.59,957.12,Yes
2076-YXIXH,Male,0,No,No,1,No,No phone service,DSL,Yes,No,No,No,Yes,Yes,Month-to-month,Yes,Bank transfer (automatic),63.6,61.31,No
1358-BOVXI,Female,0,Yes,No,44,Yes,Yes,DSL,No,No,No,No,Yes,No,One year,No,Mailed check,71.07,2950.56,No
1850-FSOCG,Female,0,Yes,Yes,10,No,No phone service,Fiber optic,No,No,No,No,No,No,Month-to-month,Yes,Credit card (automatic),61.9,622.03,No
2281-GRJKV,Female,0,Yes,Yes,35,Yes,No,Fiber optic,No,No,No,Yes,Yes,Yes,Month-to-month,Yes,Credit card (automatic),93.92,3259.61,Yes
3936-GUBNY,Male,0,Yes,No,11,Yes,No,DSL,No,Yes,No,Yes,Yes,Yes,Month-to-month,No,Bank transfer (automatic),84.15,869.3,No
0418-LMOTT,Male,1,No,No,25,Yes,No,No,No internet service,No internet service,No internet service,No internet service,No internet service,No internet service,One year,Yes,Electronic check,22.29,532.64,No
2394-XHNNS,Male,0,No,No,3,Yes,Yes,Fiber optic,Yes,Yes,Yes,No,No,Yes,Month-to-month,Yes,Electronic check,101.07,118.98,Yes
0203-HYUOE,Male,1,No,No,28,Yes,Yes,DSL,No,No,No,Yes,Yes,Yes,Month-to-month,No,Mailed check,76.95,2216.2,No
2719-ZXCFB,Male,0,Yes,No,16,Yes,No,No,No internet service,No internet service,No internet service,No internet service,No internet service,No internet service,Two year,Yes,Credit card (automatic),27.72,396.55,Yes
2893-VWIFW,Female,0,No,No,11,Yes,No,No,No internet service,No internet service,No internet service,No internet service,No internet service,No internet service,Month-to-month,Yes,Electronic check,32.63,379.56,Yes
4864-QNDPN,Male,0,Yes,No,24,Yes,Yes,Fiber optic,Yes,Yes,No,No,No,Yes,Month-to-month,No,Bank transfer (automatic),95.56,2187.05,Yes
0654-CNBMK,Female,0,Yes,No,24,Yes,Yes,No,No internet service,No internet service,No internet service,No internet service,No internet service,No internet service,Two year,Yes,Mailed check,38.74,905.13,No
0788-EWJHV,Female,0,Yes,No,4,Yes,No,DSL,Yes,No,No,No,No,No,Month-to-month,No,Credit card (automatic),60.41,264.34,No
4470-YVYXP,Female,0,No,No,34,Yes,Yes,No,No internet service,No internet service,No internet service,No internet service,No internet service,No internet service,Two year,Yes,Mailed check,33.97,1009.57,No
0260-KBTRX,Female,1,Yes,No,13,Yes,Yes,DSL,No,Yes,Yes,No,Yes,No,Month-to-month,Yes,Bank transfer (automatic),75.55,1054.83,Yes
0406-JKOSD,Female,0,No,No,31,Yes,Yes,DSL,Yes,No,No,No,Yes,Yes,One year,Yes,Bank transfer (automatic),82.1,2466.53,No
4119-SLRKC,Female,0,No,Yes,35,Yes,Yes,DSL,No,No,No,No,No,No,Month-to-month,Yes,Mailed check,55.1,1916.21,Yes
4750-AALUM,Female,0,No,No,2,No,No phone service,Fiber optic,No,No,No,No,Yes,Yes,Month-to-month,Yes,Electronic check,81.78,120.65,Yes
0160-FKIOS,Female,0,No,No,48,Yes,No,No,No internet service,No internet service,No internet service,No internet service,No internet service,No internet service,Two year,No,Bank transfer (automatic),29.21,1269.73,No
0358-ATKGE,Female,0,Yes,No,43,Yes,Yes,Fiber optic,No,No,Yes,Yes,No,No,Two year,No,Electronic check,89.4,3457.28,No
1655-UFQWI,Female,0,No,No,19,Yes,Yes,DSL,Yes,Yes,Yes,No,Yes,No,Month-to-month,Yes,Electronic check,79.24,1454.74,No
2411-AETGM,Male,0,No,No,8,Yes,Yes,Fiber optic,Yes,No,No,No,Yes,No,Month-to-month,Yes,Electronic check,92.48,724.72,Yes
1913-LCWBG,Male,0,No,No,62,Yes,No,DSL,No,No,Yes,No,Yes,Yes,Month-to-month,Yes,Mailed check,73.08,4594.02,No
1577-LQVWD,Male,0,Yes,No,15,Yes,Yes,Fiber optic,No,No,No,No,Yes,Yes,Two year,No,Credit card (automatic),94.84,1333.18,Yes
1590-BEDUF,Female,1,No,No,0,Yes,No,No,No internet service,No internet service,No internet service,No internet service,No internet service,No internet service,One year,Yes,Mailed check,24.31,,No
2607-DHSHG,Male,0,No,Yes,64,Yes,Yes,Fiber optic,No,Yes,No,Yes,Yes,Yes,One year,Yes,Mailed check,103.98,6477.42,Yes
3008-ALVBZ,Female,0,No,Yes,57,Yes,Yes,DSL,No,No,No,No,No,No,Two year,No,Credit card (automatic),52.08,2795.25,No
5154-POPOY,Male,0,Yes,No,49,Yes,No,Fiber optic,Yes,No,Yes,No,Yes,Yes,Two year,Yes,Credit card (automatic),95.48,4406.35,No
2705-EAKCQ,Female,1,Yes,Yes,24,No,No phone service,Fiber optic,Yes,Yes,Yes,No,Yes,No,Month-to-month,Yes,Bank transfer (automatic),90.15,2133.11,No
4365-YVLQJ,Female,0,No,No,68,Yes,Yes,DSL,Yes,No,Yes,No,No,No,One year,Yes,Electronic check,69.66,4555.31,No
1144-YYZZM,Male,0,No,No,16,Yes,Yes,Fiber optic,No,Yes,No,Yes,No,No,Two year,Yes,Mailed check,88.82,1389.84,No
4201-WTLJB,Female,0,No,Yes,3,Yes,Yes,Fiber optic,No,Yes,No,No,Yes,No,Month-to-month,Yes,Credit card (automatic),93.45,401.81,Yes
1941-CRPEY,Male,0,No,No,58,Yes,Yes,DSL,No,Yes,No,Yes,Yes,No,Two year,No,Mailed check,77.71,4141.78,No
3024-WSKMQ,Female,0,Yes,No,26,Yes,No,No,No internet service,No internet service,No internet service,No internet service,No internet service,No internet service,Two year,No,Credit card (automatic),29.65,692.69,No
3524-RKHSF,Female,0,No,No,43,Yes,Yes,DSL,No,No,No,No,Yes,No,One year,Yes,Bank transfer (automatic),67.07,2736.14,No
2908-RAIAK,Male,0,Yes,No,19,Yes,No,DSL,No,No,Yes,Yes,No,No,Two year,No,Credit card (automatic),64.72,1170.44,No
1008-WJIXU,Female,0,Yes,Yes,32,Yes,No,Fiber optic,Yes,No,Yes,No,No,Yes,One year,No,Credit card (automatic),91.52,2911.77,Yes
4418-KPMXS,Male,0,Yes,No,22,Yes,No,Fiber optic,No,No,No,No,No,Yes,Two year,No,Bank transfer (automatic),80.79,1686.91,Yes
2721-YCJTF,Male,0,Yes,Yes,20,Yes,No,No,No internet service,No internet service,No internet service,No internet service,No internet service,No internet service,Month-to-month,No,Electronic check,20.19,425.58,No
0315-RCBTA,Male,0,No,Yes,33,Yes,Yes,Fiber optic,Yes,No,Yes,No,No,No,One year,Yes,Electronic check,85.76,2783.56,No
5180-BCSSD,Female,0,No,No,33,Yes,No,No,No internet service,No internet service,No internet service,No internet service,No internet service,No internet service,Two year,No,Mailed check,26.01,797.09,No
0871-PLLIY,Female,0,No,No,12,Yes,Yes,Fiber optic,Yes,Yes,Yes,No,No,No,Month-to-month,No,Credit card (automatic),97.27,1039.8,No
3999-RLRMD,Female,0,Yes,No,53,Yes,Yes,Fiber optic,Yes,Yes,No,Yes,Yes,No,One year,Yes,Credit card (automatic),104.07,5424.8,No
3789-BZXTS,Female,1,No,No,48,Yes,Yes,DSL,No,No,No,No,No,Yes,One year,No,Credit card (automatic),66.02,3048.14,No
1071-ISPEQ,Female,0,No,No,5,Yes,No,Fiber optic,No,Yes,No,Yes,No,Yes,Month-to-month,No,Credit card (automatic),89.09,378.8,Yes
1501-QRKTG,Female,0,No,Yes,9,Yes,No,No,No internet service,No internet service,No internet service,No internet service,No internet service,No internet service,Month-to-month,Yes,Bank transfer (automatic),24.99,226.1,No
3102-OMHKD,Male,0,Yes,No,21,Yes,No,No,No internet service,No internet service,No internet service,No internet service,No internet service,No internet service,Month-to-month,No,Electronic check,25.11,517.87,No
4730-AJVME,Female,1,Yes,No,34,Yes,Yes,DSL,No,Yes,Yes,No,Yes,No,Month-to-month,Yes,Mailed check,75.3,2540.38,No
2763-BNQZD,Male,1,No,Yes,67,Yes,Yes,DSL,No,Yes,Yes,Yes,Yes,No,Two year,No,Bank transfer (automatic),77.28,4805.62,No
2026-PTKKA,Female,0,No,No,9,Yes,Yes,Fiber optic,No,Yes,No,No,Yes,No,One year,Yes,Mailed check,92.99,981.5,Yes
0571-ZXEZN,Male,0,Yes,Yes,38,Yes,Yes,DSL,Yes,Yes,No,Yes,No,No,Two year,No,Credit card (automatic),68.07,2511.73,No
0544-RSNHP,Female,0,Yes,No,22,Yes,No,Fiber optic,No,Yes,No,No,No,No,Month-to-month,No,Bank transfer (automatic),73.38,1578.99,Yes
1641-QXAOG,Male,0,No,No,24,Yes,No,DSL,No,No,No,No,No,No,One year,Yes,Electronic check,46.86,1093.21,No
0228-NKBJL,Male,0,Yes,Yes,20,Yes,No,DSL,Yes,No,No,No,No,No,Month-to-month,No,Bank transfer (automatic),54.3,1088.61,No
2759-GHSJA,Male,0,Yes,No,41,Yes,Yes,Fiber optic,No,No,No,No,Yes,No,One year,Yes,Electronic check,87.39,3522.06,No
1838-IFXAA,Male,0,Yes,No,45,No,No phone service,Fiber optic,No,Yes,No,No,Yes,No,Two year,Yes,Electronic check,72.7,3051.77,Yes
1220-ZTKBV,Female,0,No,Yes,64,Yes,Yes,Fiber optic,No,No,Yes,No,Yes,Yes,Month-to-month,No,Credit card (automatic),99.45,6318.85,Yes
2002-TFHQO,Male,0,No,No,69,Yes,Yes,Fiber optic,Yes,No,Yes,No,No,Yes,One year,No,Bank transfer (automatic),96.04,6348.97,Yes
2147-MVRWD,Female,0,Yes,Yes,3,Yes,Yes,Fiber optic,No,No,Yes,No,Yes,No,Month-to-month,No,Credit card (automatic),95.19,291.31,Yes
3957-ATHDY,Male,0,Yes,No,8,Yes,No,DSL,No,No,Yes,Yes,No,No,Month-to-month,Yes,Mailed check,63.14,558.35,No
3756-TDHHG,Female,0,Yes,No,33,Yes,Yes,DSL,No,No,No,Yes,No,Yes,Two year,Yes,Electronic check,71.32,2186.99,No
4895-RMUXD,Female,0,No,No,6,Yes,Yes,DSL,No,No,Yes,Yes,Yes,Yes,One year,Yes,Mailed check,84.38,402.09,Yes
4710-BMKLM,Male,0,No,No,31,Yes,No,Fiber optic,No,Yes,Yes,No,Yes,Yes,Month-to-month,Yes,Electronic check,103.99,3247.24,Yes
0288-YVVNG,Female,1,No,Yes,60,No,No phone service,DSL,Yes,Yes,No,Yes,Yes,Yes,One year,No,Credit card (automatic),75.9,4442.02,No
3374-TRYJC,Female,0,Yes,No,20,Yes,Yes,DSL,No,No,Yes,No,No,No,Month-to-month,Yes,Electronic check,57.71,1143.33,Yes
0368-ZCUPE,Male,0,Yes,No,2,Yes,Yes,DSL,Yes,Yes,No,No,Yes,No,Month-to-month,Yes,Credit card (automatic),78.51,134.68,No
1020-HZTLG,Female,0,Yes,No,31,Yes,Yes,Fiber optic,Yes,Yes,Yes,No,No,No,One year,Yes,Credit card (automatic),93.23,2843.99,No
3923-LSECV,Female,0,Yes,No,11,Yes,Yes,No,No internet service,No internet service,No internet service,No internet service,No internet service,No internet service,Month-to-month,No,Credit card (automatic),30.71,323.34,No
2382-PKFET,Male,0,No,Yes,42,No,No phone service,No,No internet service,No internet service,No internet service,No internet service,No internet service,No internet service,Two year,Yes,Electronic check,19.62,761.52,No
5186-NRJUL,Female,0,No,No,62,No,No phone service,DSL,No,No,Yes,Yes,Yes,Yes,One year,No,Mailed check,70.17,4216.95,No
2667-TRFQE,Male,0,No,No,29,Yes,No,Fiber optic,No,No,Yes,No,Yes,No,Two year,No,Electronic check,82.6,2248.3,No
2379-PJEGC,Male,0,Yes,No,5,Yes,No,Fiber optic,No,Yes,No,No,No,No,Month-to-month,No,Mailed check,72.94,438.17,No
1719-NELBV,Male,0,Yes,No,11,Yes,No,Fiber optic,Yes,No,No,No,Yes,No,Month-to-month,No,Mailed check,82.3,950.97,Yes
3902-RQEET,Male,0,No,Yes,22,No,No phone service,DSL,No,No,No,Yes,Yes,Yes,One year,Yes,Electronic check,65.96,1397.34,No
4682-GFEKP,Male,0,Yes,No,27,Yes,No,Fiber optic,Yes,Yes,No,No,No,Yes,Month-to-month,Yes,Electronic check,91.5,2365.71,Yes
3093-DPTHM,Female,1,Yes,No,57,Yes,No,Fiber optic,No,No,Yes,Yes,Yes,Yes,One year,Yes,Credit card (automatic),101.32,5564.04,No
0933-QNJZT,Female,1,No,No,12,Yes,No,Fiber optic,No,Yes,Yes,No,Yes,No,One year,No,Mailed check,89.66,1058.34,Yes
4243-WJNZL,Female,0,No,No,0,Yes,Yes,No,No internet service,No internet service,No internet service,No internet service,No internet service,No internet service,Month-to-month,No,Electronic check,32.31,,No
1257-TXGEG,Male,0,Yes,Yes,21,No,No phone service,DSL,Yes,Yes,No,No,Yes,Yes,One year,Yes,Electronic check,70.12,1473.92,No
4546-OFQCB,Female,0,Yes,No,18,Yes,No,DSL,No,No,No,No,No,No,Two year,No,Credit card (automatic),52.73,902.98,No
2167-HSYGN,Male,0,No,No,32,Yes,Yes,Fiber optic,No,Yes,No,Yes,Yes,Yes,Month-to-month,No,Mailed check,103.08,3255.71,Yes
5150-UTIYJ,Male,0,No,No,5,Yes,No,Fiber optic,No,Yes,Yes,Yes,No,No,Month-to-month,No,Electronic check,81.87,319.31,No
1017-BMWEQ,Male,0,Yes,No,35,Yes,No,Fiber optic,Yes,Yes,Yes,No,Yes,No,Two year,No,Electronic check,93.7,3079.3,No
4144-EWBJB,Female,0,Yes,No,34,Yes,No,Fiber optic,Yes,Yes,Yes,No,Yes,No,Month-to-month,No,Mailed check,92.69,3258.57,Yes
1648-VVPPU,Male,0,No,Yes,0,Yes,No,Fiber optic,No,No,Yes,Yes,No,No,Month-to-month,Yes,Credit card (automatic),80.16,,No
1791-NCLDU,Female,0,No,No,65,Yes,Yes,Fiber optic,No,No,No,Yes,Yes,No,One year,No,Electronic check,90.88,5712.95,No
3534-UVXZP,Female,1,No,Yes,72,Yes,Yes,Fiber optic,Yes,No,Yes,No,Yes,Yes,One year,Yes,Bank transfer (automatic),103.18,7273.53,No
3466-GHGNI,Male,0,No,Yes,13,Yes,No,Fiber optic,Yes,No,No,No,Yes,Yes,Month-to-month,No,Electronic check,96.5,1184.29,Yes
1286-CDAAD,Male,0,Yes,Yes,67,Yes,Yes,Fiber optic,No,No,Yes,Yes,No,No,Month-to-month,Yes,Credit card (automatic),86.02,5819.66,Yes
1196-OJOBV,Female,0,No,No,53,Yes,Yes,DSL,No,Yes,Yes,No,Yes,No,One year,Yes,Bank transfer (automatic),77.84,4058.21,No
3794-EUMRT,Male,0,Yes,No,27,Yes,No,DSL,Yes,Yes,No,No,No,No,Month-to-month,No,Mailed check,56.96,1523.62,No
0493-OYSUJ,Male,0,Yes,No,10,Yes,Yes,No,No internet service,No internet service,No internet service,No internet service,No internet service,No internet service,Month-to-month,Yes,Electronic check,31.69,305.22,No
0196-DQAWR,Male,0,No,Yes,12,Yes,No,DSL,No,Yes,No,No,Yes,Yes,Two year,No,Electronic check,69.51,753.07,Yes
2052-TSWNN,Female,0,Yes,Yes,51,Yes,Yes,Fiber optic,Yes,Yes,No,Yes,No,Yes,Month-to-month,Yes,Electronic check,103.13,5245.64,No
2602-GSQBY,Female,1,Yes,No,31,Yes,No,No,No internet service,No internet service,No internet service,No internet service,No internet service,No internet service,Two year,No,Credit card (automatic),21.28,611.2,No
5143-ADMCA,Male,0,No,No,0,Yes,No,Fiber optic,No,No,No,No,Yes,No,Month-to-month,No,Credit card (automatic),76.54,,Yes
3256-XALAY,Female,0,Yes,No,9,Yes,No,No,No internet service,No internet service,No internet service,No internet service,No internet service,No internet service,Month-to-month,No,Electronic check,26.29,214.49,No
4384-QXHYQ,Male,0,Yes,No,45,Yes,No,Fiber optic,No,No,No,No,No,No,Month-to-month,Yes,Electronic check,71.64,3228.1,Yes
3840-NZHHU,Male,0,No,Yes,19,Yes,Yes,No,No internet service,No internet service,No internet service,No internet service,No internet service,No internet service,Month-to-month,Yes,Electronic check,29.9,575.4,No
1136-YWZXC,Female,1,Yes,No,10,Yes,Yes,DSL,No,No,No,Yes,No,Yes,One year,Yes,Credit card (automatic),66.53,631.1,No
0814-PRRZC,Male,0,No,No,2,Yes,No,Fiber optic,No,Yes,Yes,No,No,No,Month-to-month,No,Electronic check,80.26,225.77,Yes
0119-KOYOR,Male,0,Yes,Yes,2,Yes,Yes,DSL,No,No,Yes,No,No,No,Month-to-month,Yes,Bank transfer (automatic),60.0,88.02,No
0752-QKAOK,Male,0,No,No,4,Yes,Yes,Fiber optic,No,Yes,Yes,No,Yes,Yes,Month-to-month,Yes,Electronic check,112.11,463.94,Yes
1839-KUCYE,Male,0,No,No,53,Yes,No,Fiber optic,No,No,Yes,No,Yes,No,Two year,Yes,Electronic check,81.26,3989.11,Yes
2334-NCOVL,Male,0,No,No,49,Yes,No,Fiber optic,No,Yes,Yes,Yes,No,Yes,One year,Yes,Credit card (automatic),95.34,4572.02,Yes
3307-EEJEI,Female,0,No,No,58,Yes,No,DSL,No,Yes,No,Yes,Yes,Yes,One year,Yes,Electronic check,75.55,4147.16,No
3540-WAQKF,Female,1,Yes,No,1,Yes,No,Fiber optic,No,Yes,No,No,Yes,No,Month-to-month,Yes,Bank transfer (automatic),83.12,70.91,Yes
2258-YOSIJ,Female,0,No,Yes,30,Yes,No,Fiber optic,No,No,Yes,No,No,Yes,Month-to-month,No,Credit card (automatic),89.92,2828.52,Yes
1427-LRLMO,Female,0,No,Yes,28,Yes,No,Fiber optic,Yes,No,No,Yes,Yes,Yes,Month-to-month,No,Electronic check,97.2,2730.44,No
2529-SMYNN,Male,0,Yes,No,72,Yes,Yes,Fiber optic,No,No,Yes,Yes,No,No,Month-to-month,No,Mailed check,87.79,6316.67,No
0310-TTVUA,Male,0,No,No,1,Yes,No,DSL,Yes,Yes,Yes,No,No,Yes,Month-to-month,No,Electronic check,77.48,66.76,Yes
1860-JQCYD,Male,0,No,No,15,Yes,Yes,Fiber optic,No,Yes,Yes,No,Yes,Yes,Month-to-month,No,Mailed check,105.92,1780.27,Yes
0239-ARPMX,Female,1,Yes,No,70,Yes,No,DSL,Yes,No,No,Yes,Yes,No,Month-to-month,Yes,Bank transfer (automatic),69.95,4903.54,No
0002-ZWWJL,Female,0,No,No,36,Yes,No,No,No internet service,No internet service,No internet service,No internet service,No internet service,No internet service,Two year,Yes,Electronic check,26.63,919.97,No
2187-RHHYC,Female,1,No,No,68,No,No phone service,Fiber optic,Yes,Yes,Yes,No,Yes,Yes,One year,No,Electronic check,91.47,6014.0,Yes
2233-CLWOR,Male,0,No,Yes,45,Yes,No,DSL,No,Yes,No,No,No,Yes,Month-to-month,No,Electronic check,67.77,3057.22,No
2084-QXVRX,Female,0,No,No,12,Yes,No,Fiber optic,Yes,No,No,No,Yes,Yes,One year,No,Electronic check,94.47,991.57,Yes
4571-PGNZD,Male,0,Yes,No,69,Yes,No,No,No internet service,No internet service,No internet service,No internet service,No internet service,No internet service,One year,No,Credit card (automatic),29.5,1985.12,No
2610-PIELY,Female,0,No,Yes,47,Yes,No,DSL,No,No,Yes,No,Yes,Yes,One year,Yes,Credit card (automatic),74.23,3380.45,No
4837-SOOKY,Female,0,Yes,No,6,Yes,Yes,Fiber optic,No,Yes,No,No,No,No,Month-to-month,No,Electronic check,83.85,552.6,Yes
0823-PTUTG,Male,0,Yes,No,65,Yes,Yes,Fiber optic,No,No,No,No,Yes,Yes,Month-to-month,No,Bank transfer (automatic),98.38,6476.75,No
4292-ARITR,Male,0,No,No,29,Yes,No,Fiber optic,Yes,No,No,No,No,No,Month-to-month,Yes,Mailed check,77.07,2327.14,No
2802-DHIOH,Female,0,No,No,9,No,No phone service,Fiber optic,No,Yes,No,Yes,No,Yes,Month-to-month,No,Electronic check,83.29,809.59,No
3668-ENQYC,Male,1,Yes,No,49,Yes,No,No,No internet service,No internet service,No internet service,No internet service,No internet service,No internet service,Two year,No,Credit card (automatic),30.99,1349.81,No
2834-VKBGZ,Female,0,No,No,13,Yes,No,No,No internet service,No internet service,No internet service,No internet service,No internet service,No internet service,Month-to-month,No,Bank transfer (automatic),23.33,306.22,No
0532-BWHOG,Female,0,No,Yes,54,Yes,No,Fiber optic,Yes,No,Yes,Yes,Yes,No,Month-to-month,No,Mailed check,93.35,5065.47,No
0831-XBMMB,Male,0,Yes,No,33,Yes,Yes,Fiber optic,No,No,No,Yes,No,Yes,Month-to-month,No,Bank transfer (automatic),89.66,2932.36,No
5107-METIW,Female,0,No,No,56,Yes,Yes,DSL,No,No,No,No,No,No,One year,Yes,Bank transfer (automatic),54.19,2828.36,No
0660-YXKYL,Female,0,Yes,No,6,Yes,Yes,Fiber optic,Yes,No,Yes,No,Yes,No,Month-to-month,No,Electronic check,94.44,563.95,Yes
2323-LCFEQ,Female,0,No,No,2,No,No phone service,No,No internet service,No internet service,No internet service,No internet service,No internet service,No internet service,Month-to-month,Yes,Credit card (automatic),18.07,11.65,No
1728-LWIAI,Male,0,Yes,No,7,No,No phone service,DSL,No,Yes,No,Yes,No,Yes,Month-to-month,No,Bank transfer (automatic),62.48,421.8,No
3862-QMIUJ,Female,0,Yes,Yes,32,Yes,Yes,Fiber optic,Yes,Yes,Yes,Yes,Yes,No,Month-to-month,Yes,Credit card (automatic),105.42,3322.39,No
3710-MQUQY,Male,0,Yes,Yes,20,Yes,Yes,Fiber optic,Yes,No,Yes,No,No,No,Month-to-month,Yes,Electronic check,86.95,1788.51,Yes
0742-XLCAI,Female,0,No,No,58,Yes,Yes,DSL,No,No,No,No,No,No,Month-to-month,No,Credit card (automatic),54.9,3167.52,No
0887-HDPVE,Male,0,Yes,No,47,Yes,No,Fiber optic,Yes,Yes,Yes,Yes,Yes,No,Two year,No,Electronic check,98.29,4307.77,No
3143-EOYNY,Female,1,No,No,11,Yes,No,DSL,No,Yes,Yes,Yes,Yes,No,Month-to-month,Yes,Credit card (automatic),72.75,806.98,Yes
0937-IOEBV,Male,1,Yes,No,11,Yes,Yes,DSL,No,No,Yes,No,Yes,Yes,Month-to-month,Yes,Bank transfer (automatic),81.92,887.69,No
2800-UVOWT,Male,1,Yes,Yes,0,Yes,Yes,No,No internet service,No internet service,No internet service,No internet service,No internet service,No internet service,Month-to-month,No,Electronic check,33.96,,No
1498-NQVFB,Male,0,No,No,14,Yes,Yes,No,No internet service,No internet service,No internet service,No internet service,No internet service,No internet service,Month-to-month,Yes,Credit card (automatic),33.64,456.99,No
4861-DXHXS,Female,0,No,No,22,Yes,Yes,Fiber optic,No,No,No,No,No,Yes,Month-to-month,Yes,Electronic check,86.77,1882.4,Yes
2032-BZHTU,Male,0,No,No,64,Yes,Yes,Fiber optic,Yes,Yes,Yes,Yes,No,Yes,One year,No,Electronic check,103.54,6376.37,No
4039-KLSCC,Male,0,No,Yes,47,No,No phone service,DSL,No,No,No,No,Yes,No,One year,Yes,Mailed check,58.91,2659.21,No
2273-OECTS,Male,0,No,Yes,15,No,No phone service,DSL,Yes,No,No,No,No,No,One year,No,Bank transfer (automatic),48.2,696.45,No
5183-LYNDV,Male,0,Yes,No,23,Yes,Yes,No,No internet service,No internet service,No internet service,No internet service,No internet service,No internet service,Month-to-month,Yes,Bank transfer (automatic),34.16,802.67,No
1014-ZQCSM,Male,0,Yes,Yes,45,Yes,No,Fiber optic,No,Yes,No,No,No,Yes,Two year,Yes,Electronic check,79.57,3381.67,No
4920-ZSORG,Female,0,Yes,No,13,Yes,No,No,No internet service,No internet service,No internet service,No internet service,No internet service,No internet service,Month-to-month,Yes,Bank transfer (automatic),26.5,380.1,Yes
2387-MRLYS,Male,0,Yes,Yes,37,Yes,No,Fiber optic,Yes,Yes,No,Yes,No,Yes,Two year,Yes,Credit card (automatic),94.92,3369.88,Yes
3368-ITLVM,Female,0,Yes,No,38,Yes,Yes,Fiber optic,No,Yes,No,No,Yes,No,Month-to-month,Yes,Credit card (automatic),92.22,3488.49,Yes
3165-ZBBOO,Female,0,No,No,28,Yes,No,Fiber optic,Yes,Yes,No,Yes,No,Yes,Two year,No,Credit card (automatic),92.0,2370.3,No
4135-RCTBD,Male,0,No,No,0,Yes,No,Fiber optic,No,No,No,No,No,Yes,Month-to-month,Yes,Mailed check,76.19,,Yes
2737-LRXWZ,Male,0,Yes,No,2,Yes,No,No,No internet service,No internet service,No internet service,No internet service,No internet service,No internet service,Month-to-month,Yes,Electronic check,18.05,28.81,No
0103-SJLUG,Male,1,Yes,Yes,33,Yes,No,DSL,No,No,Yes,Yes,Yes,No,Month-to-month,No,Bank transfer (automatic),67.54,2242.21,Yes
0886-MFDBR,Male,0,No,No,16,Yes,Yes,No,No internet service,No internet service,No internet service,No internet service,No internet service,No internet service,Two year,Yes,Mailed check,33.36,458.19,No
2894-WDSBR,Female,0,No,Yes,45,No,No phone service,No,No internet service,No internet service,No internet service,No internet service,No internet service,No internet service,Two year,Yes,Electronic check,19.03,780.56,No
4871-CRYZW,Male,0,No,No,34,Yes,No,DSL,No,Yes,Yes,No,No,No,Month-to-month,No,Credit card (automatic),66.84,2290.45,No
2492-KXBDS,Female,0,Yes,No,27,Yes,No,Fiber optic,Yes,No,No,Yes,Yes,No,Month-to-month,Yes,Credit card (automatic),89.75,2444.86,Yes
3399-SITOC,Female,0,No,No,56,Yes,No,DSL,No,No,Yes,No,No,No,One year,Yes,Mailed check,56.45,3088.01,No
2611-DVTQG,Male,0,Yes,No,13,Yes,No,No,No internet service,No internet service,No internet service,No internet service,No internet service,No internet service,Month-to-month,Yes,Mailed check,25.9,369.58,No
3551-KAXZS,Female,1,No,No,48,Yes,No,No,No internet service,No internet service,No internet service,No internet service,No internet service,No internet service,Month-to-month,No,Credit card (automatic),27.12,1332.26,No
5263-LMPDN,Female,0,No,Yes,35,Yes,Yes,No,No internet service,No internet service,No internet service,No internet service,No internet service,No internet service,Two year,No,Mailed check,33.36,1037.83,No
1072-VVJIR,Female,0,Yes,Yes,67,Yes,Yes,Fiber optic,No,No,No,No,Yes,No,One year,No,Electronic check,83.11,5504.06,No
1701-OWBLV,Female,0,Yes,No,13,Yes,No,Fiber optic,Yes,No,No,Yes,No,Yes,Two year,No,Mailed check,90.27,1208.62,No
3669-SZJOI,Female,0,Yes,No,69,Yes,Yes,Fiber optic,Yes,No,No,Yes,No,Yes,Two year,No,Mailed check,100.64,6533.23,No
1781-UYLSW,Male,0,Yes,No,42,Yes,No,DSL,No,No,No,Yes,No,No,Two year,Yes,Electronic check,56.74,2132.52,No
3531-QBIBY,Male,0,Yes,No,3,Yes,No,No,No internet service,No internet service,No internet service,No internet service,No internet service,No internet service,Month-to-month,Yes,Credit card (automatic),29.1,102.72,No
3089-LDPNH,Female,0,No,No,1,Yes,Yes,Fiber optic,Yes,No,No,No,No,No,Month-to-month,Yes,Bank transfer (automatic),82.01,55.29,No
1778-BAFKE,Female,0,No,No,7,Yes,No,DSL,No,No,No,Yes,No,Yes,Month-to-month,Yes,Mailed check,61.49,399.27,No
0607-IGUCJ,Female,0,Yes,Yes,7,Yes,No,No,No internet service,No internet service,No internet service,No internet service,No internet service,No internet service,Month-to-month,Yes,Credit card (automatic),28.98,186.72,No
3968-IQMQK,Female,0,Yes,Yes,43,Yes,Yes,Fiber optic,No,No,No,No,No,Yes,One year,Yes,Electronic check,89.57,3740.72,No
3476-GUJUT,Male,0,Yes,No,23,Yes,Yes,Fiber optic,Yes,Yes,No,Yes,No,No,Two year,No,Mailed check,92.63,2122.04,No
2876-QYSJB,Female,0,Yes,No,16,Yes,No,No,No internet service,No internet service,No internet service,No internet service,No internet service,No internet service,Month-to-month,Yes,Electronic check,19.97,302.95,No
4502-CKSND,Male,0,No,No,40,No,No phone service,DSL,No,Yes,No,No,No,Yes,Two year,Yes,Electronic check,57.44,2083.0,No
4177-ZNTPG,Male,0,Yes,No,61,Yes,Yes,DSL,No,Yes,No,No,Yes,No,One year,Yes,Mailed check,73.05,4351.96,No
2598-OHRJF,Female,0,Yes,No,36,Yes,Yes,Fiber optic,Yes,No,No,Yes,No,No,One year,No,Credit card (automatic),89.14,3114.73,No
0477-ZEENK,Female,0,No,No,34,Yes,No,DSL,Yes,No,Yes,No,Yes,No,Month-to-month,Yes,Electronic check,75.28,2533.29,No
4111-DJSOM,Male,0,No,Yes,2,Yes,Yes,DSL,Yes,No,No,No,Yes,Yes,Month-to-month,Yes,Credit card (automatic),80.68,101.94,Yes
3539-PMIPD,Female,0,No,Yes,1,Yes,No,DSL,No,Yes,No,No,No,Yes,Month-to-month,Yes,Electronic check,65.23,61.36,Yes
2169-VFTEZ,Male,1,No,Yes,36,No,No phone service,Fiber optic,Yes,No,Yes,No,Yes,Yes,Month-to-month,Yes,Credit card (automatic),91.58,3321.16,Yes
4296-HTMOQ,Female,0,Yes,Yes,14,Yes,Yes,DSL,Yes,No,Yes,No,Yes,No,Two year,No,Electronic check,73.53,960.95,No
0996-YCAIF,Male,0,Yes,No,15,Yes,Yes,Fiber optic,No,No,No,No,No,Yes,Month-to-month,No,Bank transfer (automatic),87.22,1303.42,Yes
2436-XMLEU,Female,0,No,Yes,31,Yes,Yes,Fiber optic,No,Yes,Yes,Yes,No,Yes,Month-to-month,Yes,Electronic check,104.7,3270.5,No
0155-EJSDF,Male,0,Yes,No,16,Yes,No,Fiber optic,Yes,No,No,No,No,No,Two year,Yes,Electronic check,75.18,1195.12,Yes
0724-LVTYW,Male,0,Yes,No,3,Yes,Yes,Fiber optic,No,No,Yes,No,No,Yes,Month-to-month,No,Bank transfer (automatic),86.81,330.72,Yes
0141-EVCRP,Female,1,Yes,No,49,Yes,Yes,Fiber optic,No,No,Yes,No,No,Yes,Two year,Yes,Credit card (automatic),90.1,4136.57,No
1779-UZGIU,Male,0,No,No,13,Yes,No,No,No internet service,No internet service,No internet service,No internet service,No internet service,No internet service,Month-to-month,No,Bank transfer (automatic),21.44,267.79,Yes
2571-SUUES,Female,0,Yes,No,44,Yes,Yes,DSL,No,Yes,No,No,No,Yes,Month-to-month,Yes,Mailed check,70.73,3147.77,No
2053-QAQMG,Male,1,No,No,68,Yes,Yes,DSL,Yes,Yes,No,No,Yes,No,Two year,No,Bank transfer (automatic),72.84,4513.03,No
5211-VWBAM,Female,0,Yes,Yes,3,Yes,No,DSL,Yes,No,Yes,No,Yes,Yes,Month-to-month,Yes,Electronic check,73.38,219.57,Yes
3881-WYLNH,Male,0,No,Yes,21,Yes,Yes,Fiber optic,Yes,Yes,Yes,No,Yes,Yes,Two year,Yes,Credit card (automatic),112.5,2231.02,Yes
0561-GIEXS,Female,1,Yes,No,42,Yes,No,DSL,Yes,No,Yes,No,Yes,No,Month-to-month,Yes,Electronic check,68.34,2940.52,No
0073-HZOMY,Male,0,Yes,No,50,Yes,No,No,No internet service,No internet service,No internet service,No internet service,No internet service,No internet service,Month-to-month,No,Credit card (automatic),25.79,1287.53,No
3917-MUZOC,Female,0,Yes,Yes,67,Yes,No,DSL,Yes,No,Yes,Yes,No,Yes,One year,No,Mailed check,76.64,4968.19,No
0496-QSHWG,Female,0,No,No,43,Yes,Yes,No,No internet service,No internet service,No internet service,No internet service,No internet service,No internet service,One year,Yes,Electronic check,33.64,1426.48,No
4484-YOHFV,Female,0,No,Yes,22,Yes,Yes,DSL,Yes,No,No,Yes,Yes,Yes,Month-to-month,No,Credit card (automatic),92.74,2054.78,No
0574-RWSCE,Male,0,Yes,No,20,Yes,No,Fiber optic,No,Yes,No,No,No,Yes,Two year,Yes,Electronic check,84.92,1565.79,No
0135-WREJL,Male,0,Yes,No,53,No,No phone service,DSL,No,Yes,Yes,Yes,Yes,No,Two year,Yes,Bank transfer (automatic),65.9,3321.68,Yes
2241-GYHOD,Female,0,No,No,52,Yes,No,No,No internet service,No internet service,No internet service,No internet service,No internet service,No internet service,One year,No,Electronic check,25.18,1243.98,No
1288-QYSKW,Female,0,No,No,41,Yes,No,Fiber optic,Yes,Yes,No,Yes,No,Yes,Two year,Yes,Electronic check,97.74,3727.58,No
4452-TSYAT,Male,0,No,No,37,Yes,No,DSL,No,No,No,No,Yes,No,One year,Yes,Electronic check,56.86,1980.98,No
3908-YUNYT,Female,0,Yes,Yes,13,Yes,Yes,No,No internet service,No internet service,No internet service,No internet service,No internet service,No internet service,Month-to-month,Yes,Electronic check,27.14,396.58,No
3054-DZLZQ,Female,1,Yes,Yes,4,Yes,Yes,DSL,No,No,Yes,No,No,No,Month-to-month,Yes,Credit card (automatic),64.2,294.67,Yes
1025-HDIGP,Female,1,No,No,63,Yes,Yes,No,No internet service,No internet service,No internet service,No internet service,No internet service,No internet service,One year,Yes,Electronic check,29.5,1820.58,Yes
4495-SVYUW,Male,0,Yes,No,2,Yes,Yes,DSL,Yes,No,No,No,Yes,Yes,Month-to-month,No,Electronic check,86.22,51.73,Yes
1120-AOEXO,Male,1,No,No,43,Yes,No,Fiber optic,No,Yes,Yes,No,Yes,Yes,Month-to-month,Yes,Credit card (automatic),98.99,4278.19,Yes
2506-RAIPO,Female,0,Yes,No,36,Yes,No,DSL,No,No,No,No,Yes,Yes,Two year,Yes,Mailed check,63.8,2068.52,No
0704-KYPTG,Female,0,Yes,Yes,37,Yes,Yes,No,No internet service,No internet service,No internet service,No internet service,No internet service,No internet service,One year,No,Bank transfer (automatic),31.68,1155.29,No
2594-ZFSQD,Female,0,Yes,No,4,No,No phone service,Fiber optic,No,Yes,Yes,No,Yes,No,Month-to-month,Yes,Mailed check,85.75,243.07,Yes
1413-ZNZBF,Male,0,Yes,No,26,No,No phone service,Fiber optic,No,Yes,Yes,No,No,Yes,Month-to-month,Yes,Electronic check,81.59,2171.5,Yes
1357-GLUKK,Male,0,Yes,No,25,Yes,Yes,No,No internet service,No internet service,No internet service,No internet service,No internet service,No internet service,Two year,Yes,Electronic check,31.55,739.77,No
2550-FRINI,Male,0,No,No,23,Yes,Yes,Fiber optic,No,No,No,No,No,Yes,One year,No,Bank transfer (automatic),84.35,1868.1,No
4252-UIBWD,Male,0,No,No,51,Yes,No,DSL,Yes,No,Yes,No,Yes,No,Two year,Yes,Bank transfer (automatic),65.94,3138.9,No
1852-ADMDA,Male,0,No,No,8,Yes,No,Fiber optic,No,Yes,No,Yes,No,No,One year,No,Electronic check,84.24,572.18,Yes
2635-NUWKS,Male,0,No,No,60,Yes,Yes,DSL,No,Yes,No,Yes,No,Yes,Two year,Yes,Electronic check,75.64,4056.24,No
4518-KNXYN,Male,1,Yes,No,3,Yes,Yes,Fiber optic,No,No,No,Yes,Yes,No,Month-to-month,No,Bank transfer (automatic),91.26,272.81,Yes
2433-PHDVE,Male,0,Yes,No,44,Yes,No,DSL,Yes,Yes,No,No,Yes,No,Month-to-month,No,Mailed check,73.58,3215.4,No
0195-KITLQ,Male,0,Yes,Yes,9,Yes,No,Fiber optic,No,Yes,Yes,No,No,No,Month-to-month,No,Electronic check,82.33,769.05,Yes
0530-LRTXD,Male,0,Yes,Yes,14,No,No phone service,No,No internet service,No internet service,No internet service,No internet service,No internet service,No internet service,Month-to-month,Yes,Mailed check,18.0,278.3,No
2836-SMRUA,Female,0,Yes,Yes,6,Yes,Yes,Fiber optic,No,No,Yes,No,Yes,No,Month-to-month,Yes,Bank transfer (automatic),94.94,622.75,Yes
0956-WARNP,Male,0,No,No,7,Yes,No,Fiber optic,No,Yes,Yes,Yes,Yes,No,One year,Yes,Electronic check,94.11,640.65,Yes
0314-RTEJS,Female,0,No,No,67,Yes,No,Fiber optic,Yes,No,No,No,Yes,No,Two year,No,Electronic check,82.39,5225.84,No
3048-XWVER,Male,0,No,No,0,Yes,Yes,Fiber optic,No,No,Yes,No,No,Yes,Month-to-month,No,Credit card (automatic),88.58,,Yes
1854-WBMSD,Male,0,No,Yes,31,Yes,No,No,No internet service,No internet service,No internet service,No internet service,No internet service,No internet service,Month-to-month,Yes,Electronic check,30.52,941.39,No
0173-WEHQQ,Female,0,Yes,Yes,72,No,No phone service,No,No internet service,No internet service,No internet service,No internet service,No internet service,No internet service,One year,No,Electronic check,18.36,1281.05,No
1215-QVGNK,Female,0,No,No,8,Yes,No,Fiber optic,No,No,No,Yes,Yes,Yes,Month-to-month,Yes,Mailed check,94.39,646.63,No
5022-XZMRI,Male,0,Yes,No,10,Yes,No,DSL,Yes,No,No,No,No,Yes,Month-to-month,No,Mailed check,57.98,551.08,No
5155-BBYGC,Female,0,Yes,No,9,Yes,Yes,DSL,No,No,No,No,Yes,No,Month-to-month,Yes,Electronic check,64.52,620.83,Yes
5242-PMNJW,Female,1,No,No,17,Yes,No,DSL,No,Yes,Yes,No,Yes,No,One year,No,Electronic check,76.9,1219.0,Yes
1819-QMFXN,Male,0,No,No,65,Yes,No,DSL,No,No,Yes,Yes,No,No,Two year,No,Bank transfer (automatic),60.29,3615.46,No
4125-FMXDX,Male,1,Yes,No,38,Yes,Yes,No,No internet service,No internet service,No internet service,No internet service,No internet service,No internet service,One year,Yes,Credit card (automatic),31.55,1138.7,No
1299-SLZTU,Male,0,No,No,4,Yes,No,DSL,No,Yes,Yes,No,Yes,No,Month-to-month,Yes,Bank transfer (automatic),66.6,186.16,Yes
3784-ZWBVS,Male,0,Yes,Yes,61,Yes,No,Fiber optic,No,Yes,No,No,No,No,Two year,Yes,Electronic check,78.67,4529.8,No
2801-QVUAV,Male,0,No,Yes,10,Yes,No,Fiber optic,Yes,Yes,No,No,No,No,Month-to-month,Yes,Electronic check,78.1,848.86,No
4611-TQCLT,Male,1,No,No,31,Yes,Yes,Fiber optic,Yes,Yes,No,No,No,No,One year,No,Mailed check,85.56,2650.51,No
2410-TEQYH,Male,0,No,No,51,Yes,Yes,Fiber optic,No,No,No,Yes,Yes,No,Two year,No,Bank transfer (automatic),99.34,4794.41,No
4821-NAMKC,Male,0,No,No,8,Yes,Yes,No,No internet service,No internet service,No internet service,No internet service,No internet service,No internet service,Month-to-month,Yes,Bank transfer (automatic),31.78,272.77,No
1785-DKOOQ,Male,0,Yes,No,8,Yes,Yes,DSL,No,Yes,No,No,No,Yes,Month-to-month,Yes,Credit card (automatic),74.38,447.62,No
3952-URWHW,Female,0,Yes,Yes,1,Yes,No,Fiber optic,No,Yes,Yes,No,No,No,Month-to-month,Yes,Mailed check,84.34,50.6,Yes
4731-ENYJO,Female,0,No,No,16,Yes,Yes,DSL,Yes,Yes,No,Yes,No,No,Month-to-month,Yes,Credit card (automatic),69.32,1160.51,No
2508-MEUNJ,Male,0,No,No,59,Yes,No,Fiber optic,No,Yes,Yes,Yes,No,No,One year,Yes,Mailed check,86.75,5014.42,No
3273-MUVQC,Male,0,No,Yes,62,Yes,No,Fiber optic,No,Yes,No,No,Yes,No,Two year,No,Electronic check,86.17,4865.63,No
0810-SQVKH,Male,0,No,No,35,Yes,Yes,Fiber optic,No,No,Yes,Yes,Yes,No,Two year,Yes,Credit card (automatic),91.68,3072.46,No
5245-GIXLY,Female,0,No,No,34,Yes,No,Fiber optic,No,No,No,Yes,No,Yes,Two year,Yes,Credit card (automatic),86.12,2822.01,No
2880-ZBIVK,Male,1,No,Yes,46,Yes,No,No,No internet service,No internet service,No internet service,No internet service,No internet service,No internet service,Two year,Yes,Credit card (automatic),22.33,976.3,No
0939-QAEBU,Male,0,No,Yes,41,Yes,No,Fiber optic,No,No,Yes,No,Yes,No,Month-to-month,No,Electronic check,85.4,3545.92,No
2919-DAXOD,Male,0,Yes,Yes,33,No,No phone service,DSL,No,No,Yes,No,No,Yes,One year,Yes,Credit card (automatic),53.72,1757.44,Yes
4520-OMAIW,Male,0,Yes,No,20,Yes,No,Fiber optic,No,No,No,No,No,Yes,Month-to-month,Yes,Credit card (automatic),75.67,1446.97,Yes
4476-AEYRB,Female,0,Yes,No,12,Yes,Yes,Fiber optic,No,Yes,No,No,Yes,Yes,Month-to-month,No,Mailed check,97.13,1154.78,Yes
2127-FQBBO,Male,0,No,No,7,No,No phone service,DSL,Yes,No,No,No,No,Yes,Month-to-month,No,Mailed check,55.88,280.85,No
2337-LSARG,Male,0,Yes,Yes,2,Yes,Yes,No,No internet service,No internet service,No internet service,No internet service,No internet service,No internet service,Month-to-month,No,Credit card (automatic),34.77,35.14,No
4112-WWMEX,Male,0,No,No,69,Yes,Yes,DSL,Yes,Yes,No,Yes,Yes,No,Two year,No,Mailed check,85.45,5396.38,No
3529-RTHZL,Female,0,No,Yes,54,Yes,Yes,Fiber optic,No,Yes,Yes,No,Yes,Yes,One year,No,Electronic check,105.08,5464.28,No
5012-XBZNF,Female,0,No,Yes,39,Yes,No,DSL,Yes,Yes,Yes,No,Yes,Yes,Two year,Yes,Bank transfer (automatic),87.36,3099.51,No
5129-PJTTE,Female,0,Yes,No,5,Yes,Yes,DSL,No,Yes,Yes,No,No,Yes,Month-to-month,Yes,Credit card (automatic),76.27,500.16,No
1551-SHIQW,Female,0,No,No,40,Yes,Yes,Fiber optic,No,No,No,No,No,Yes,One year,Yes,Electronic check,95.48,3812.63,Yes
1334-SLRHJ,Male,1,Yes,Yes,35,Yes,Yes,Fiber optic,Yes,No,No,No,Yes,Yes,Month-to-month,Yes,Electronic check,95.85,3378.16,No
1179-QXJRM,Male,0,No,Yes,7,Yes,Yes,Fiber optic,No,No,No,No,No,Yes,Month-to-month,No,Bank transfer (automatic),83.86,603.46,No
3393-BWHLJ,Male,1,No,No,29,Yes,Yes,Fiber optic,Yes,Yes,No,Yes,Yes,No,One year,Yes,Mailed check,100.53,2694.74,Yes
5269-SPZYO,Male,0,No,No,8,No,No phone service,Fiber optic,No,Yes,Yes,No,No,Yes,Month-to-month,Yes,Electronic check,79.69,642.83,Yes
3418-LWHBC,Male,1,No,Yes,8,Yes,No,DSL,No,No,No,No,No,No,Month-to-month,Yes,Credit card (automatic),53.21,420.89,No
0237-VANJM,Male,1,Yes,No,15,Yes,No,Fiber optic,No,Yes,Yes,No,No,No,Two year,No,Bank transfer (automatic),79.06,1194.17,No
2985-UOVAT,Male,0,No,Yes,2,Yes,Yes,No,No internet service,No internet service,No internet service,No internet service,No internet service,No internet service,Month-to-month,No,Electronic check,34.28,89.61,No
5220-QCURU,Female,1,Yes,No,68,Yes,No,Fiber optic,No,Yes,No,Yes,No,Yes,One year,No,Mailed check,84.93,5524.32,No
4120-WLHKC,Male,0,Yes,Yes,25,Yes,Yes,Fiber optic,No,No,Yes,Yes,Yes,Yes,Month-to-month,Yes,Electronic check,105.13,2562.22,No
0339-YQHMT,Female,0,Yes,No,2,Yes,Yes,No,No internet service,No internet service,No internet service,No internet service,No internet service,No internet service,Month-to-month,No,Credit card (automatic),32.78,75.56,Yes
1566-EKYSW,Female,0,Yes,No,7,Yes,No,Fiber optic,No,No,No,No,Yes,Yes,Month-to-month,Yes,Mailed check,88.13,605.71,Yes
4992-MQAUQ,Male,0,No,Yes,7,Yes,No,No,No internet service,No internet service,No internet service,No internet service,No internet service,No internet service,Month-to-month,Yes,Bank transfer (automatic),24.97,190.75,No
4935-ABAYI,Female,1,No,No,63,Yes,No,Fiber optic,Yes,Yes,Yes,Yes,Yes,No,Month-to-month,Yes,Electronic check,93.02,5882.51,Yes
3414-TNRYR,Male,0,Yes,No,6,Yes,No,Fiber optic,No,No,Yes,No,No,No,Month-to-month,No,Bank transfer (automatic),71.78,511.62,Yes
4467-RGYNE,Male,0,Yes,No,21,Yes,Yes,DSL,No,No,No,No,Yes,No,Month-to-month,No,Electronic check,66.08,1422.71,No
0346-SXMZF,Female,0,Yes,No,15,Yes,Yes,DSL,No,Yes,No,No,Yes,Yes,Month-to-month,Yes,Mailed check,79.01,1226.55,Yes
5128-ENQTD,Female,0,No,Yes,29,Yes,Yes,No,No internet service,No internet service,No internet service,No internet service,No internet service,No internet service,One year,No,Mailed check,29.63,868.22,No
0936-PMPGI,Male,0,Yes,No,11,Yes,No,Fiber optic,No,No,Yes,No,No,Yes,Month-to-month,Yes,Credit card (automatic),91.21,880.04,Yes
4230-JZIZU,Male,0,No,No,27,Yes,Yes,DSL,No,Yes,Yes,No,No,Yes,Month-to-month,No,Credit card (automatic),81.79,2257.08,No
0925-KAPAX,Female,1,No,Yes,35,Yes,Yes,Fiber optic,No,No,No,No,Yes,No,Month-to-month,Yes,Electronic check,87.87,3047.38,Yes
4223-BCVGO,Male,1,Yes,Yes,67,Yes,No,Fiber optic,Yes,Yes,No,No,No,Yes,Two year,No,Credit card (automatic),89.32,5656.47,No
4068-ZPIPL,Male,0,Yes,Yes,57,Yes,No,Fiber optic,No,Yes,Yes,No,No,No,Two year,No,Credit card (automatic),80.89,4336.13,No
4989-JBNAF,Female,0,Yes,No,8,Yes,Yes,Fiber optic,No,No,Yes,No,Yes,No,Month-to-month,Yes,Electronic check,91.36,730.56,Yes
1880-PCVMM,Male,0,Yes,No,1,Yes,No,Fiber optic,No,No,Yes,Yes,Yes,No,Month-to-month,No,Credit card (automatic),91.41,54.85,No
1341-CZKTQ,Male,1,Yes,No,28,Yes,No,DSL,No,Yes,No,No,Yes,No,Two year,Yes,Electronic check,68.56,1825.8,Yes
4395-MUQNO,Male,0,Yes,Yes,63,Yes,No,Fiber optic,No,Yes,Yes,No,Yes,No,One year,Yes,Bank transfer (automatic),90.05,5573.89,No
2236-YSCGY,Male,1,Yes,No,21,Yes,No,DSL,Yes,Yes,No,No,Yes,No,Month-to-month,No,Bank transfer (automatic),62.09,1310.43,Yes
3150-JUIVL,Female,0,No,Yes,47,Yes,No,Fiber optic,Yes,No,No,No,No,Yes,Month-to-month,Yes,Credit card (automatic),83.09,3989.66,Yes
3559-MUGVK,Female,0,No,Yes,66,Yes,Yes,DSL,Yes,No,No,No,No,Yes,Month-to-month,No,Mailed check,70.69,4681.04,No
4080-RGTDB,Male,0,No,No,51,Yes,Yes,Fiber optic,No,No,No,No,No,Yes,One year,No,Electronic check,84.53,4185.11,Yes
1213-HWUAG,Male,1,Yes,No,33,No,No phone service,DSL,Yes,Yes,Yes,No,Yes,Yes,One year,No,Credit card (automatic),73.69,2386.8,No
0712-XALEE,Female,0,Yes,No,59,Yes,No,DSL,Yes,Yes,No,No,Yes,No,Two year,Yes,Credit card (automatic),72.16,3991.62,No
5213-WCYOD,Female,0,No,No,18,Yes,No,Fiber optic,No,Yes,Yes,No,Yes,Yes,One year,No,Bank transfer (automatic),98.87,1710.57,No
1665-FCYIC,Female,0,Yes,No,9,Yes,No,Fiber optic,No,Yes,No,Yes,No,No,Month-to-month,Yes,Mailed check,78.37,767.76,Yes
3823-CGCYB,Male,1,No,No,14,No,No phone service,DSL,No,No,No,Yes,No,No,Month-to-month,Yes,Bank transfer (automatic),47.51,739.4,Yes
1377-KXSQS,Male,0,No,No,37,Yes,No,Fiber optic,No,No,Yes,Yes,No,Yes,Month-to-month,No,Electronic check,93.9,3496.7,Yes
0766-QNPTZ,Female,0,Yes,Yes,1,Yes,No,No,No internet service,No internet service,No internet service,No internet service,No internet service,No internet service,Month-to-month,No,Mailed check,28.54,51.32,No
3197-VFPOV,Female,0,Yes,Yes,43,Yes,No,No,No internet service,No internet service,No internet service,No internet service,No internet service,No internet service,One year,Yes,Credit card (automatic),28.08,1143.83,No
2173-MRMBS,Male,0,No,No,3,Yes,No,DSL,No,No,Yes,No,No,Yes,Month-to-month,No,Credit card (automatic),69.47,152.8,Yes
1956-BNBLT,Male,0,No,No,29,Yes,Yes,Fiber optic,Yes,Yes,Yes,Yes,No,No,One year,No,Electronic check,94.29,2767.72,Yes
1183-IDQXX,Female,0,No,Yes,55,Yes,No,Fiber optic,Yes,No,No,Yes,Yes,No,Month-to-month,No,Electronic check,88.67,4893.04,No
0391-RFVXJ,Female,0,No,No,23,No,No phone service,Fiber optic,Yes,Yes,Yes,Yes,Yes,Yes,Month-to-month,No,Credit card (automatic),97.85,2287.23,No
0335-OUSIT,Female,1,Yes,No,8,Yes,No,DSL,Yes,Yes,Yes,No,No,Yes,Month-to-month,Yes,Mailed check,74.32,570.83,Yes
1874-ZJNSM,Male,0,No,No,64,Yes,Yes,DSL,No,Yes,Yes,Yes,No,No,Two year,Yes,Mailed check,67.75,4028.04,No
3759-NQDNW,Female,0,No,No,0,No,No phone service,DSL,Yes,Yes,No,Yes,No,No,Month-to-month,No,Electronic check,59.55,,No
4216-VWKDB,Male,0,Yes,No,41,Yes,Yes,Fiber optic,Yes,No,No,No,No,Yes,One year,Yes,Bank transfer (automatic),86.61,3515.35,Yes
3204-AWNPF,Male,0,Yes,No,64,Yes,Yes,Fiber optic,No,No,No,Yes,Yes,No,One year,Yes,Credit card (automatic),94.94,5862.79,No
4704-ZSKQZ,Female,0,Yes,Yes,26,No,No phone service,DSL,Yes,No,Yes,Yes,No,Yes,Month-to-month,Yes,Electronic check,65.0,1690.53,No
4673-QYVZN,Female,0,Yes,Yes,13,Yes,No,DSL,Yes,No,Yes,No,Yes,Yes,Two year,Yes,Credit card (automatic),74.61,876.07,Yes
1945-ZZVHB,Female,1,Yes,Yes,40,Yes,Yes,Fiber optic,No,Yes,No,Yes,No,Yes,Two year,No,Credit card (automatic),97.67,3534.78,No
1688-TZFSK,Male,0,Yes,Yes,20,Yes,No,DSL,No,No,No,No,No,Yes,Month-to-month,Yes,Bank transfer (automatic),57.24,1211.11,No
2994-PDWFA,Male,1,No,No,50,Yes,No,DSL,Yes,Yes,Yes,No,Yes,No,Two year,No,Electronic check,78.24,3615.52,No
1348-KQJSW,Male,0,Yes,No,18,Yes,No,Fiber optic,No,Yes,No,No,Yes,Yes,One year,Yes,Credit card (automatic),92.88,1628.51,Yes
4229-ISWNN,Male,0,No,No,9,Yes,No,Fiber optic,Yes,No,Yes,No,Yes,No,Month-to-month,Yes,Mailed check,92.54,807.08,No
3018-UOHQB,Male,1,Yes,Yes,63,Yes,Yes,No,No internet service,No internet service,No internet service,No internet service,No internet service,No internet service,Two year,Yes,Mailed check,29.38,1728.03,No
3043-RCARV,Female,0,No,No,10,Yes,Yes,DSL,No,Yes,Yes,Yes,Yes,No,Month-to-month,No,Electronic check,80.91,778.56,Yes
2112-BNNWJ,Male,0,No,No,70,Yes,No,Fiber optic,No,Yes,No,Yes,No,No,Month-to-month,Yes,Mailed check,81.75,5777.51,Yes
4926-DSGKF,Male,0,No,Yes,34,Yes,No,Fiber optic,No,Yes,No,Yes,Yes,No,Month-to-month,No,Bank transfer (automatic),86.84,2938.29,No
4499-ELIEC,Male,0,No,Yes,12,Yes,No,Fiber optic,Yes,No,No,No,Yes,No,Two year,Yes,Electronic check,86.95,906.8,No
0115-NAXFD,Female,0,No,No,17,Yes,No,DSL,No,No,No,No,Yes,No,Month-to-month,No,Mailed check,58.24,1040.5,Yes
2280-XKMED,Female,0,No,No,3,Yes,Yes,No,No internet service,No internet service,No internet service,No internet service,No internet service,No internet service,Month-to-month,No,Electronic check,36.13,161.67,No
2073-WPXTO,Female,0,No,Yes,42,Yes,No,DSL,No,No,Yes,Yes,No,No,Month-to-month,Yes,Credit card (automatic),56.8,2450.64,No
3045-MKZDN,Female,0,Yes,No,10,Yes,Yes,No,No internet service,No internet service,No internet service,No internet service,No internet service,No internet service,Month-to-month,No,Credit card (automatic),30.63,335.09,Yes
1574-JVVVK,Female,0,Yes,No,51,Yes,Yes,Fiber optic,Yes,Yes,Yes,No,Yes,No,Two year,No,Electronic check,103.23,5006.74,No
4508-XUJAS,Female,0,No,Yes,18,Yes,No,DSL,Yes,Yes,Yes,No,No,No,Month-to-month,Yes,Electronic check,68.3,1112.7,No
2223-ZXRHI,Female,0,No,No,51,No,No phone service,Fiber optic,Yes,Yes,Yes,No,No,No,One year,No,Credit card (automatic),81.65,4043.88,No
2043-LUUNN,Male,0,Yes,No,67,Yes,Yes,Fiber optic,No,No,No,Yes,Yes,Yes,Two year,No,Electronic check,103.83,6455.37,No
5068-BMDHM,Female,0,No,No,0,Yes,No,DSL,Yes,Yes,Yes,No,Yes,No,Month-to-month,Yes,Electronic check,74.2,,Yes
2955-EYQSR,Female,0,Yes,No,60,Yes,Yes,Fiber optic,No,Yes,Yes,Yes,No,No,One year,Yes,Electronic check,96.81,5693.72,No
0091-DHGEL,Male,0,Yes,No,53,No,No phone service,DSL,No,Yes,No,No,Yes,No,Month-to-month,No,Electronic check,53.77,2893.96,No
3796-HZAKB,Male,1,No,No,12,Yes,Yes,DSL,Yes,No,Yes,No,No,No,Month-to-month,Yes,Electronic check,71.2,795.84,No
0045-XJEDR,Male,0,Yes,Yes,35,Yes,Yes,Fiber optic,No,No,No,No,No,No,Two year,No,Bank transfer (automatic),76.36,2533.52,No
3249-PONAA,Male,1,Yes,Yes,10,Yes,No,No,No internet service,No internet service,No internet service,No internet service,No internet service,No internet service,Month-to-month,No,Mailed check,24.72,235.67,No
4509-LEZWZ,Male,1,No,No,29,No,No phone service,DSL,No,No,Yes,Yes,Yes,Yes,Month-to-month,Yes,Credit card (automatic),71.55,2131.91,Yes
3446-WDOIS,Male,0,Yes,No,4,Yes,Yes,Fiber optic,Yes,No,No,Yes,No,Yes,Month-to-month,Yes,Mailed check,100.06,398.56,No
1465-GZRNQ,Female,1,No,No,8,No,No phone service,DSL,Yes,Yes,No,Yes,No,No,Month-to-month,Yes,Credit card (automatic),55.1,515.02,Yes
0894-PLRKK,Female,0,Yes,No,14,Yes,No,DSL,No,Yes,No,Yes,Yes,Yes,Two year,Yes,Credit card (automatic),80.46,1069.41,Yes
2750-MJFPS,Male,0,No,Yes,5,Yes,Yes,DSL,No,No,Yes,Yes,No,Yes,Month-to-month,No,Mailed check,80.59,271.45,Yes
2850-WOPLR,Male,0,No,No,31,Yes,No,Fiber optic,Yes,Yes,No,Yes,Yes,No,Two year,Yes,Credit card (automatic),96.17,2780.71,No
4110-BYGJO,Female,0,Yes,No,8,Yes,Yes,Fiber optic,Yes,No,No,No,Yes,No,Month-to-month,Yes,Mailed check,92.81,819.07,No
5116-XPWDF,Male,0,Yes,Yes,11,Yes,Yes,Fiber optic,Yes,Yes,Yes,No,No,No,Month-to-month,Yes,Credit card (automatic),91.17,1045.98,No
0911-DLPQW,Female,0,Yes,Yes,1,Yes,Yes,DSL,No,Yes,No,No,Yes,No,Month-to-month,Yes,Bank transfer (automatic),75.2,140.95,Yes
3092-TIBCC,Female,0,No,No,0,Yes,Yes,Fiber optic,Yes,Yes,Yes,No,No,Yes,Month-to-month,Yes,Electronic check,106.38,,Yes
3218-WXMUI,Female,0,Yes,Yes,0,Yes,Yes,No,No internet service,No internet service,No internet service,No internet service,No internet service,No internet service,Month-to-month,Yes,Electronic check,33.29,,No
0744-TMTTR,Male,0,Yes,No,27,Yes,No,Fiber optic,Yes,No,No,No,Yes,No,One year,Yes,Credit card (automatic),80.61,2081.67,No
5231-LHTLR,Female,0,Yes,No,43,Yes,Yes,DSL,No,Yes,Yes,No,No,No,Two year,No,Credit card (automatic),65.93,2676.26,No
0601-RFVLS,Female,0,No,No,22,Yes,No,No,No internet service,No internet service,No internet service,No internet service,No internet service,No internet service,Month-to-month,No,Credit card (automatic),30.19,702.88,No
3774-IRYKE,Female,0,No,Yes,23,Yes,No,DSL,No,No,No,No,No,Yes,Two year,No,Electronic check,60.14,1229.71,No
0727-RZVDK,Male,1,No,No,21,Yes,No,Fiber optic,No,Yes,No,No,Yes,No,Month-to-month,Yes,Credit card (automatic),82.17,1661.3,Yes
1402-KNLDV,Male,0,No,No,7,Yes,Yes,DSL,No,No,Yes,No,Yes,No,Month-to-month,Yes,Mailed check,78.14,499.29,Yes
0336-GTWZG,Female,0,No,No,2,Yes,Yes,Fiber optic,No,Yes,No,Yes,No,No,Month-to-month,Yes,Electronic check,82.44,174.73,Yes
4478-FAEXM,Male,0,Yes,No,1,Yes,No,No,No internet service,No internet service,No internet service,No internet service,No internet service,No internet service,Month-to-month,Yes,Electronic check,23.29,13.97,Yes
3664-CQVFT,Female,0,No,No,14,Yes,Yes,No,No internet service,No internet service,No internet service,No internet service,No internet service,No internet service,Month-to-month,No,Electronic check,34.3,514.33,No
0875-OUJXJ,Female,0,Yes,Yes,33,Yes,Yes,DSL,No,Yes,No,Yes,No,No,One year,Yes,Mailed check,68.85,2175.09,No
2766-XESMU,Female,0,Yes,No,6,Yes,No,DSL,Yes,No,No,Yes,Yes,No,Month-to-month,Yes,Bank transfer (automatic),68.75,476.75,No
2630-ZMZUH,Male,0,Yes,Yes,30,Yes,Yes,DSL,No,No,Yes,No,Yes,No,Two year,No,Electronic check,65.69,1839.08,Yes
1515-XYOJT,Female,0,Yes,No,9,Yes,Yes,Fiber optic,Yes,No,Yes,No,No,No,Month-to-month,Yes,Mailed check,86.21,835.21,Yes
3279-YZKGT,Female,0,Yes,No,20,Yes,No,Fiber optic,No,Yes,No,No,Yes,No,Month-to-month,Yes,Bank transfer (automatic),83.33,1525.01,Yes
2333-ZDFEX,Male,0,No,No,23,Yes,Yes,DSL,No,No,Yes,Yes,No,Yes,Month-to-month,Yes,Bank transfer (automatic),77.36,1852.85,No
0563-HCAFC,Male,0,Yes,No,2,Yes,No,Fiber optic,No,No,No,Yes,No,Yes,Month-to-month,Yes,Electronic check,88.11,239.71,No
1708-RBUOC,Male,0,No,No,9,Yes,No,Fiber optic,Yes,Yes,No,Yes,Yes,Yes,Month-to-month,Yes,Electronic check,104.66,904.88,Yes
0938-XJMBG,Female,0,Yes,Yes,1,No,No phone service,Fiber optic,Yes,No,Yes,Yes,No,Yes,Month-to-month,Yes,Bank transfer (automatic),89.3,162.3,Yes
2134-EDVQQ,Female,0,Yes,No,69,No,No phone service,DSL,Yes,Yes,No,No,No,No,One year,No,Bank transfer (automatic),51.65,3447.06,Yes
3416-PDBOY,Female,0,No,No,47,Yes,Yes,Fiber optic,No,No,No,No,Yes,No,Two year,Yes,Credit card (automatic),88.06,3819.71,No
4627-UNDSG,Male,0,Yes,No,4,Yes,Yes,Fiber optic,No,No,No,No,Yes,No,Month-to-month,No,Electronic check,88.31,262.51,Yes
1560-EVXOS,Female,0,No,No,38,No,No phone service,Fiber optic,No,Yes,Yes,Yes,No,No,Two year,No,Electronic check,78.52,2774.62,No
0612-QLYQD,Male,0,No,No,60,Yes,Yes,DSL,No,No,Yes,No,No,No,One year,Yes,Credit card (automatic),62.09,3648.78,No
3547-BFYQG,Male,0,Yes,No,56,Yes,Yes,DSL,No,No,Yes,Yes,No,Yes,One year,No,Electronic check,77.44,4143.1,No
5141-QOBUN,Male,0,Yes,No,11,Yes,Yes,No,No internet service,No internet service,No internet service,No internet service,No internet service,No internet service,One year,Yes,Mailed check,29.29,297.02,No
4241-CJENR,Male,1,No,No,3,Yes,No,DSL,No,No,No,No,Yes,Yes,Month-to-month,Yes,Mailed check,71.54,168.17,Yes
1919-LKJLF,Female,0,No,No,10,Yes,No,No,No internet service,No internet service,No internet service,No internet service,No internet service,No internet service,Month-to-month,No,Bank transfer (automatic),24.33,232.91,No
2711-YXMRP,Male,0,No,No,38,No,No phone service,No,No internet service,No internet service,No internet service,No internet service,No internet service,No internet service,One year,No,Electronic check,18.0,669.89,No
4674-JMBZD,Male,0,No,No,56,Yes,Yes,DSL,Yes,No,No,Yes,Yes,Yes,Month-to-month,No,Bank transfer (automatic),85.72,4854.5,No
3980-VXWHH,Male,0,No,No,72,Yes,Yes,Fiber optic,No,No,Yes,No,Yes,No,One year,Yes,Credit card (automatic),91.55,6434.2,Yes
3560-HEUNX,Female,0,Yes,No,42,Yes,Yes,Fiber optic,No,Yes,No,No,No,No,Month-to-month,No,Electronic check,84.71,3571.52,Yes
2274-GQUXS,Male,0,Yes,No,22,Yes,Yes,Fiber optic,No,Yes,No,Yes,No,Yes,Month-to-month,Yes,Credit card (automatic),97.78,2020.11,Yes
4176-JVNTJ,Female,0,Yes,Yes,1,No,No phone service,Fiber optic,Yes,No,No,Yes,No,No,Month-to-month,Yes,Electronic check,76.23,90.73,Yes
3459-OKYVV,Female,1,No,Yes,4,Yes,Yes,Fiber optic,No,Yes,No,Yes,Yes,No,Month-to-month,Yes,Electronic check,98.16,305.34,Yes
3930-ZKQOM,Female,0,Yes,No,72,Yes,No,Fiber optic,No,No,Yes,No,Yes,No,Two year,No,Electronic check,87.71,5842.44,No
0826-VAYZL,Female,0,No,No,0,Yes,Yes,Fiber optic,Yes,No,No,No,Yes,Yes,Month-to-month,No,Bank transfer (automatic),98.74,,Yes
3526-JZQSD,Male,0,Yes,No,22,Yes,No,DSL,Yes,No,Yes,No,Yes,No,Two year,Yes,Credit card (automatic),70.2,1426.92,No
1541-IFASZ,Male,0,No,Yes,69,No,No phone service,DSL,No,Yes,Yes,No,No,No,Two year,Yes,Electronic check,50.34,3262.65,No
3071-RFATX,Male,0,No,No,8,Yes,Yes,Fiber optic,No,No,No,No,No,No,Month-to-month,No,Credit card (automatic),75.01,639.43,Yes
0046-NICRP,Male,1,No,Yes,33,Yes,Yes,DSL,Yes,No,No,No,Yes,No,One year,Yes,Electronic check,68.55,2214.44,No
0997-ESBRN,Female,0,No,No,24,Yes,No,Fiber optic,No,Yes,Yes,No,Yes,No,Month-to-month,Yes,Credit card (automatic),91.74,2243.57,Yes
2227-EHFRY,Male,0,Yes,No,63,No,No phone service,No,No internet service,No internet service,No internet service,No internet service,No internet service,No internet service,Two year,No,Electronic check,18.0,1052.08,No
3323-SSHOJ,Male,0,No,No,2,Yes,No,Fiber optic,No,No,Yes,No,No,No,Month-to-month,Yes,Electronic check,77.15,156.01,Yes
3874-KTCBB,Male,0,No,Yes,20,Yes,No,DSL,No,No,No,Yes,No,No,Month-to-month,No,Electronic check,57.92,1186.02,Yes
5044-JELJY,Female,0,Yes,Yes,58,Yes,No,Fiber optic,No,No,Yes,No,No,Yes,Month-to-month,No,Mailed check,86.37,4981.09,No
3252-FYXOZ,Male,0,No,Yes,14,Yes,Yes,DSL,No,No,No,Yes,Yes,No,Month-to-month,No,Mailed check,75.52,1153.67,No
3432-CBPHJ,Male,0,Yes,No,0,Yes,No,DSL,Yes,No,Yes,Yes,Yes,No,Month-to-month,No,Electronic check,75.87,,No
4402-WMLCH,Male,0,Yes,Yes,12,Yes,Yes,Fiber optic,No,No,No,No,No,No,Month-to-month,No,Credit card (automatic),80.59,967.43,Yes
1443-DWNMJ,Female,0,Yes,Yes,42,Yes,No,DSL,No,Yes,Yes,No,No,No,Month-to-month,No,Electronic check,59.64,2581.65,No
2726-FEFCP,Male,0,No,Yes,61,Yes,No,DSL,No,No,Yes,No,No,Yes,Two year,Yes,Electronic check,67.78,3820.3,No
4553-BIISN,Male,0,No,Yes,43,No,No phone service,Fiber optic,No,Yes,No,No,No,No,Two year,Yes,Electronic check,69.59,2700.22,No
2439-EDLZZ,Female,0,Yes,No,20,Yes,No,Fiber optic,Yes,No,No,No,Yes,No,One year,No,Electronic check,92.54,1835.8,No
3757-UQWCY,Female,0,Yes,No,53,Yes,Yes,No,No internet service,No internet service,No internet service,No internet service,No internet service,No internet service,Two year,Yes,Credit card (automatic),32.52,1656.66,No
4857-NWJYZ,Male,0,Yes,No,11,Yes,No,Fiber optic,No,Yes,No,No,No,Yes,Month-to-month,No,Mailed check,87.86,869.19,Yes
0950-SHAHG,Male,0,Yes,No,25,Yes,No,Fiber optic,Yes,No,Yes,Yes,No,Yes,One year,Yes,Mailed check,94.85,2218.68,Yes
3653-ERETN,Male,0,No,Yes,14,Yes,No,No,No internet service,No internet service,No internet service,No internet service,No internet service,No internet service,Month-to-month,No,Bank transfer (automatic),21.54,321.44,Yes
0838-SLDZJ,Male,0,No,No,27,Yes,Yes,Fiber optic,Yes,No,No,No,Yes,Yes,Month-to-month,No,Electronic check,103.81,2880.72,Yes
4370-TZQWZ,Female,0,Yes,No,13,Yes,No,No,No internet service,No internet service,No internet service,No internet service,No internet service,No internet service,Two year,Yes,Bank transfer (automatic),27.5,305.89,No
0043-FLFIL,Male,0,No,Yes,18,Yes,No,Fiber optic,Yes,No,No,No,No,Yes,Month-to-month,No,Credit card (automatic),82.11,1412.41,No
4960-CMPNA,Female,0,Yes,Yes,25,Yes,No,Fiber optic,No,No,No,No,Yes,Yes,One year,Yes,Electronic check,91.49,2064.38,Yes
0687-BRGOF,Male,0,No,No,48,Yes,Yes,DSL,No,Yes,No,Yes,Yes,No,Two year,Yes,Electronic check,76.14,3411.87,No
1438-JGSUF,Female,0,No,No,0,Yes,No,Fiber optic,Yes,No,No,Yes,Yes,Yes,Month-to-month,No,Mailed check,95.41,,Yes
3034-HXSJK,Female,0,No,No,9,Yes,No,Fiber optic,Yes,No,No,No,No,No,Month-to-month,Yes,Mailed check,76.14,816.77,Yes
4066-DWPWN,Male,0,Yes,No,3,Yes,Yes,Fiber optic,Yes,No,No,No,No,No,Month-to-month,Yes,Electronic check,81.66,283.29,No
4723-KTIWP,Female,0,Yes,No,65,Yes,No,DSL,Yes,No,Yes,Yes,No,Yes,One year,No,Electronic check,78.59,4987.75,No
3443-SKRVS,Male,0,No,No,48,Yes,No,Fiber optic,Yes,No,Yes,No,Yes,Yes,Month-to-month,Yes,Electronic check,101.01,4845.48,Yes
0852-CTSGQ,Female,0,No,No,25,Yes,Yes,Fiber optic,No,Yes,No,Yes,No,No,Month-to-month,Yes,Electronic check,81.93,2011.5,Yes
1482-IMXQX,Male,0,Yes,No,1,Yes,No,Fiber optic,Yes,Yes,No,No,No,No,Month-to-month,Yes,Credit card (automatic),79.64,84.04,No
0089-GDEHH,Male,0,No,No,10,Yes,No,No,No internet service,No internet service,No internet service,No internet service,No internet service,No internet service,Month-to-month,Yes,Mailed check,27.09,265.68,Yes
2454-XVWEN,Male,0,No,Yes,12,Yes,Yes,No,No internet service,No internet service,No internet service,No internet service,No internet service,No internet service,One year,Yes,Mailed check,32.55,385.04,No
3704-LRZEG,Male,0,Yes,Yes,28,Yes,Yes,Fiber optic,No,No,No,No,No,Yes,One year,Yes,Mailed check,90.53,2423.64,No
0919-MUNRS,Male,1,No,No,25,Yes,Yes,Fiber optic,No,Yes,No,Yes,Yes,No,Month-to-month,No,Electronic check,93.72,2395.34,Yes
2485-HUVVU,Female,0,Yes,No,43,Yes,No,No,No internet service,No internet service,No internet service,No internet service,No internet service,No internet service,Two year,No,Mailed check,22.66,926.35,No
0588-QVWRV,Male,1,No,No,12,No,No phone service,Fiber optic,Yes,Yes,No,No,No,Yes,One year,Yes,Credit card (automatic),78.68,964.53,No
1327-GOXMA,Female,0,No,No,19,Yes,Yes,DSL,Yes,No,Yes,No,Yes,Yes,Month-to-month,No,Bank transfer (automatic),82.47,1584.55,Yes
5259-TFADR,Male,0,No,Yes,67,Yes,No,DSL,Yes,No,No,Yes,No,No,One year,No,Mailed check,61.44,3982.12,No
2509-HQHJL,Female,0,Yes,No,72,Yes,No,DSL,Yes,Yes,No,Yes,No,No,Month-to-month,Yes,Mailed check,61.05,4292.62,No
0386-LBDKZ,Male,0,No,No,20,Yes,No,DSL,Yes,No,Yes,No,No,Yes,Two year,Yes,Bank transfer (automatic),70.48,1328.47,No
1625-UXEHO,Male,0,Yes,No,30,Yes,Yes,Fiber optic,No,No,No,No,Yes,No,Month-to-month,No,Mailed check,89.13,2598.16,Yes
2478-FPMGL,Female,0,No,Yes,71,Yes,Yes,Fiber optic,No,Yes,No,No,Yes,Yes,Two year,Yes,Credit card (automatic),101.8,6792.16,No
3544-FNBPB,Male,0,No,No,22,No,No phone service,Fiber optic,Yes,No,No,No,No,No,Month-to-month,Yes,Electronic check,69.56,1574.18,No
3127-UTRCK,Male,0,No,No,33,Yes,Yes,DSL,No,Yes,Yes,Yes,No,Yes,Two year,No,Mailed check,83.4,2594.95,No
4983-CYDUI,Male,1,No,Yes,40,Yes,No,Fiber optic,Yes,No,No,Yes,Yes,Yes,One year,Yes,Bank transfer (automatic),100.62,3778.29,Yes
0584-LIKCY,Male,0,Yes,No,67,Yes,Yes,Fiber optic,Yes,Yes,No,No,No,No,Two year,Yes,Electronic check,86.29,5214.56,Yes
0813-WMYPE,Female,0,Yes,Yes,6,Yes,No,DSL,No,No,No,No,Yes,No,Month-to-month,No,Mailed check,59.42,413.73,No
2579-LQHKZ,Male,1,Yes,No,6,Yes,No,Fiber optic,No,No,No,No,No,Yes,Month-to-month,Yes,Mailed check,79.02,433.05,Yes
0193-NQBHK,Female,0,Yes,No,7,Yes,No,Fiber optic,No,No,No,No,No,Yes,Month-to-month,No,Mailed check,81.3,485.08,Yes
4115-SFRRJ,Female,0,Yes,No,58,Yes,No,Fiber optic,Yes,Yes,No,No,Yes,Yes,One year,Yes,Electronic check,95.03,5320.13,No
3485-PODTO,Female,0,No,No,3,Yes,Yes,DSL,No,No,Yes,No,No,Yes,Month-to-month,No,Electronic check,70.99,166.67,No
2185-FJXDJ,Male,0,Yes,No,4,No,No phone service,Fiber optic,Yes,No,No,Yes,No,Yes,Month-to-month,No,Credit card (automatic),80.7,294.27,Yes
1419-VWVXN,Male,0,Yes,Yes,27,Yes,No,Fiber optic,Yes,No,No,No,Yes,Yes,One year,No,Electronic check,94.98,2402.11,No
4573-HPHNG,Female,0,Yes,No,2,Yes,Yes,No,No internet service,No internet service,No internet service,No internet service,No internet service,No internet service,Month-to-month,Yes,Electronic check,33.17,36.52,No
4179-LJADO,Female,0,No,Yes,44,Yes,Yes,No,No internet service,No internet service,No internet service,No internet service,No internet service,No internet service,One year,No,Electronic check,29.17,1214.68,No
3016-OLJGX,Male,1,No,Yes,0,No,No phone service,DSL,Yes,No,No,Yes,No,Yes,Month-to-month,No,Electronic check,61.87,,Yes
2246-ROYXS,Male,1,Yes,Yes,2,No,No phone service,DSL,No,Yes,No,No,No,No,Month-to-month,No,Bank transfer (automatic),48.78,48.66,No
1083-GQDMZ,Male,0,No,Yes,63,Yes,Yes,Fiber optic,No,No,Yes,Yes,No,No,Month-to-month,Yes,Credit card (automatic),94.64,5999.14,Yes
2268-FBIZI,Female,0,Yes,Yes,39,Yes,No,DSL,No,No,Yes,No,Yes,Yes,One year,Yes,Mailed check,72.78,2730.04,No
2717-NAJCH,Female,0,Yes,No,37,Yes,Yes,DSL,No,No,Yes,No,Yes,No,One year,Yes,Electronic check,75.48,2670.96,Yes
3942-THQCG,Male,1,Yes,No,23,Yes,Yes,No,No internet service,No internet service,No internet service,No internet service,No internet service,No internet service,Month-to-month,Yes,Electronic check,29.72,663.34,Yes
2659-XEUQO,Male,0,Yes,No,25,Yes,No,DSL,Yes,Yes,Yes,No,Yes,No,One year,Yes,Bank transfer (automatic),76.53,1799.16,No
3546-DGDNH,Female,1,Yes,No,13,Yes,No,DSL,No,No,Yes,No,No,No,Month-to-month,No,Electronic check,55.23,650.94,No
5140-ENWTA,Male,0,Yes,No,38,Yes,No,No,No internet service,No internet service,No internet service,No internet service,No internet service,No internet service,Two year,Yes,Electronic check,25.68,898.27,Yes
2973-ALFHN,Male,0,No,Yes,33,Yes,No,No,No internet service,No internet service,No internet service,No internet service,No internet service,No internet service,Two year,No,Credit card (automatic),24.61,749.81,No
0912-CURAK,Female,0,Yes,No,57,Yes,No,No,No internet service,No internet service,No internet service,No internet service,No internet service,No internet service,Two year,Yes,Mailed check,33.36,1802.16,No
1580-SSJPA,Male,0,Yes,No,16,Yes,No,DSL,Yes,No,Yes,Yes,No,Yes,Month-to-month,Yes,Credit card (automatic),74.7,1205.53,Yes
3983-ORZEE,Female,0,Yes,No,0,Yes,No,DSL,Yes,No,No,No,No,No,Month-to-month,Yes,Mailed check,56.15,,Yes
0559-ZZJMT,Female,0,No,No,33,Yes,Yes,Fiber optic,No,Yes,Yes,No,No,No,Month-to-month,No,Credit card (automatic),86.37,2906.29,No
3772-GQPYY,Female,0,Yes,No,28,Yes,Yes,Fiber optic,No,Yes,Yes,No,No,No,Two year,Yes,Credit card (automatic),87.99,2212.21,No
4523-IJOMA,Male,0,Yes,Yes,45,Yes,Yes,DSL,No,No,Yes,Yes,Yes,Yes,Month-to-month,No,Electronic check,84.27,3714.39,Yes
4005-GTOFB,Female,0,No,Yes,57,No,No phone service,Fiber optic,No,No,No,No,No,Yes,One year,Yes,Electronic check,71.99,3929.2,No
0382-WRTEC,Male,0,No,No,68,Yes,Yes,DSL,No,Yes,Yes,Yes,No,Yes,Month-to-month,Yes,Mailed check,81.44,5535.95,No
2887-BZLNX,Male,0,Yes,No,72,Yes,Yes,DSL,Yes,No,Yes,Yes,Yes,Yes,Month-to-month,No,Bank transfer (automatic),90.47,6411.82,Yes
2403-AHEKL,Female,0,No,No,11,Yes,No,Fiber optic,No,Yes,Yes,No,Yes,No,Month-to-month,No,Electronic check,85.14,962.89,Yes
3285-VTLOB,Female,0,Yes,No,57,Yes,No,DSL,No,Yes,No,Yes,Yes,No,Two year,No,Mailed check,69.75,3690.21,No
3433-JHPUT,Male,0,Yes,Yes,72,Yes,No,No,No internet service,No internet service,No internet service,No internet service,No internet service,No internet service,Month-to-month,No,Credit card (automatic),28.74,2090.12,No
3118-EAXQB,Male,1,Yes,No,53,Yes,No,Fiber optic,Yes,No,Yes,Yes,Yes,Yes,One year,Yes,Bank transfer (automatic),104.25,5259.14,No
3302-VVQNV,Female,1,No,No,50,Yes,Yes,No,No internet service,No internet service,No internet service,No internet service,No internet service,No internet service,One year,Yes,Credit card (automatic),30.07,1463.62,No
3910-YPCOQ,Male,0,No,No,33,Yes,Yes,DSL,No,No,Yes,No,Yes,Yes,Two year,Yes,Mailed check,80.85,2484.52,No
4961-OJKAM,Male,1,No,No,39,Yes,No,Fiber optic,No,Yes,Yes,No,No,No,Two year,Yes,Mailed check,84.11,3075.13,No
3210-JHLYT,Female,1,Yes,No,22,Yes,No,No,No internet service,No internet service,No internet service,No internet service,No internet service,No internet service,Month-to-month,No,Electronic check,25.16,546.21,No
1763-MGZQQ,Male,0,No,No,41,Yes,Yes,DSL,Yes,No,No,Yes,No,Yes,Two year,Yes,Mailed check,76.37,2861.57,No
5221-QWFRQ,Male,0,Yes,No,45,Yes,No,Fiber optic,Yes,No,No,No,Yes,No,One year,Yes,Bank transfer (automatic),88.59,3894.53,No
1483-YMVSC,Male,0,No,No,70,No,No phone service,DSL,Yes,No,Yes,Yes,No,Yes,Month-to-month,Yes,Electronic check,65.18,4580.87,No
3498-WAAWC,Male,1,No,Yes,29,Yes,Yes,Fiber optic,No,No,No,No,No,Yes,Two year,No,Mailed check,89.19,2501.73,Yes
1099-TAKAT,Male,0,Yes,Yes,5,No,No phone service,DSL,No,Yes,Yes,No,Yes,No,Month-to-month,Yes,Mailed check,65.63,296.87,No
1470-KXSFC,Male,0,Yes,No,40,Yes,Yes,DSL,No,No,Yes,No,Yes,No,Month-to-month,No,Bank transfer (automatic),66.67,2675.49,Yes
0970-XCOQI,Male,0,No,No,40,Yes,No,No,No internet service,No internet service,No internet service,No internet service,No internet service,No internet service,One year,Yes,Credit card (automatic),19.87,789.42,No
2447-USFAM,Female,0,Yes,No,7,Yes,Yes,Fiber optic,No,No,No,Yes,No,No,Month-to-month,No,Electronic check,85.52,594.11,No
0979-NEILH,Female,1,No,No,48,Yes,Yes,Fiber optic,No,Yes,Yes,Yes,No,No,Month-to-month,Yes,Electronic check,89.53,4271.74,No
4646-FXWPP,Male,0,Yes,No,28,Yes,No,No,No internet service,No internet service,No internet service,No internet service,No internet service,No internet service,Two year,No,Electronic check,30.06,805.81,No
4294-FUMZU,Female,0,Yes,Yes,17,Yes,No,Fiber optic,No,Yes,No,Yes,Yes,Yes,Month-to-month,No,Mailed check,93.36,1544.47,No
3853-FHXYR,Male,0,No,No,54,Yes,Yes,Fiber optic,No,Yes,No,No,No,No,Two year,Yes,Electronic check,83.5,4110.53,No
0548-VBPDM,Female,0,Yes,No,0,No,No phone service,No,No internet service,No internet service,No internet service,No internet service,No internet service,No internet service,Two year,No,Credit card (automatic),23.58,,No
4435-DYLXF,Female,0,No,No,24,Yes,Yes,No,No internet service,No internet service,No internet service,No internet service,No internet service,No internet service,One year,No,Electronic check,34.9,830.91,No
0327-VGEHV,Male,0,Yes,No,0,Yes,No,Fiber optic,No,No,No,No,No,No,Month-to-month,No,Mailed check,69.04,,Yes
5165-IMFWN,Female,0,No,No,18,Yes,No,No,No internet service,No internet service,No internet service,No internet service,No internet service,No internet service,Month-to-month,Yes,Mailed check,27.25,444.92,No
1628-BXKLJ,Female,0,Yes,No,18,Yes,No,DSL,No,No,No,No,Yes,Yes,Two year,Yes,Electronic check,70.2,1229.99,No
2130-XJSDU,Female,0,No,No,44,Yes,No,Fiber optic,No,No,Yes,No,Yes,Yes,Two year,Yes,Electronic check,93.03,3811.17,Yes
1365-PSAMF,Female,0,Yes,No,8,Yes,No,Fiber optic,No,No,Yes,Yes,No,Yes,Month-to-month,Yes,Electronic check,87.69,736.64,Yes
2097-ADRRO,Female,0,No,No,60,Yes,No,DSL,No,No,Yes,Yes,No,No,Month-to-month,No,Bank transfer (automatic),55.14,3356.23,No
2997-VHFJF,Female,1,Yes,Yes,61,Yes,No,No,No internet service,No internet service,No internet service,No internet service,No internet service,No internet service,One year,Yes,Mailed check,28.61,1708.24,No
1177-BHAEB,Male,0,No,No,11,Yes,No,No,No internet service,No internet service,No internet service,No internet service,No internet service,No internet service,Month-to-month,Yes,Electronic check,22.92,243.12,No
4426-ZUUCX,Male,0,No,No,5,Yes,Yes,Fiber optic,No,No,No,No,Yes,Yes,Month-to-month,Yes,Credit card (automatic),94.0,436.56,Yes
2272-LYTMO,Male,0,No,No,68,Yes,No,Fiber optic,No,No,No,Yes,No,No,One year,Yes,Credit card (automatic),72.96,4791.54,Yes
1547-KLKAF,Female,1,Yes,Yes,25,Yes,Yes,DSL,No,No,Yes,No,No,Yes,One year,No,Bank transfer (automatic),67.74,1699.81,No
1894-MDUTW,Female,0,Yes,Yes,18,Yes,No,Fiber optic,No,No,Yes,Yes,Yes,No,One year,Yes,Bank transfer (automatic),89.6,1501.06,Yes
3111-RQWKC,Female,0,No,No,43,Yes,Yes,DSL,No,Yes,No,Yes,No,No,Two year,Yes,Credit card (automatic),62.11,2541.56,No
1345-EOXGS,Male,1,Yes,Yes,30,Yes,No,Fiber optic,Yes,No,Yes,No,No,Yes,One year,No,Credit card (automatic),88.72,2680.17,Yes
4387-RHXVT,Female,0,No,No,67,Yes,No,No,No internet service,No internet service,No internet service,No internet service,No internet service,No internet service,One year,No,Electronic check,25.96,1689.14,No
2330-NWEXP,Female,0,Yes,Yes,0,Yes,No,No,No internet service,No internet service,No internet service,No internet service,No internet service,No internet service,Month-to-month,Yes,Credit card (automatic),27.93,,No
2269-VAKYC,Male,0,No,No,56,No,No phone service,DSL,No,Yes,No,No,Yes,No,One year,Yes,Credit card (automatic),57.88,3168.95,No
3785-OPOQA,Female,0,Yes,No,10,Yes,No,No,No internet service,No internet service,No internet service,No internet service,No internet service,No internet service,Month-to-month,Yes,Credit card (automatic),20.96,205.83,Yes
5112-UOBYN,Male,1,No,No,51,Yes,No,Fiber optic,No,Yes,Yes,Yes,Yes,No,Two year,No,Bank transfer (automatic),91.61,4354.18,No
1532-OEYPQ,Female,0,No,No,5,Yes,No,DSL,No,No,No,No,No,Yes,Month-to-month,Yes,Mailed check,61.7,342.67,Yes
1674-UFGJN,Female,0,No,No,8,Yes,No,Fiber optic,No,No,No,No,No,No,Month-to-month,Yes,Electronic check,70.59,550.28,Yes
2715-JPEGO,Male,0,Yes,No,40,Yes,Yes,No,No internet service,No internet service,No internet service,No internet service,No internet service,No internet service,Month-to-month,No,Mailed check,31.86,1256.24,No
4123-PYVDN,Male,1,No,No,4,Yes,No,No,No internet service,No internet service,No internet service,No internet service,No internet service,No internet service,Month-to-month,No,Electronic check,28.07,70.95,Yes
3230-TFTIZ,Female,0,No,Yes,52,Yes,Yes,DSL,Yes,No,No,Yes,No,No,Two year,Yes,Electronic check,69.51,3335.61,Yes
1735-TFYVG,Male,0,Yes,Yes,28,Yes,Yes,Fiber optic,No,Yes,No,No,Yes,No,Two year,Yes,Credit card (automatic),97.76,2662.0,Yes
4830-FYIKJ,Female,0,Yes,No,37,Yes,No,DSL,No,Yes,Yes,No,No,Yes,Month-to-month,No,Credit card (automatic),72.13,2604.69,Yes
2560-RXIBO,Male,0,Yes,No,34,Yes,No,DSL,No,Yes,Yes,No,Yes,Yes,Month-to-month,Yes,Electronic check,77.49,2516.56,No
3163-KMBKY,Male,0,No,Yes,41,Yes,No,Fiber optic,No,Yes,Yes,No,Yes,No,Two year,Yes,Mailed check,84.81,3350.56,No
3561-KVVDX,Male,0,No,No,23,No,No phone service,Fiber optic,No,No,No,No,No,Yes,Month-to-month,Yes,Electronic check,73.36,1715.01,Yes
4046-GATEI,Female,0,No,No,0,Yes,Yes,DSL,Yes,No,Yes,Yes,Yes,No,Month-to-month,No,Electronic check,81.9,,Yes
0359-JKMRE,Male,1,Yes,Yes,59,Yes,Yes,No,No internet service,No internet service,No internet service,No internet service,No internet service,No internet service,One year,Yes,Credit card (automatic),32.22,1820.39,No
3173-QTDNG,Male,1,Yes,No,47,Yes,Yes,Fiber optic,No,Yes,Yes,No,Yes,Yes,One year,Yes,Mailed check,106.66,4973.27,No
2874-SFRHA,Female,0,No,Yes,15,Yes,No,DSL,Yes,Yes,No,No,Yes,No,Two year,No,Credit card (automatic),72.34,1035.09,No
0100-TTLRJ,Female,0,Yes,Yes,61,Yes,Yes,No,No internet service,No internet service,No internet service,No internet service,No internet service,No internet service,Two year,Yes,Credit card (automatic),30.8,1746.47,No
3832-PULSV,Male,0,Yes,No,42,Yes,No,Fiber optic,No,No,No,No,No,No,Month-to-month,No,Electronic check,69.7,2969.17,Yes
3086-HNMSA,Female,0,No,Yes,26,Yes,No,Fiber optic,No,Yes,No,No,No,No,Two year,Yes,Bank transfer (automatic),73.06,1822.98,No
1604-VQUED,Female,0,Yes,Yes,3,Yes,No,No,No internet service,No internet service,No internet service,No internet service,No internet service,No internet service,Month-to-month,No,Bank transfer (automatic),24.23,56.84,No
3612-KHIPS,Female,0,Yes,Yes,6,Yes,Yes,DSL,No,Yes,Yes,Yes,No,No,Month-to-month,Yes,Electronic check,70.46,310.08,Yes
2389-ZGNNS,Male,0,No,No,28,Yes,No,Fiber optic,No,Yes,Yes,No,Yes,Yes,Two year,Yes,Credit card (automatic),105.18,2709.52,Yes
0635-PWRQE,Female,0,Yes,Yes,24,Yes,No,Fiber optic,Yes,Yes,No,No,Yes,Yes,Month-to-month,No,Bank transfer (automatic),95.98,2278.8,No
4147-QGQKS,Female,0,Yes,No,5,Yes,No,No,No internet service,No internet service,No internet service,No internet service,No internet service,No internet service,Month-to-month,No,Credit card (automatic),23.36,121.27,Yes
5036-BJVBU,Female,1,No,No,65,Yes,Yes,No,No internet service,No internet service,No internet service,No internet service,No internet service,No internet service,One year,No,Electronic check,34.83,2165.88,No
3360-MXRZQ,Female,0,Yes,Yes,35,Yes,Yes,DSL,Yes,No,Yes,Yes,Yes,Yes,Month-to-month,No,Electronic check,91.16,3292.7,No
0582-KOWXA,Female,0,Yes,No,42,Yes,No,No,No internet service,No internet service,No internet service,No internet service,No internet service,No internet service,Month-to-month,No,Mailed check,25.64,1058.64,No
5278-HKWMV,Male,0,No,No,21,Yes,Yes,Fiber optic,Yes,Yes,Yes,Yes,No,No,One year,No,Bank transfer (automatic),97.75,1982.18,No
0175-RFKYY,Male,0,No,No,19,Yes,Yes,No,No internet service,No internet service,No internet service,No internet service,No internet service,No internet service,Two year,Yes,Credit card (automatic),31.78,574.57,Yes
1907-CLELH,Female,0,Yes,No,52,Yes,No,Fiber optic,No,No,No,No,Yes,No,Two year,Yes,Credit card (automatic),79.63,3864.56,No
1217-QABHI,Male,0,Yes,No,29,Yes,No,Fiber optic,No,Yes,No,Yes,Yes,Yes,Month-to-month,No,Bank transfer (automatic),94.52,2762.86,No
3481-QCDQL,Female,0,Yes,No,25,Yes,No,Fiber optic,Yes,Yes,No,No,No,No,Month-to-month,Yes,Bank transfer (automatic),79.79,2041.19,Yes
4131-VCKGF,Female,0,No,No,10,No,No phone service,DSL,No,No,No,Yes,Yes,Yes,Month-to-month,Yes,Bank transfer (automatic),65.6,619.08,Yes
4733-SKSUE,Male,0,No,No,14,No,No phone service,Fiber optic,No,No,Yes,No,No,Yes,Month-to-month,No,Electronic check,77.29,1082.77,Yes
3817-SRZFB,Male,0,No,No,9,Yes,Yes,Fiber optic,No,No,Yes,Yes,No,Yes,Month-to-month,Yes,Electronic check,89.78,797.67,Yes
3338-JXRLY,Male,0,No,No,28,Yes,Yes,Fiber optic,No,No,Yes,No,Yes,No,Two year,No,Mailed check,93.87,2566.78,Yes
3184-IHSTQ,Female,0,Yes,No,55,Yes,No,Fiber optic,Yes,No,Yes,No,Yes,Yes,Two year,Yes,Bank transfer (automatic),105.24,5346.38,No
0684-GFVVG,Male,0,Yes,Yes,67,No,No phone service,No,No internet service,No internet service,No internet service,No internet service,No internet service,No internet service,Month-to-month,Yes,Mailed check,20.35,1382.2,No
0321-OQFHZ,Female,0,No,Yes,22,Yes,No,No,No internet service,No internet service,No internet service,No internet service,No internet service,No internet service,Month-to-month,No,Electronic check,23.99,548.29,No
2654-NXSHN,Male,0,No,No,11,Yes,No,Fiber optic,No,Yes,No,No,No,Yes,Month-to-month,Yes,Mailed check,87.74,1064.46,Yes
0145-DIBYQ,Female,0,No,No,24,Yes,No,DSL,Yes,No,Yes,No,No,Yes,Two year,Yes,Electronic check,69.29,1504.28,Yes
2345-JCXNE,Male,1,No,No,44,Yes,No,DSL,No,No,Yes,No,No,Yes,One year,Yes,Bank transfer (automatic),64.35,2748.16,No
0177-FRJDX,Male,0,Yes,Yes,19,No,No phone service,Fiber optic,Yes,No,No,No,Yes,Yes,Month-to-month,No,Bank transfer (automatic),88.09,1679.08,No
2221-ATMRL,Male,0,No,No,53,No,No phone service,No,No internet service,No internet service,No internet service,No internet service,No internet service,No internet service,Month-to-month,Yes,Electronic check,18.37,990.39,No
2349-EEMLJ,Female,0,No,Yes,0,No,No phone service,DSL,No,No,No,No,Yes,No,Month-to-month,Yes,Electronic check,49.02,,Yes
3211-OHJMP,Male,0,No,Yes,10,Yes,Yes,DSL,Yes,No,No,No,Yes,Yes,Month-to-month,Yes,Credit card (automatic),80.53,787.27,Yes
3986-PEWXD,Male,0,No,Yes,57,Yes,No,Fiber optic,No,No,No,Yes,No,Yes,Two year,Yes,Mailed check,83.04,4418.56,No
5028-CFSBT,Female,0,No,No,45,Yes,Yes,No,No internet service,No internet service,No internet service,No internet service,No internet service,No internet service,Two year,Yes,Bank transfer (automatic),34.48,1492.97,No
0296-CHFDJ,Male,0,Yes,No,0,Yes,Yes,Fiber optic,Yes,No,Yes,Yes,Yes,Yes,Month-to-month,Yes,Credit card (automatic),108.22,,Yes
0036-HZRHO,Male,0,No,No,65,Yes,Yes,Fiber optic,Yes,No,No,No,Yes,No,One year,Yes,Mailed check,89.3,5635.9,No
5287-XPLRQ,Male,0,No,No,57,No,No phone service,No,No internet service,No internet service,No internet service,No internet service,No internet service,No internet service,One year,No,Mailed check,18.0,1001.26,No
1749-BZUKQ,Male,0,Yes,No,24,No,No phone service,Fiber optic,No,No,No,No,No,No,One year,Yes,Electronic check,66.09,1504.26,Yes
2824-KWCMI,Male,0,Yes,Yes,50,Yes,Yes,No,No internet service,No internet service,No internet service,No internet service,No internet service,No internet service,Month-to-month,No,Electronic check,33.78,1679.34,Yes
0388-NJSKB,Female,0,No,No,21,Yes,No,DSL,Yes,No,No,No,Yes,No,Two year,No,Mailed check,64.09,1210.98,No
3409-GWLYC,Male,0,Yes,No,60,Yes,Yes,DSL,Yes,No,No,No,Yes,Yes,One year,Yes,Electronic check,76.56,4426.46,No
1174-BZFWB,Female,1,No,Yes,16,Yes,Yes,No,No internet service,No internet service,No internet service,No internet service,No internet service,No internet service,Two year,Yes,Credit card (automatic),30.79,486.61,No
1867-WITMM,Female,0,Yes,No,0,Yes,No,DSL,Yes,Yes,Yes,No,Yes,No,Month-to-month,No,Electronic check,78.68,,No
2453-WMJMO,Male,0,No,No,46,Yes,No,DSL,No,No,Yes,No,No,Yes,Month-to-month,Yes,Credit card (automatic),64.07,2964.76,Yes
4838-SZIVW,Female,0,Yes,No,23,Yes,Yes,DSL,No,No,Yes,Yes,No,Yes,Month-to-month,No,Credit card (automatic),75.91,1764.01,No
1188-SKJEJ,Female,1,No,No,9,Yes,Yes,Fiber optic,No,Yes,No,No,Yes,No,Month-to-month,Yes,Mailed check,87.69,817.24,Yes
3270-RFBGQ,Male,1,Yes,No,17,Yes,No,Fiber optic,No,Yes,Yes,Yes,Yes,No,One year,No,Mailed check,94.84,1634.34,Yes
1521-NKMMH,Male,0,No,No,35,Yes,Yes,Fiber optic,No,Yes,No,No,No,No,Two year,Yes,Mailed check,85.79,2722.19,Yes
0889-PTCFH,Female,0,Yes,No,13,Yes,Yes,DSL,No,Yes,No,Yes,Yes,No,Two year,Yes,Mailed check,74.93,890.6,No
3507-DNKPS,Female,0,Yes,No,0,Yes,No,Fiber optic,No,No,Yes,Yes,No,Yes,Month-to-month,Yes,Credit card (automatic),89.95,,Yes
0978-SZJXZ,Male,0,Yes,No,63,Yes,No,Fiber optic,No,Yes,Yes,No,No,No,One year,No,Mailed check,79.28,4802.81,Yes
4607-RHVOZ,Male,0,Yes,No,23,Yes,No,No,No internet service,No internet service,No internet service,No internet service,No internet service,No internet service,Month-to-month,No,Credit card (automatic),18.0,406.7,Yes
5122-JFIYC,Male,0,No,No,66,Yes,No,Fiber optic,No,No,No,Yes,Yes,No,One year,Yes,Electronic check,80.18,5229.14,No
5158-PBASE,Male,0,Yes,No,48,No,No phone service,Fiber optic,Yes,Yes,Yes,No,Yes,No,One year,Yes,Electronic check,83.61,3843.95,No
1689-TRNEB,Male,0,No,No,57,Yes,Yes,Fiber optic,No,Yes,No,No,Yes,Yes,Month-to-month,No,Mailed check,97.87,5484.62,Yes
3112-GUZWP,Male,0,Yes,No,33,Yes,No,No,No internet service,No internet service,No internet service,No internet service,No internet service,No internet service,One year,Yes,Electronic check,25.33,810.27,No
2396-DRAMC,Male,0,Yes,Yes,4,Yes,Yes,No,No internet service,No internet service,No internet service,No internet service,No internet service,No internet service,Month-to-month,No,Credit card (automatic),38.21,165.54,No
2099-KMMDB,Male,0,Yes,No,0,Yes,No,DSL,No,Yes,No,No,No,No,Month-to-month,Yes,Credit card (automatic),60.5,,Yes
1064-CGYUW,Male,0,No,No,3,Yes,No,No,No internet service,No internet service,No internet service,No internet service,No internet service,No internet service,Month-to-month,No,Bank transfer (automatic),24.68,74.28,Yes
2240-QKBLG,Male,0,No,No,14,Yes,No,No,No internet service,No internet service,No internet service,No internet service,No internet service,No internet service,Month-to-month,Yes,Electronic check,24.63,340.71,No
4829-BFRSB,Male,0,No,No,17,Yes,Yes,Fiber optic,No,No,No,No,Yes,No,One year,No,Bank transfer (automatic),86.88,1411.09,No
3865-KLQMB,Female,0,No,Yes,72,Yes,No,Fiber optic,Yes,No,Yes,No,Yes,Yes,One year,Yes,Mailed check,102.99,7131.36,No
3053-LHAWO,Female,0,Yes,Yes,46,No,No phone service,No,No internet service,No internet service,No internet service,No internet service,No internet service,No internet service,Two year,Yes,Electronic check,18.0,794.84,Yes
2865-XRXGU,Female,0,No,No,15,Yes,Yes,DSL,No,No,No,Yes,No,Yes,Two year,Yes,Electronic check,72.2,1012.4,No
2071-FUFYY,Male,0,No,No,22,No,No phone service,DSL,Yes,Yes,No,No,No,No,Month-to-month,No,Credit card (automatic),51.54,1208.41,No
3932-IMBNC,Female,0,No,No,28,Yes,Yes,No,No internet service,No internet service,No internet service,No internet service,No internet service,No internet service,Month-to-month,No,Electronic check,30.89,864.82,Yes
0795-TZFDZ,Female,0,Yes,Yes,24,Yes,Yes,No,No internet service,No internet service,No internet service,No internet service,No internet service,No internet service,Two year,No,Electronic check,31.08,695.9,No
1915-FXKBP,Male,0,No,No,42,Yes,Yes,Fiber optic,No,No,Yes,No,Yes,Yes,Two year,Yes,Credit card (automatic),99.57,3835.78,Yes
4215-WWOGN,Female,0,Yes,No,42,Yes,Yes,Fiber optic,No,Yes,Yes,Yes,Yes,No,One year,Yes,Bank transfer (automatic),97.96,4058.05,No
2743-SQRPE,Male,0,No,No,33,Yes,Yes,No,No internet service,No internet service,No internet service,No internet service,No internet service,No internet service,Month-to-month,Yes,Bank transfer (automatic),33.58,1074.01,Yes
5267-SMKYK,Female,1,Yes,No,25,Yes,Yes,Fiber optic,No,No,Yes,Yes,Yes,No,Month-to-month,Yes,Mailed check,90.62,2198.53,Yes
4159-VDOWE,Female,0,No,Yes,4,Yes,No,Fiber optic,Yes,Yes,Yes,No,Yes,Yes,Month-to-month,No,Electronic check,103.15,275.94,Yes
5137-UHIJU,Female,1,No,No,16,Yes,Yes,Fiber optic,No,No,No,No,Yes,No,Month-to-month,Yes,Electronic check,84.74,1350.17,Yes
0702-FFPKH,Female,0,Yes,No,7,Yes,Yes,No,No internet service,No internet service,No internet service,No internet service,No internet service,No internet service,Month-to-month,Yes,Credit card (automatic),32.38,249.85,Yes
3747-ABLAV,Female,0,Yes,Yes,8,Yes,Yes,DSL,No,Yes,Yes,No,No,No,Month-to-month,Yes,Mailed check,72.9,509.79,No
3083-OSMDJ,Female,0,Yes,No,2,Yes,No,No,No internet service,No internet service,No internet service,No internet service,No internet service,No internet service,Month-to-month,No,Credit card (automatic),25.66,58.73,No
3605-KCOST,Male,0,No,Yes,32,Yes,No,Fiber optic,Yes,Yes,No,No,Yes,No,Two year,Yes,Credit card (automatic),86.48,2533.47,No
4028-EYAKY,Female,1,No,No,5,Yes,No,Fiber optic,Yes,No,No,No,No,No,Month-to-month,No,Electronic check,73.86,288.18,Yes
0105-XZEIP,Female,0,No,No,61,Yes,Yes,DSL,No,No,Yes,Yes,No,No,Two year,Yes,Mailed check,65.13,3644.82,No
4540-SSJGW,Female,0,No,Yes,30,No,No phone service,Fiber optic,No,No,No,Yes,Yes,Yes,One year,No,Mailed check,92.13,2841.17,No
3779-CXZVS,Male,0,Yes,Yes,72,Yes,No,Fiber optic,Yes,No,No,Yes,Yes,Yes,Two year,No,Bank transfer (automatic),100.75,6848.52,No
4937-MWLMV,Female,0,Yes,Yes,14,Yes,Yes,DSL,No,Yes,No,Yes,Yes,No,Month-to-month,No,Mailed check,77.65,1190.36,No
1668-SJKUC,Male,0,No,Yes,28,Yes,Yes,DSL,Yes,No,No,No,Yes,No,One year,No,Credit card (automatic),72.81,1995.06,No
2601-XNVHZ,Female,1,Yes,Yes,2,Yes,No,Fiber optic,No,No,Yes,No,Yes,No,Month-to-month,No,Mailed check,84.56,132.0,Yes
2638-QCEHU,Male,0,No,No,21,Yes,No,No,No internet service,No internet service,No internet service,No internet service,No internet service,No internet service,Two year,Yes,Electronic check,29.4,546.47,No
0739-WJREH,Male,0,No,No,15,Yes,No,DSL,No,Yes,Yes,No,Yes,No,Month-to-month,Yes,Electronic check,70.31,1156.39,Yes
1669-MCIQZ,Male,1,Yes,No,5,Yes,Yes,DSL,No,No,Yes,No,No,Yes,Month-to-month,No,Bank transfer (automatic),70.76,326.74,Yes
1190-HHPMT,Male,0,Yes,Yes,6,Yes,No,No,No internet service,No internet service,No internet service,No internet service,No internet service,No internet service,Month-to-month,Yes,Electronic check,28.17,169.02,No
4139-FDFQL,Female,1,Yes,No,5,Yes,No,No,No internet service,No internet service,No internet service,No internet service,No internet service,No internet service,Month-to-month,Yes,Credit card (automatic),25.14,97.7,No
3175-OZFRC,Female,0,No,Yes,14,Yes,Yes,Fiber optic,Yes,Yes,Yes,No,Yes,No,Month-to-month,Yes,Electronic check,98.11,1292.18,Yes
3474-ZOONY,Male,0,No,No,12,Yes,No,No,No internet service,No internet service,No internet service,No internet service,No internet service,No internet service,Two year,Yes,Credit card (automatic),25.24,287.09,No
0049-UPJBM,Female,0,No,No,28,Yes,No,Fiber optic,No,No,No,No,No,Yes,One year,No,Electronic check,79.12,2082.73,No
4323-RYDPX,Female,1,No,Yes,16,Yes,Yes,Fiber optic,Yes,Yes,Yes,No,No,Yes,Month-to-month,Yes,Bank transfer (automatic),104.52,1566.29,No
1011-MYSHC,Male,0,Yes,No,32,Yes,No,Fiber optic,No,No,Yes,No,No,No,One year,No,Credit card (automatic),78.84,2438.68,No
0489-PBYTE,Male,0,No,No,72,Yes,Yes,No,No internet service,No internet service,No internet service,No internet service,No internet service,No internet service,Month-to-month,Yes,Bank transfer (automatic),33.27,2376.87,No
1784-RHFSZ,Male,0,Yes,Yes,2,Yes,Yes,DSL,No,Yes,No,Yes,Yes,Yes,Month-to-month,Yes,Bank transfer (automatic),82.07,316.93,Yes
5013-OBWGR,Male,0,No,No,22,Yes,Yes,Fiber optic,No,Yes,No,No,No,No,One year,No,Bank transfer (automatic),82.66,1822.12,Yes
4962-CDLNQ,Male,0,No,No,18,No,No phone service,Fiber optic,Yes,No,Yes,Yes,No,No,Month-to-month,Yes,Credit card (automatic),76.36,1443.21,Yes
3933-TZMBL,Male,0,Yes,Yes,12,Yes,No,DSL,No,No,No,No,No,Yes,Month-to-month,No,Bank transfer (automatic),66.41,839.99,Yes
4469-ZXTUH,Female,0,Yes,No,33,Yes,Yes,DSL,No,Yes,No,Yes,No,Yes,Two year,Yes,Electronic check,76.87,2341.83,No
2771-QBWMC,Male,0,Yes,No,71,Yes,No,DSL,No,No,Yes,Yes,No,Yes,Two year,Yes,Credit card (automatic),71.88,4641.11,No
3654-EMNWS,Female,0,No,Yes,26,Yes,No,DSL,Yes,Yes,No,No,No,Yes,Two year,Yes,Mailed check,72.83,1776.98,No
1393-INQCV,Female,1,No,No,18,Yes,No,DSL,No,No,Yes,Yes,No,Yes,Two year,No,Credit card (automatic),68.35,1214.25,No
4832-SJQYG,Male,1,No,No,65,Yes,No,No,No internet service,No internet service,No internet service,No internet service,No internet service,No internet service,One year,No,Bank transfer (automatic),24.59,1567.36,No
2049-VXRWF,Male,0,No,Yes,72,Yes,No,Fiber optic,No,Yes,No,Yes,No,Yes,One year,Yes,Mailed check,85.05,5840.53,No
2841-QDGSI,Male,0,No,No,10,No,No phone service,No,No internet service,No internet service,No internet service,No internet service,No internet service,No internet service,Month-to-month,No,Bank transfer (automatic),18.0,185.6,Yes
4999-LFNFV,Male,0,No,No,27,Yes,Yes,Fiber optic,No,No,No,No,Yes,No,Two year,No,Electronic check,86.71,2185.04,Yes
4460-SOGOZ,Female,0,Yes,No,10,Yes,Yes,DSL,No,No,Yes,Yes,No,Yes,One year,Yes,Electronic check,73.51,601.43,No
0653-RKLCX,Male,0,No,No,9,No,No phone service,Fiber optic,No,No,No,Yes,No,No,Month-to-month,Yes,Electronic check,68.21,605.24,Yes
4991-KRTGR,Male,0,No,Yes,36,Yes,No,No,No internet service,No internet service,No internet service,No internet service,No internet service,No internet service,One year,No,Mailed check,25.61,865.73,Yes
4155-GMSOJ,Male,0,No,No,22,Yes,No,No,No internet service,No internet service,No internet service,No internet service,No internet service,No internet service,Two year,No,Bank transfer (automatic),24.56,471.97,No
2867-DTTFA,Female,0,No,No,1,Yes,No,No,No internet service,No internet service,No internet service,No internet service,No internet service,No internet service,Month-to-month,Yes,Electronic check,26.5,35.97,Yes
3901-RDCON,Male,0,Yes,Yes,0,Yes,No,No,No internet service,No internet service,No internet service,No internet service,No internet service,No internet service,Month-to-month,Yes,Mailed check,29.64,,No
3225-IGKKG,Female,0,Yes,No,14,No,No phone service,No,No internet service,No internet service,No internet service,No internet service,No internet service,No internet service,Month-to-month,Yes,Bank transfer (automatic),22.59,316.82,No
1600-CFDPL,Male,0,No,No,4,No,No phone service,Fiber optic,No,Yes,Yes,Yes,No,Yes,Month-to-month,No,Mailed check,93.2,407.77,No
3812-MKJQV,Male,0,Yes,Yes,1,Yes,No,Fiber optic,Yes,No,Yes,No,No,Yes,Month-to-month,Yes,Credit card (automatic),91.19,54.71,Yes
4879-XQDSA,Female,0,No,No,13,Yes,No,DSL,No,Yes,No,No,No,Yes,Month-to-month,No,Mailed check,65.23,878.19,Yes
2378-HFTUN,Male,0,No,No,0,Yes,Yes,No,No internet service,No internet service,No internet service,No internet service,No internet service,No internet service,Month-to-month,Yes,Credit card (automatic),28.33,,No
3339-PPTEX,Female,1,No,Yes,3,Yes,Yes,DSL,No,Yes,No,Yes,Yes,No,Month-to-month,No,Electronic check,75.95,201.2,No
3701-ECFYD,Male,0,No,No,31,Yes,No,Fiber optic,No,Yes,No,No,No,Yes,One year,No,Mailed check,86.86,2719.48,Yes
1772-TGMWE,Female,1,Yes,No,45,Yes,Yes,No,No internet service,No internet service,No internet service,No internet service,No internet service,No internet service,One year,No,Bank transfer (automatic),27.2,1135.45,No
1389-UUBKW,Male,0,Yes,Yes,44,Yes,Yes,DSL,No,Yes,No,No,No,Yes,Two year,Yes,Mailed check,72.57,2895.47,No
0295-XOYJO,Male,0,Yes,No,53,Yes,Yes,Fiber optic,No,No,No,Yes,Yes,No,One year,Yes,Electronic check,91.88,4772.16,No
4431-HYSQP,Male,0,Yes,No,56,Yes,No,DSL,No,No,Yes,No,No,Yes,Two year,Yes,Mailed check,64.65,3389.97,No
4642-EHKHX,Female,0,Yes,No,38,Yes,Yes,Fiber optic,Yes,No,No,Yes,No,No,One year,Yes,Electronic check,84.4,3053.93,No
2684-MIVYW,Male,0,Yes,Yes,15,Yes,Yes,No,No internet service,No internet service,No internet service,No internet service,No internet service,No internet service,Month-to-month,Yes,Electronic check,30.38,461.92,Yes
1796-XQOHS,Female,0,No,No,32,Yes,Yes,Fiber optic,Yes,No,No,No,No,Yes,Two year,No,Electronic check,93.43,2835.92,Yes
1226-DZEDU,Male,0,Yes,No,7,No,No phone service,No,No internet service,No internet service,No internet service,No internet service,No internet service,No internet service,One year,Yes,Credit card (automatic),18.0,132.28,No
5290-DGNDT,Female,0,No,No,36,Yes,No,Fiber optic,No,Yes,No,Yes,Yes,Yes,Two year,No,Bank transfer (automatic),96.81,3243.05,No
2998-NTPFI,Female,0,Yes,No,25,Yes,Yes,Fiber optic,No,No,Yes,Yes,No,Yes,Month-to-month,Yes,Electronic check,94.78,2342.45,No
0078-SCVKT,Female,0,No,No,21,Yes,No,Fiber optic,No,Yes,Yes,Yes,Yes,No,Month-to-month,Yes,Mailed check,95.51,1954.1,No
2751-WKTUW,Male,0,No,No,69,No,No phone service,No,No internet service,No internet service,No internet service,No internet service,No internet service,No internet service,Two year,No,Bank transfer (automatic),18.0,1132.85,No
3223-NWIFM,Male,1,No,No,19,Yes,No,No,No internet service,No internet service,No internet service,No internet service,No internet service,No internet service,Month-to-month,No,Mailed check,21.31,393.41,No
1203-YUMAF,Male,0,Yes,Yes,11,Yes,No,DSL,No,No,Yes,No,No,Yes,Month-to-month,No,Electronic check,61.72,694.35,No
2885-KMXNK,Male,0,No,No,1,Yes,No,DSL,No,No,Yes,Yes,No,No,Month-to-month,Yes,Electronic check,62.04,42.06,Yes
2853-VLHBC,Male,1,No,Yes,1,Yes,No,DSL,No,Yes,No,No,Yes,No,Month-to-month,No,Mailed check,61.8,58.53,Yes
0848-YVABS,Female,0,No,No,16,Yes,No,Fiber optic,No,Yes,No,Yes,No,Yes,One year,No,Mailed check,91.14,1483.98,Yes
1123-ZSDNX,Female,1,No,No,3,Yes,No,Fiber optic,No,Yes,No,No,Yes,Yes,Month-to-month,Yes,Mailed check,92.09,219.03,Yes
0218-OZRHK,Male,0,Yes,No,42,Yes,No,DSL,Yes,Yes,No,No,Yes,No,Two year,Yes,Credit card (automatic),72.12,2820.14,No
2238-BGAZT,Female,1,Yes,No,57,Yes,Yes,Fiber optic,Yes,Yes,No,No,No,No,One year,No,Credit card (automatic),85.7,4691.93,No
3647-VBWOY,Male,0,Yes,No,64,Yes,Yes,DSL,Yes,Yes,Yes,Yes,No,Yes,One year,No,Mailed check,89.07,5525.23,No
3828-LACRJ,Male,0,No,No,10,Yes,No,Fiber optic,Yes,Yes,Yes,No,No,No,Month-to-month,No,Electronic check,83.14,787.33,Yes
2523-YNEDD,Male,0,No,Yes,52,No,No phone service,DSL,No,Yes,Yes,No,No,Yes,One year,Yes,Electronic check,62.55,3165.38,No
2331-FLSAA,Female,1,No,Yes,32,Yes,No,Fiber optic,No,No,No,Yes,Yes,Yes,Month-to-month,Yes,Electronic check,93.26,2833.54,Yes
4051-JLNCN,Male,0,No,No,38,Yes,Yes,No,No internet service,No internet service,No internet service,No internet service,No internet service,No internet service,Two year,Yes,Credit card (automatic),31.62,1119.47,No
3807-TZRHV,Male,0,Yes,Yes,34,Yes,Yes,Fiber optic,No,Yes,Yes,No,No,No,Two year,No,Electronic check,87.37,2738.28,Yes
5181-PACKD,Female,0,No,No,24,Yes,No,DSL,No,No,No,Yes,No,Yes,One year,No,Credit card (automatic),64.39,1531.06,No
0659-BBSZW,Male,0,Yes,No,23,Yes,Yes,DSL,No,No,No,Yes,Yes,No,One year,Yes,Electronic check,71.32,1624.98,No
2484-OGCYZ,Male,0,No,Yes,6,Yes,No,DSL,Yes,No,No,No,Yes,No,Month-to-month,Yes,Bank transfer (automatic),63.4,365.96,No
5093-NXTOG,Female,0,Yes,Yes,64,Yes,Yes,Fiber optic,Yes,Yes,Yes,Yes,No,Yes,One year,Yes,Electronic check,108.03,6668.65,No
3981-SHEVG,Female,0,No,No,63,No,No phone service,Fiber optic,Yes,No,No,No,No,No,Two year,No,Mailed check,74.08,4352.19,No
0798-HRBWM,Female,1,No,Yes,17,Yes,No,DSL,Yes,Yes,Yes,Yes,Yes,Yes,Month-to-month,Yes,Electronic check,90.21,1561.18,No
1403-EUVWH,Male,0,Yes,No,18,Yes,No,DSL,Yes,No,No,Yes,Yes,No,Month-to-month,No,Mailed check,74.32,1264.64,No
2360-SKYDY,Male,0,No,Yes,58,Yes,Yes,Fiber optic,No,No,Yes,Yes,Yes,No,One year,No,Bank transfer (automatic),95.8,5471.23,No
5195-EIZQE,Female,0,Yes,No,42,Yes,No,Fiber optic,Yes,No,Yes,No,No,Yes,Two year,Yes,Electronic check,88.91,3470.15,No
0905-KBAVP,Male,0,No,No,3,Yes,Yes,Fiber optic,Yes,Yes,No,No,Yes,Yes,Month-to-month,Yes,Electronic check,107.47,198.77,Yes
1302-RASYG,Male,1,Yes,Yes,40,Yes,No,No,No internet service,No internet service,No internet service,No internet service,No internet service,No internet service,Month-to-month,Yes,Mailed check,28.8,1155.82,No
1273-NPKMZ,Male,1,Yes,No,51,Yes,Yes,DSL,No,Yes,No,No,No,No,One year,Yes,Credit card (automatic),63.94,3195.83,No
2186-ARKNW,Female,0,No,No,1,Yes,Yes,DSL,No,Yes,No,No,Yes,No,Month-to-month,Yes,Credit card (automatic),71.51,61.44,Yes
2868-DXKSI,Male,0,Yes,No,7,Yes,Yes,DSL,No,No,Yes,Yes,Yes,No,Month-to-month,Yes,Credit card (automatic),78.91,571.44,Yes
0780-FTCNF,Male,0,No,No,24,Yes,Yes,Fiber optic,Yes,Yes,Yes,No,Yes,Yes,One year,Yes,Credit card (automatic),111.91,2504.9,Yes
0317-UJYYM,Male,0,Yes,No,35,Yes,No,Fiber optic,No,Yes,No,No,Yes,No,Two year,No,Credit card (automatic),84.1,2636.58,No
3575-LNWNF,Male,1,No,No,3,No,No phone service,DSL,Yes,No,Yes,No,No,Yes,Month-to-month,Yes,Mailed check,61.81,244.41,Yes
2364-GZLHS,Female,0,Yes,Yes,10,Yes,No,No,No internet service,No internet service,No internet service,No internet service,No internet service,No internet service,Month-to-month,Yes,Credit card (automatic),23.98,205.95,No
2038-LJZVS,Female,0,No,No,69,Yes,No,Fiber optic,Yes,Yes,No,Yes,Yes,No,Two year,Yes,Electronic check,89.14,5861.41,No
4032-OCPWK,Female,0,No,No,61,No,No phone service,DSL,No,No,No,Yes,No,Yes,Month-to-month,Yes,Credit card (automatic),57.75,3555.07,No
1962-OGIHK,Male,0,Yes,Yes,12,Yes,No,No,No internet service,No internet service,No internet service,No internet service,No internet service,No internet service,Month-to-month,No,Electronic check,23.99,293.97,No
0637-XZGRZ,Male,0,Yes,No,0,No,No phone service,Fiber optic,Yes,No,No,No,Yes,Yes,Month-to-month,No,Electronic check,95.79,,Yes
0062-WBKSM,Female,0,No,No,7,Yes,No,DSL,Yes,Yes,No,No,Yes,No,Month-to-month,Yes,Bank transfer (automatic),69.58,331.47,Yes
0413-GBMFQ,Female,0,Yes,No,42,Yes,No,Fiber optic,Yes,Yes,Yes,No,Yes,No,Month-to-month,Yes,Bank transfer (automatic),91.08,3712.87,Yes
5103-MRBNR,Female,0,Yes,No,1,Yes,No,Fiber optic,No,No,Yes,No,No,Yes,Month-to-month,No,Mailed check,86.23,190.02,Yes
5011-EZFMV,Male,0,Yes,No,18,No,No phone service,DSL,Yes,Yes,No,No,No,No,Month-to-month,Yes,Bank transfer (automatic),51.23,1015.74,No
3920-RMRAZ,Female,1,Yes,No,24,Yes,No,DSL,Yes,Yes,Yes,Yes,No,No,One year,No,Electronic check,65.79,1476.8,No
2634-CWRRR,Male,0,No,No,58,Yes,Yes,DSL,No,Yes,Yes,No,No,Yes,One year,Yes,Credit card (automatic),77.01,4386.19,No
5256-BQGNC,Female,0,Yes,No,49,Yes,Yes,Fiber optic,No,No,No,No,No,Yes,Month-to-month,No,Credit card (automatic),87.6,4192.13,Yes
2057-VZDBM,Female,1,Yes,No,10,No,No phone service,Fiber optic,No,Yes,No,No,Yes,Yes,Month-to-month,No,Electronic check,92.86,1058.16,Yes
1940-NUBOE,Male,0,No,Yes,13,Yes,Yes,Fiber optic,No,No,Yes,Yes,No,No,Month-to-month,No,Electronic check,86.65,956.05,No
5080-KWWHS,Male,0,No,No,1,Yes,Yes,Fiber optic,No,Yes,No,No,Yes,Yes,Month-to-month,Yes,Bank transfer (automatic),96.82,103.41,Yes
4659-XBHFN,Female,0,No,Yes,8,Yes,No,No,No internet service,No internet service,No internet service,No internet service,No internet service,No internet service,One year,Yes,Electronic check,25.23,212.13,No
0758-EQJCX,Male,0,Yes,No,8,Yes,No,DSL,No,No,No,No,Yes,No,Month-to-month,No,Mailed check,59.59,504.73,Yes
4354-GGQTD,Female,0,No,No,56,Yes,No,Fiber optic,No,Yes,Yes,Yes,No,No,One year,Yes,Electronic check,79.82,4273.96,No
2991-CZSFA,Male,1,No,Yes,72,Yes,No,Fiber optic,No,No,No,Yes,Yes,No,Month-to-month,Yes,Mailed check,87.28,6325.47,No
2244-BQYQK,Male,0,No,Yes,6,Yes,No,DSL,No,Yes,Yes,Yes,No,Yes,Month-to-month,Yes,Electronic check,75.6,431.85,Yes
0880-LGWND,Female,0,No,No,23,No,No phone service,DSL,Yes,Yes,Yes,Yes,Yes,Yes,Month-to-month,Yes,Electronic check,79.3,1900.48,No
4037-YYDQE,Male,0,No,Yes,58,Yes,Yes,No,No internet service,No internet service,No internet service,No internet service,No internet service,No internet service,One year,Yes,Electronic check,28.22,1570.08,No
4459-YTBHU,Female,0,No,Yes,17,No,No phone service,No,No internet service,No internet service,No internet service,No internet service,No internet service,No internet service,Two year,No,Bank transfer (automatic),18.14,268.18,No
3451-ISTZH,Female,0,No,Yes,12,Yes,No,DSL,Yes,Yes,No,No,Yes,No,Month-to-month,No,Electronic check,68.29,836.58,Yes
1478-FCTRP,Female,0,No,No,27,No,No phone service,Fiber optic,Yes,Yes,No,Yes,No,Yes,Month-to-month,Yes,Mailed check,85.08,2228.81,Yes
1794-JVXQH,Female,1,No,No,8,Yes,No,Fiber optic,No,No,Yes,No,No,No,One year,Yes,Bank transfer (automatic),73.59,649.96,No
2690-YZGFJ,Female,1,No,Yes,17,Yes,No,DSL,No,Yes,No,No,Yes,Yes,Month-to-month,No,Electronic check,73.73,1251.1,Yes
2614-MQYEQ,Male,0,No,No,0,Yes,No,Fiber optic,Yes,No,No,No,No,Yes,Month-to-month,No,Credit card (automatic),82.68,,Yes
4352-CLIQR,Female,0,No,Yes,9,Yes,No,DSL,Yes,No,Yes,Yes,No,No,Month-to-month,No,Electronic check,63.78,562.47,No
2898-NBRUL,Male,1,Yes,Yes,39,No,No phone service,DSL,Yes,Yes,Yes,Yes,Yes,Yes,Month-to-month,Yes,Credit card (automatic),78.37,3035.64,No
2980-KASYV,Male,0,Yes,No,31,No,No phone service,DSL,No,Yes,No,No,No,No,Month-to-month,Yes,Mailed check,45.94,1423.2,Yes
1409-VPXJU,Male,1,Yes,No,29,Yes,Yes,Fiber optic,Yes,No,No,Yes,No,Yes,Month-to-month,No,Bank transfer (automatic),96.51,2793.22,Yes
0647-LHJQI,Male,0,Yes,No,2,Yes,No,No,No internet service,No internet service,No internet service,No internet service,No internet service,No internet service,Month-to-month,Yes,Bank transfer (automatic),25.79,57.68,No
4729-LDPOE,Male,1,No,No,25,No,No phone service,DSL,No,Yes,Yes,Yes,Yes,No,Two year,No,Electronic check,63.45,1469.14,No
2008-GNTST,Male,0,Yes,No,4,Yes,No,Fiber optic,Yes,No,Yes,No,Yes,Yes,Month-to-month,No,Electronic check,100.88,525.26,No
5075-TWNCC,Male,0,Yes,Yes,27,No,No phone service,Fiber optic,Yes,No,Yes,Yes,Yes,No,Two year,Yes,Electronic check,88.39,2171.57,No
0419-WHIXO,Male,0,Yes,Yes,14,Yes,No,DSL,No,No,No,No,Yes,No,Month-to-month,Yes,Electronic check,59.51,949.44,Yes
2558-IGAIP,Male,0,Yes,No,30,Yes,Yes,DSL,No,No,Yes,Yes,Yes,Yes,Month-to-month,No,Electronic check,90.56,2686.14,No
2335-TODKF,Female,1,No,No,22,Yes,No,No,No internet service,No internet service,No internet service,No internet service,No internet service,No internet service,One year,No,Bank transfer (automatic),28.02,597.96,No
1908-AMHEH,Female,0,Yes,No,9,Yes,Yes,Fiber optic,No,Yes,Yes,Yes,Yes,Yes,Month-to-month,No,Electronic check,113.24,1007.9,Yes
0405-RPUID,Female,0,No,No,63,Yes,No,DSL,Yes,No,Yes,No,Yes,No,Month-to-month,No,Credit card (automatic),70.36,4436.6,No
4595-CNPIB,Male,0,No,Yes,56,Yes,No,Fiber optic,No,No,No,No,Yes,Yes,One year,Yes,Electronic check,86.74,4649.03,No
3278-QAFDF,Male,1,No,Yes,71,Yes,No,Fiber optic,Yes,No,No,No,Yes,Yes,Two year,Yes,Credit card (automatic),94.14,6171.48,No
3495-JWSBZ,Male,0,No,No,14,Yes,Yes,No,No internet service,No internet service,No internet service,No internet service,No internet service,No internet service,Month-to-month,Yes,Credit card (automatic),33.52,475.72,Yes
1227-ZRBNM,Male,0,No,No,20,Yes,Yes,No,No internet service,No internet service,No internet service,No internet service,No internet service,No internet service,Two year,Yes,Electronic check,32.41,569.82,No
4591-YAVGD,Female,1,Yes,No,60,Yes,Yes,No,No internet service,No internet service,No internet service,No internet service,No internet service,No internet service,Month-to-month,Yes,Bank transfer (automatic),35.01,2054.31,No
3875-MKHKX,Male,1,No,No,14,Yes,Yes,DSL,Yes,No,No,No,No,No,Month-to-month,No,Electronic check,60.77,897.9,Yes
4098-GPCOY,Female,0,Yes,No,8,Yes,Yes,DSL,Yes,Yes,Yes,No,Yes,No,Month-to-month,Yes,Electronic check,78.56,695.18,No
1063-GLMHB,Female,0,Yes,No,38,Yes,Yes,DSL,No,No,No,Yes,Yes,Yes,Two year,No,Electronic check,78.36,2753.01,No
3342-PRDOH,Female,0,Yes,No,28,No,No phone service,Fiber optic,No,No,No,Yes,Yes,Yes,Month-to-month,Yes,Mailed check,86.1,2363.96,Yes
4764-LOTHC,Female,0,Yes,No,60,Yes,No,DSL,No,Yes,No,No,Yes,No,One year,Yes,Mailed check,65.7,3830.61,Yes
2977-ZJYWP,Male,0,No,Yes,0,Yes,No,Fiber optic,No,No,Yes,No,Yes,Yes,Month-to-month,Yes,Bank transfer (automatic),97.33,,Yes
5147-RVTGY,Female,1,No,No,16,No,No phone service,No,No internet service,No internet service,No internet service,No internet service,No internet service,No internet service,Two year,Yes,Bank transfer (automatic),18.71,260.6,No
1355-YMZYM,Male,1,No,Yes,21,Yes,No,DSL,Yes,Yes,No,Yes,Yes,No,Month-to-month,Yes,Bank transfer (automatic),74.19,1549.12,No
1947-IUYRI,Male,0,No,No,6,Yes,Yes,Fiber optic,No,Yes,Yes,No,No,No,Month-to-month,Yes,Electronic check,92.25,597.54,Yes
4489-EIJNY,Female,0,Yes,Yes,3,Yes,Yes,Fiber optic,No,No,Yes,Yes,No,Yes,Month-to-month,No,Credit card (automatic),96.31,178.93,Yes
3680-SICYF,Female,0,Yes,No,13,Yes,Yes,DSL,No,Yes,Yes,Yes,Yes,No,One year,No,Electronic check,80.56,1169.77,No
5134-SWQGO,Female,0,No,No,42,Yes,Yes,No,No internet service,No internet service,No internet service,No internet service,No internet service,No internet service,Two year,Yes,Mailed check,31.54,1237.86,No
2046-IJKDC,Female,0,No,Yes,18,Yes,No,DSL,No,No,No,No,No,No,Month-to-month,No,Bank transfer (automatic),52.69,950.98,No
4617-TJHVL,Male,0,No,Yes,1,Yes,Yes,No,No internet service,No internet service,No internet service,No internet service,No internet service,No internet service,Month-to-month,Yes,Electronic check,37.24,89.92,Yes
0380-CXJCH,Female,1,Yes,No,61,Yes,No,Fiber optic,Yes,No,No,Yes,Yes,Yes,Two year,No,Mailed check,102.36,5827.63,No
1565-DNBCB,Female,0,No,Yes,25,Yes,No,Fiber optic,Yes,Yes,No,No,No,Yes,Two year,Yes,Electronic check,87.75,1805.66,No
2934-JPMUX,Female,0,No,Yes,25,Yes,No,No,No internet service,No internet service,No internet service,No internet service,No internet service,No internet service,One year,Yes,Electronic check,25.87,633.28,No
3011-GFTQY,Female,1,No,Yes,35,Yes,Yes,DSL,Yes,No,Yes,Yes,Yes,Yes,Two year,No,Mailed check,87.04,2784.02,No
4447-YOOUA,Male,0,Yes,Yes,38,Yes,Yes,Fiber optic,Yes,Yes,Yes,No,Yes,Yes,Month-to-month,Yes,Bank transfer (automatic),112.12,4245.93,Yes
0603-UNRAQ,Male,1,No,Yes,51,Yes,No,Fiber optic,No,Yes,Yes,No,No,No,Two year,No,Electronic check,81.83,3831.53,No
3155-QXTQG,Female,0,Yes,Yes,9,No,No phone service,Fiber optic,Yes,No,No,No,No,Yes,Month-to-month,No,Bank transfer (automatic),78.3,662.29,Yes
4664-WJMAA,Female,0,No,No,32,Yes,No,Fiber optic,Yes,Yes,No,No,No,Yes,Month-to-month,Yes,Electronic check,91.14,2948.83,Yes
3674-CNTXT,Female,0,No,No,7,No,No phone service,DSL,Yes,Yes,No,No,No,Yes,Month-to-month,No,Mailed check,55.04,432.73,No
1170-KIJUS,Female,0,Yes,Yes,25,Yes,Yes,Fiber optic,No,Yes,No,Yes,Yes,Yes,Two year,No,Electronic check,109.09,2540.37,No
3870-TVTQS,Male,0,Yes,No,11,Yes,Yes,No,No internet service,No internet service,No internet service,No internet service,No internet service,No internet service,Month-to-month,Yes,Mailed check,35.28,386.88,Yes
3762-SJDDH,Male,0,No,No,12,Yes,No,DSL,No,Yes,Yes,No,Yes,No,Month-to-month,No,Electronic check,64.72,691.99,No
3412-UOFDW,Male,0,No,No,57,Yes,No,DSL,No,Yes,No,Yes,Yes,No,One year,Yes,Electronic check,74.07,3962.57,No
4583-WONHH,Female,0,No,Yes,21,Yes,Yes,No,No internet service,No internet service,No internet service,No internet service,No internet service,No internet service,Month-to-month,No,Bank transfer (automatic),30.03,641.49,No
3234-SQJWF,Male,0,No,No,22,Yes,Yes,DSL,Yes,No,No,No,Yes,No,Month-to-month,No,Electronic check,71.99,1550.6,No
4048-RDMQC,Male,0,Yes,No,11,Yes,Yes,DSL,Yes,Yes,No,No,Yes,Yes,Month-to-month,Yes,Mailed check,86.61,976.78,Yes
3206-TLVGK,Female,0,No,Yes,4,Yes,Yes,Fiber optic,No,Yes,No,No,Yes,No,Month-to-month,Yes,Credit card (automatic),90.83,335.77,No
1934-RFJWA,Male,1,Yes,No,9,Yes,Yes,DSL,No,Yes,No,Yes,Yes,Yes,Month-to-month,Yes,Electronic check,84.56,842.54,Yes
4689-TXKSE,Male,0,No,Yes,18,Yes,Yes,DSL,No,No,No,Yes,No,No,One year,No,Mailed check,69.39,1233.68,No
1132-ASOHB,Male,0,No,No,46,Yes,Yes,No,No internet service,No internet service,No internet service,No internet service,No internet service,No internet service,One year,Yes,Bank transfer (automatic),32.24,1443.58,No
4253-WMWWT,Male,0,Yes,Yes,59,Yes,No,DSL,No,Yes,No,No,Yes,Yes,Two year,No,Credit card (automatic),73.73,3981.41,No
0575-DROHN,Male,1,Yes,No,30,Yes,No,Fiber optic,No,No,No,Yes,No,No,Month-to-month,Yes,Electronic check,70.3,2100.33,Yes
2023-VSTQI,Male,0,No,Yes,65,Yes,Yes,DSL,No,No,No,No,No,Yes,Month-to-month,Yes,Mailed check,69.32,4578.53,Yes
3004-WSVAO,Female,0,Yes,Yes,39,Yes,No,Fiber optic,No,No,No,No,Yes,No,Two year,Yes,Electronic check,77.05,2898.81,No
2618-EEZQR,Female,1,Yes,No,1,Yes,No,Fiber optic,Yes,No,Yes,No,No,Yes,Month-to-month,Yes,Electronic check,90.1,54.06,Yes
0113-GZOAJ,Female,0,Yes,Yes,28,No,No phone service,DSL,No,Yes,No,No,No,No,One year,No,Mailed check,50.51,1392.65,No
5280-QGDNH,Male,0,Yes,No,9,Yes,No,No,No internet service,No internet service,No internet service,No internet service,No internet service,No internet service,Month-to-month,Yes,Electronic check,28.55,274.97,No
3610-DJRPB,Male,0,No,No,68,Yes,Yes,DSL,Yes,No,Yes,No,No,Yes,Two year,Yes,Electronic check,73.03,4595.92,No
0221-MAECQ,Female,0,No,No,36,Yes,No,DSL,Yes,Yes,Yes,No,No,Yes,Month-to-month,No,Electronic check,79.21,2923.76,Yes
3763-SGJMI,Female,0,No,No,66,Yes,Yes,DSL,No,No,Yes,Yes,No,Yes,One year,Yes,Bank transfer (automatic),76.42,4866.39,No
0191-RMNPS,Male,0,No,No,11,Yes,No,DSL,No,Yes,Yes,No,No,Yes,Month-to-month,Yes,Electronic check,68.8,766.18,Yes
1239-QAPVS,Female,0,Yes,No,9,Yes,Yes,Fiber optic,Yes,No,Yes,No,No,Yes,One year,No,Electronic check,93.35,608.66,No
1453-HGIHC,Male,0,Yes,No,62,Yes,Yes,Fiber optic,No,No,No,Yes,Yes,No,One year,No,Bank transfer (automatic),90.87,5426.75,No
1569-XWQKC,Female,0,No,No,65,Yes,Yes,Fiber optic,No,Yes,Yes,No,Yes,No,Two year,Yes,Credit card (automatic),97.5,5908.95,No
0722-TYXOW,Female,0,No,Yes,2,Yes,No,Fiber optic,No,Yes,Yes,Yes,Yes,Yes,Month-to-month,Yes,Bank transfer (automatic),103.16,62.15,Yes
1401-LPNEV,Female,0,Yes,No,4,Yes,Yes,No,No internet service,No internet service,No internet service,No internet service,No internet service,No internet service,Month-to-month,Yes,Electronic check,32.44,142.01,Yes
3562-NWLHR,Male,0,Yes,No,30,Yes,Yes,DSL,Yes,No,No,No,Yes,No,One year,Yes,Credit card (automatic),76.2,2254.97,No
4207-PPEPP,Male,0,Yes,No,10,Yes,No,DSL,No,No,Yes,Yes,No,No,Month-to-month,Yes,Electronic check,63.88,582.58,No
3039-BWHLT,Male,0,Yes,Yes,71,Yes,No,DSL,Yes,No,No,No,Yes,Yes,Two year,No,Bank transfer (automatic),78.94,5186.4,Yes
1660-VLOEM,Female,1,Yes,No,46,Yes,Yes,No,No internet service,No internet service,No internet service,No internet service,No internet service,No internet service,Two year,No,Electronic check,32.47,1370.32,No
3815-RFSAR,Female,0,Yes,No,9,Yes,No,No,No internet service,No internet service,No internet service,No internet service,No internet service,No internet service,Month-to-month,No,Electronic check,29.46,250.06,No
0891-WPGDY,Male,1,Yes,No,48,Yes,No,No,No internet service,No internet service,No internet service,No internet service,No internet service,No internet service,Month-to-month,No,Mailed check,24.79,1184.98,No
3462-LQNYQ,Male,0,Yes,No,36,Yes,No,DSL,Yes,No,No,No,No,No,One year,No,Mailed check,54.83,1903.97,Yes
2663-SILVQ,Female,0,Yes,No,0,Yes,No,DSL,Yes,No,No,Yes,Yes,Yes,Month-to-month,No,Electronic check,80.82,,No
2963-TVKRR,Male,0,No,Yes,29,Yes,Yes,Fiber optic,No,Yes,No,Yes,Yes,Yes,Month-to-month,Yes,Mailed check,106.86,3108.0,Yes
1635-IASQP,Female,0,Yes,No,27,Yes,Yes,Fiber optic,No,No,No,No,No,No,Two year,Yes,Mailed check,76.38,1908.1,No
2504-XCCBV,Female,0,No,No,34,Yes,Yes,No,No internet service,No internet service,No internet service,No internet service,No internet service,No internet service,Two year,Yes,Bank transfer (automatic),30.08,972.08,No
5152-PLLLC,Male,0,Yes,Yes,43,Yes,No,No,No internet service,No internet service,No internet service,No internet service,No internet service,No internet service,Month-to-month,Yes,Credit card (automatic),23.57,1005.67,No
4505-RFQZX,Female,0,Yes,Yes,36,Yes,No,DSL,Yes,No,No,No,Yes,No,Month-to-month,Yes,Credit card (automatic),64.33,2305.95,No
1485-IWUSS,Male,1,No,No,38,Yes,No,DSL,Yes,No,No,No,Yes,No,Month-to-month,Yes,Electronic check,65.5,2496.41,No
3122-JSDQT,Female,0,Yes,No,9,Yes,No,DSL,Yes,No,No,No,No,Yes,Month-to-month,Yes,Mailed check,62.53,560.04,No
4010-LQMWV,Male,0,No,No,52,Yes,Yes,No,No internet service,No internet service,No internet service,No internet service,No internet service,No internet service,One year,No,Credit card (automatic),40.43,2086.06,No
1089-BCLNA,Female,0,No,No,72,Yes,No,DSL,Yes,No,Yes,No,No,No,Month-to-month,Yes,Bank transfer (automatic),62.2,4430.61,No
2210-HSKZQ,Female,0,No,No,20,Yes,Yes,Fiber optic,No,Yes,Yes,Yes,No,No,Month-to-month,No,Mailed check,88.54,1794.24,Yes
3357-PVNQJ,Female,0,No,No,62,Yes,No,No,No internet service,No internet service,No internet service,No internet service,No internet service,No internet service,One year,No,Bank transfer (automatic),25.69,1536.66,No
4911-JCCFX,Female,0,Yes,No,4,No,No phone service,DSL,No,No,No,No,Yes,Yes,Month-to-month,Yes,Electronic check,64.67,336.62,Yes
4355-EISNS,Female,0,Yes,No,42,Yes,No,Fiber optic,No,Yes,No,Yes,Yes,Yes,One year,Yes,Electronic check,102.06,4101.51,No
3010-HLNJJ,Female,0,Yes,Yes,1,Yes,No,No,No internet service,No internet service,No internet service,No internet service,No internet service,No internet service,Month-to-month,No,Bank transfer (automatic),28.79,17.27,No
2040-MTSZB,Male,0,No,No,71,Yes,Yes,No,No internet service,No internet service,No internet service,No internet service,No internet service,No internet service,Two year,Yes,Electronic check,39.55,2634.34,No
3369-XSAKJ,Female,0,Yes,Yes,19,Yes,No,No,No internet service,No internet service,No internet service,No internet service,No internet service,No internet service,Month-to-month,No,Bank transfer (automatic),31.52,575.25,Yes
0538-EHVNX,Male,0,Yes,No,0,Yes,Yes,Fiber optic,Yes,No,No,No,No,Yes,Month-to-month,Yes,Mailed check,93.54,,Yes
2856-TYGEO,Male,0,Yes,Yes,63,Yes,Yes,Fiber optic,No,Yes,No,Yes,No,No,Month-to-month,Yes,Electronic check,86.83,5349.86,No
1626-POBKC,Male,0,No,No,2,Yes,Yes,No,No internet service,No internet service,No internet service,No internet service,No internet service,No internet service,Month-to-month,Yes,Electronic check,34.99,91.95,No
0945-EUSCD,Male,0,No,No,44,Yes,Yes,Fiber optic,Yes,Yes,No,Yes,Yes,Yes,One year,No,Bank transfer (automatic),110.73,4788.63,No
0275-HUSRS,Male,1,No,Yes,26,No,No phone service,No,No internet service,No internet service,No internet service,No internet service,No internet service,No internet service,Month-to-month,No,Mailed check,21.32,539.55,No
4493-HQGPJ,Female,0,No,No,59,No,No phone service,DSL,Yes,No,No,Yes,Yes,No,One year,Yes,Mailed check,59.64,3338.37,No
5025-BAVFC,Male,0,Yes,No,18,Yes,Yes,Fiber optic,No,No,No,No,No,No,Month-to-month,Yes,Credit card (automatic),84.43,1537.48,Yes
4858-EZVFM,Male,1,No,Yes,22,Yes,Yes,DSL,Yes,No,Yes,No,Yes,No,Month-to-month,No,Electronic check,74.11,1678.42,Yes
3620-FCHNV,Female,0,No,No,14,Yes,No,DSL,No,Yes,No,Yes,Yes,Yes,Month-to-month,No,Electronic check,83.84,1188.32,Yes
0290-EDBDP,Female,0,Yes,No,21,Yes,No,Fiber optic,Yes,Yes,No,No,No,No,Month-to-month,Yes,Mailed check,83.32,1702.75,Yes
0088-LOKAJ,Male,0,No,No,54,Yes,No,Fiber optic,Yes,Yes,No,No,No,Yes,One year,Yes,Electronic check,88.49,4697.55,Yes
2000-RYSLO,Female,0,Yes,No,11,Yes,No,Fiber optic,Yes,No,Yes,No,No,Yes,Month-to-month,No,Bank transfer (automatic),90.11,1145.52,No
2217-CENAK,Male,1,No,No,41,Yes,No,Fiber optic,No,Yes,No,No,Yes,Yes,One year,No,Credit card (automatic),93.03,3655.85,No
0858-HQVBG,Male,0,Yes,No,68,Yes,No,Fiber optic,No,No,Yes,Yes,Yes,Yes,One year,No,Bank transfer (automatic),102.72,6809.1,No
2144-MBNWV,Female,0,Yes,Yes,15,Yes,Yes,DSL,No,Yes,Yes,Yes,No,Yes,Two year,Yes,Electronic check,83.03,1263.58,No
1495-RTOMU,Male,0,No,Yes,39,Yes,No,No,No internet service,No internet service,No internet service,No internet service,No internet service,No internet service,Month-to-month,Yes,Credit card (automatic),29.98,1144.51,No
2767-EGYRA,Female,0,Yes,No,49,Yes,Yes,Fiber optic,Yes,No,No,Yes,Yes,Yes,Month-to-month,Yes,Credit card (automatic),107.7,5268.01,Yes
0148-OOFGK,Male,0,Yes,Yes,24,Yes,No,No,No internet service,No internet service,No internet service,No internet service,No internet service,No internet service,Month-to-month,No,Electronic check,22.89,553.53,No
3818-ARTKU,Female,0,Yes,No,15,Yes,No,No,No internet service,No internet service,No internet service,No internet service,No internet service,No internet service,Two year,Yes,Electronic check,25.74,358.04,No
0436-EJAIQ,Female,0,Yes,Yes,57,Yes,No,Fiber optic,No,Yes,Yes,Yes,Yes,Yes,Two year,No,Bank transfer (automatic),103.46,5559.51,No
1539-VVSAN,Male,0,Yes,No,6,No,No phone service,No,No internet service,No internet service,No internet service,No internet service,No internet service,No internet service,Month-to-month,No,Credit card (automatic),18.08,111.99,Yes
1585-NADQI,Female,0,Yes,No,3,Yes,No,DSL,Yes,Yes,No,No,Yes,No,Month-to-month,No,Bank transfer (automatic),69.1,292.06,Yes
4721-DCKEO,Male,0,No,Yes,14,Yes,Yes,Fiber optic,No,No,Yes,No,No,Yes,Month-to-month,No,Electronic check,90.98,1311.86,Yes
3431-JTFUF,Male,1,Yes,No,44,Yes,Yes,Fiber optic,No,Yes,No,Yes,Yes,No,Month-to-month,No,Electronic check,92.19,4088.82,Yes
0118-MWQRE,Female,0,No,Yes,48,Yes,Yes,DSL,Yes,Yes,Yes,No,No,No,One year,No,Mailed check,68.76,3151.46,No
1317-HJKMO,Female,0,Yes,No,49,Yes,Yes,DSL,No,No,No,Yes,No,Yes,Month-to-month,No,Mailed check,69.42,3525.7,No
3146-ECVLB,Male,1,Yes,No,26,Yes,No,DSL,No,Yes,Yes,No,No,Yes,Two year,Yes,Electronic check,67.66,1731.89,No
0862-UZIHU,Female,0,No,No,36,No,No phone service,DSL,No,Yes,No,Yes,No,No,Month-to-month,Yes,Electronic check,54.61,2009.38,No
2520-GZDIU,Male,0,Yes,No,44,Yes,No,Fiber optic,Yes,No,No,No,Yes,No,Month-to-month,No,Electronic check,88.7,3840.48,No
1169-BNBII,Female,1,Yes,No,55,Yes,No,DSL,No,Yes,No,Yes,No,No,One year,Yes,Electronic check,62.45,3262.95,No
3375-NGHDD,Female,0,No,No,40,Yes,No,No,No internet service,No internet service,No internet service,No internet service,No internet service,No internet service,Two year,No,Credit card (automatic),25.54,954.07,No
1398-TTAFA,Male,0,No,Yes,48,No,No phone service,No,No internet service,No internet service,No internet service,No internet service,No internet service,No internet service,Month-to-month,Yes,Mailed check,18.0,884.18,No
1208-XMYLI,Female,1,Yes,No,21,Yes,Yes,Fiber optic,No,No,No,Yes,No,Yes,One year,No,Bank transfer (automatic),98.93,1971.89,Yes
1800-DFMIB,Male,0,No,No,40,Yes,Yes,No,No internet service,No internet service,No internet service,No internet service,No internet service,No internet service,Two year,No,Electronic check,34.06,1229.39,No
0719-BRQAR,Male,1,Yes,No,57,Yes,No,No,No internet service,No internet service,No internet service,No internet service,No internet service,No internet service,One year,No,Electronic check,23.69,1298.76,No
2442-ZKVUV,Male,0,No,No,65,Yes,Yes,Fiber optic,No,No,No,Yes,Yes,No,Two year,Yes,Credit card (automatic),87.48,5306.07,No
5226-ALOPP,Female,0,No,Yes,72,No,No phone service,DSL,No,Yes,No,No,No,No,Two year,No,Bank transfer (automatic),44.25,2967.22,No
4788-JELME,Female,0,No,Yes,14,Yes,No,No,No internet service,No internet service,No internet service,No internet service,No internet service,No internet service,One year,Yes,Mailed check,31.96,374.16,No
3324-NJGNQ,Female,0,No,Yes,63,Yes,No,DSL,No,Yes,No,Yes,Yes,Yes,Two year,Yes,Credit card (automatic),78.2,4532.57,No
2922-XIUCG,Female,0,No,No,33,Yes,No,Fiber optic,Yes,No,No,No,Yes,Yes,Month-to-month,No,Credit card (automatic),93.49,3160.26,Yes
4954-OMINM,Female,0,No,No,0,Yes,No,Fiber optic,No,No,No,No,Yes,Yes,Month-to-month,Yes,Bank transfer (automatic),91.83,,Yes
2166-ETZYO,Female,0,Yes,No,0,Yes,Yes,Fiber optic,No,No,No,Yes,Yes,No,Month-to-month,No,Credit card (automatic),88.69,,Yes
2373-FZOKZ,Male,0,Yes,No,25,Yes,No,DSL,No,No,No,No,Yes,Yes,Two year,Yes,Credit card (automatic),63.89,1431.49,No
0356-NQICK,Female,0,Yes,Yes,53,No,No phone service,No,No internet service,No internet service,No internet service,No internet service,No internet service,No internet service,Two year,Yes,Mailed check,18.0,902.2,No
0265-CDEVS,Male,0,Yes,No,22,Yes,Yes,DSL,No,No,Yes,No,No,No,Month-to-month,Yes,Credit card (automatic),59.09,1251.5,No
4749-TDECS,Female,0,No,No,59,Yes,Yes,No,No internet service,No internet service,No internet service,No internet service,No internet service,No internet service,Month-to-month,Yes,Electronic check,35.91,2115.04,No
2145-IISQQ,Male,0,No,No,9,Yes,Yes,No,No internet service,No internet service,No internet service,No internet service,No internet service,No internet service,Month-to-month,Yes,Credit card (automatic),31.56,248.43,Yes
5117-IBZJE,Male,0,No,No,37,Yes,Yes,DSL,No,No,No,No,Yes,No,Two year,No,Electronic check,66.3,2237.67,No
2414-XRMLU,Female,0,No,Yes,19,Yes,Yes,No,No internet service,No internet service,No internet service,No internet service,No internet service,No internet service,Month-to-month,Yes,Electronic check,26.72,520.3,No
3689-GVMBY,Female,0,No,No,27,Yes,No,No,No internet service,No internet service,No internet service,No internet service,No internet service,No internet service,Two year,No,Mailed check,21.01,509.98,No
2401-TKFGQ,Male,0,No,No,16,Yes,No,DSL,No,No,No,No,No,Yes,Month-to-month,No,Electronic check,59.61,950.67,No
3181-PGAXX,Male,0,Yes,No,6,Yes,Yes,DSL,Yes,No,Yes,No,Yes,Yes,Month-to-month,Yes,Bank transfer (automatic),89.44,532.01,No
5178-TQZOL,Male,0,Yes,No,1,Yes,No,DSL,No,Yes,No,No,No,Yes,Month-to-month,No,Mailed check,63.43,46.82,No
5009-GLQFW,Female,0,Yes,No,18,Yes,No,DSL,Yes,No,Yes,No,Yes,No,One year,No,Bank transfer (automatic),71.62,1226.21,No
2809-IHVZT,Male,1,No,No,15,Yes,No,No,No internet service,No internet service,No internet service,No internet service,No internet service,No internet service,Month-to-month,Yes,Mailed check,28.09,414.64,Yes
4903-ZRAQX,Female,0,Yes,No,3,Yes,Yes,Fiber optic,No,No,No,Yes,Yes,No,Month-to-month,Yes,Mailed check,88.72,192.92,Yes
0599-AOCVE,Female,0,No,No,30,Yes,Yes,Fiber optic,No,No,No,No,No,Yes,Month-to-month,Yes,Bank transfer (automatic),92.04,2840.22,Yes
4666-QKFMC,Male,0,Yes,No,8,No,No phone service,DSL,No,No,Yes,No,No,Yes,Month-to-month,No,Bank transfer (automatic),62.11,615.9,No
3395-NTLHL,Male,0,No,No,72,Yes,No,No,No internet service,No internet service,No internet service,No internet service,No internet service,No internet service,Month-to-month,Yes,Mailed check,25.71,1808.98,No
3947-CGLST,Female,0,No,No,66,Yes,No,DSL,No,No,Yes,No,No,Yes,One year,Yes,Mailed check,65.36,4159.1,Yes
3975-DILRM,Male,0,No,No,7,Yes,Yes,Fiber optic,No,Yes,Yes,No,Yes,Yes,Month-to-month,Yes,Electronic check,109.65,803.54,Yes
4398-HINTW,Male,0,Yes,No,66,Yes,No,DSL,No,No,No,No,Yes,Yes,Two year,No,Bank transfer (automatic),66.03,4059.51,No
1670-CQKOH,Male,0,No,No,11,Yes,No,DSL,No,No,Yes,No,No,No,Month-to-month,No,Electronic check,55.75,554.62,Yes
4722-LCJRS,Male,0,Yes,Yes,20,Yes,Yes,DSL,Yes,Yes,No,No,No,Yes,One year,No,Mailed check,76.92,1515.89,No
1928-KOQZT,Female,0,No,Yes,38,Yes,No,Fiber optic,Yes,No,No,Yes,Yes,Yes,One year,Yes,Electronic check,98.78,3666.56,No
4919-ZJJPB,Male,0,Yes,No,5,Yes,Yes,Fiber optic,No,Yes,Yes,No,Yes,Yes,Month-to-month,No,Electronic check,106.3,385.26,Yes
4816-YIHFS,Female,1,Yes,No,30,Yes,No,Fiber optic,No,Yes,Yes,No,No,Yes,Two year,Yes,Mailed check,85.89,2403.24,No
4496-XDJYL,Female,0,No,No,36,Yes,Yes,No,No internet service,No internet service,No internet service,No internet service,No internet service,No internet service,Two year,No,Bank transfer (automatic),34.9,1169.06,No
3421-BEHMH,Male,0,Yes,No,41,No,No phone service,DSL,No,Yes,Yes,No,Yes,No,One year,Yes,Electronic check,64.56,2579.18,No
4775-CMBST,Male,1,Yes,Yes,1,Yes,Yes,Fiber optic,Yes,Yes,No,No,No,Yes,Month-to-month,No,Credit card (automatic),93.34,140.71,Yes
0470-LVOPD,Female,0,Yes,No,59,Yes,No,Fiber optic,No,Yes,Yes,Yes,Yes,No,Month-to-month,Yes,Mailed check,98.88,5848.42,Yes
1765-EQIEW,Male,1,Yes,No,20,Yes,Yes,Fiber optic,Yes,Yes,Yes,No,No,Yes,Month-to-month,No,Mailed check,99.37,1963.81,Yes
4204-OVNSE,Male,0,Yes,No,15,Yes,No,Fiber optic,Yes,No,No,Yes,No,No,Two year,Yes,Credit card (automatic),80.14,1106.63,No
2067-YTJTY,Male,0,No,No,33,Yes,Yes,DSL,No,No,No,No,Yes,Yes,One year,No,Mailed check,75.61,2568.78,No
3232-TYHXC,Female,0,Yes,No,16,Yes,No,Fiber optic,No,No,Yes,Yes,No,No,Month-to-month,No,Mailed check,76.8,1197.11,Yes
2879-MYZOU,Female,1,No,Yes,4,Yes,Yes,Fiber optic,Yes,No,No,Yes,No,Yes,Month-to-month,No,Credit card (automatic),99.24,363.93,Yes
4373-WVCZR,Female,0,No,No,5,No,No phone service,No,No internet service,No internet service,No internet service,No internet service,No internet service,No internet service,Month-to-month,No,Electronic check,18.0,94.97,Yes
2805-CIHVU,Male,0,Yes,Yes,0,Yes,No,Fiber optic,Yes,No,No,Yes,No,No,Month-to-month,Yes,Mailed check,82.97,,Yes
1680-OWLFU,Female,1,No,Yes,13,Yes,Yes,DSL,No,No,No,No,No,No,One year,Yes,Bank transfer (automatic),56.8,720.67,No
4876-AMZFE,Female,0,Yes,No,41,Yes,Yes,No,No internet service,No internet service,No internet service,No internet service,No internet service,No internet service,One year,Yes,Credit card (automatic),29.65,1178.61,No
3793-GJCRI,Male,0,No,No,29,Yes,No,Fiber optic,No,Yes,Yes,No,No,Yes,One year,Yes,Electronic check,90.63,2411.45,Yes
3316-HJDJB,Male,0,Yes,Yes,26,Yes,Yes,No,No internet service,No internet service,No internet service,No internet service,No internet service,No internet service,Month-to-month,Yes,Mailed check,31.37,790.86,No
2184-UMFNX,Female,0,No,No,44,Yes,Yes,DSL,No,No,Yes,No,No,Yes,One year,No,Electronic check,75.13,3195.47,Yes
5247-KFZEX,Male,0,Yes,No,9,No,No phone service,DSL,Yes,No,No,No,No,No,Month-to-month,No,Bank transfer (automatic),46.21,412.87,No
1362-ICJBX,Male,0,Yes,Yes,22,Yes,Yes,DSL,No,No,No,Yes,Yes,No,One year,No,Credit card (automatic),74.95,1525.21,No
2395-WMJIU,Male,0,No,No,69,Yes,Yes,DSL,No,Yes,Yes,No,No,Yes,One year,Yes,Bank transfer (automatic),79.42,5263.19,No
2263-QBFTV,Male,0,No,No,36,Yes,Yes,DSL,No,No,No,No,Yes,Yes,Two year,No,Mailed check,74.34,2463.47,No
2670-IXHEI,Female,0,Yes,Yes,25,Yes,Yes,Fiber optic,Yes,Yes,Yes,Yes,No,Yes,Month-to-month,Yes,Mailed check,104.31,2570.43,No
2974-FKYEM,Male,0,Yes,Yes,21,Yes,No,DSL,No,Yes,No,Yes,Yes,No,One year,Yes,Mailed check,66.22,1372.32,No
3974-BAXND,Female,0,No,No,70,Yes,Yes,DSL,No,No,Yes,No,Yes,No,One year,Yes,Bank transfer (automatic),64.5,4380.78,No
0740-URCNO,Female,0,No,No,3,Yes,Yes,DSL,Yes,Yes,No,No,No,No,Month-to-month,Yes,Credit card (automatic),66.56,159.99,Yes
0351-NSLEZ,Male,0,No,Yes,8,Yes,Yes,DSL,No,Yes,No,No,Yes,No,Month-to-month,No,Credit card (automatic),72.82,479.26,No
3425-DDZKY,Male,0,No,Yes,5,Yes,Yes,No,No internet service,No internet service,No internet service,No internet service,No internet service,No internet service,Month-to-month,No,Electronic check,34.85,194.73,Yes
4117-IVSCP,Female,0,Yes,No,18,Yes,No,No,No internet service,No internet service,No internet service,No internet service,No internet service,No internet service,Two year,Yes,Credit card (automatic),27.9,507.31,No
4019-KLDKD,Male,0,Yes,No,58,No,No phone service,DSL,Yes,Yes,Yes,No,No,Yes,Two year,Yes,Credit card (automatic),66.03,3531.69,No
0057-QVRZM,Male,0,No,No,0,Yes,Yes,Fiber optic,No,Yes,Yes,Yes,No,Yes,Month-to-month,Yes,Bank transfer (automatic),103.99,,Yes
2698-LEYGW,Female,0,No,No,35,Yes,Yes,Fiber optic,No,No,No,No,Yes,Yes,Month-to-month,Yes,Bank transfer (automatic),93.81,3329.3,Yes
4554-LBJEL,Male,0,Yes,Yes,30,Yes,Yes,No,No internet service,No internet service,No internet service,No internet service,No internet service,No internet service,Month-to-month,No,Electronic check,38.89,1140.47,No
2741-JCQTB,Male,0,No,No,61,Yes,No,DSL,No,No,Yes,No,No,No,Month-to-month,No,Bank transfer (automatic),53.78,3208.02,Yes
1093-NTZOP,Female,0,No,No,67,Yes,No,Fiber optic,No,No,No,No,No,No,One year,Yes,Mailed check,66.77,4345.34,No
0005-DTOUN,Female,0,No,No,25,Yes,Yes,Fiber optic,Yes,Yes,No,No,No,Yes,Month-to-month,Yes,Electronic check,101.67,2455.93,Yes
0373-IPVHE,Male,0,Yes,No,46,No,No phone service,No,No internet service,No internet service,No internet service,No internet service,No internet service,No internet service,Month-to-month,Yes,Bank transfer (automatic),18.0,855.91,Yes
2094-ZEMYM,Male,0,No,No,58,Yes,No,Fiber optic,No,Yes,Yes,Yes,Yes,No,One year,Yes,Credit card (automatic),96.01,5344.07,No
0215-YCPJT,Female,0,No,No,0,Yes,No,Fiber optic,Yes,No,Yes,Yes,No,Yes,Month-to-month,No,Credit card (automatic),92.32,,Yes
0393-XBFVI,Female,0,Yes,No,16,Yes,No,Fiber optic,Yes,No,No,No,No,No,Two year,No,Bank transfer (automatic),77.59,1218.14,Yes
5197-PHIIG,Male,0,No,No,45,Yes,No,DSL,No,Yes,No,Yes,Yes,Yes,One year,Yes,Credit card (automatic),75.64,3187.42,No
0579-KFRIR,Male,0,Yes,No,25,Yes,Yes,Fiber optic,Yes,No,No,Yes,No,Yes,Month-to-month,Yes,Bank transfer (automatic),99.15,2486.4,Yes
0675-OELYC,Female,0,Yes,No,22,Yes,No,DSL,No,No,Yes,No,Yes,Yes,Month-to-month,No,Electronic check,72.27,1598.5,No
2826-ARKHK,Male,0,No,No,7,Yes,Yes,Fiber optic,No,No,Yes,No,Yes,Yes,Month-to-month,Yes,Electronic check,102.98,636.65,Yes
2326-LAKMB,Male,0,Yes,Yes,72,No,No phone service,Fiber optic,No,Yes,No,No,No,Yes,Month-to-month,Yes,Credit card (automatic),76.23,5403.16,No
4378-HHYUL,Female,0,No,Yes,8,Yes,No,No,No internet service,No internet service,No internet service,No internet service,No internet service,No internet service,Month-to-month,No,Bank transfer (automatic),23.94,210.5,No
1979-UIAKX,Female,0,No,No,4,Yes,No,DSL,No,Yes,No,No,Yes,No,Month-to-month,No,Electronic check,64.62,219.22,Yes
2945-RFADB,Male,0,No,No,13,Yes,No,DSL,No,Yes,Yes,Yes,Yes,No,Month-to-month,Yes,Electronic check,78.73,1089.67,Yes
3969-MYSJC,Male,0,Yes,No,6,Yes,Yes,DSL,Yes,No,No,Yes,No,Yes,Month-to-month,Yes,Credit card (automatic),78.31,488.11,No
2081-NAXWJ,Male,0,Yes,Yes,36,Yes,No,Fiber optic,No,Yes,Yes,No,No,No,Two year,Yes,Mailed check,80.5,2727.86,No
4214-IYGEF,Male,0,Yes,No,16,Yes,No,Fiber optic,No,No,No,No,Yes,Yes,Two year,No,Bank transfer (automatic),80.24,1228.84,Yes
2540-ZMMCI,Male,0,No,No,10,Yes,No,DSL,No,Yes,Yes,Yes,No,Yes,Month-to-month,No,Mailed check,72.34,769.89,No
1049-TRWUR,Female,0,Yes,No,5,Yes,Yes,Fiber optic,Yes,Yes,No,No,Yes,No,Month-to-month,No,Electronic check,96.96,585.51,No
2479-AWEZT,Male,1,No,No,58,Yes,No,DSL,No,Yes,No,No,Yes,No,One year,No,Electronic check,65.5,3724.94,No
3588-YFNME,Female,0,Yes,No,6,Yes,Yes,Fiber optic,No,No,No,No,Yes,No,Month-to-month,No,Credit card (automatic),88.34,508.69,Yes
3174-LYSAW,Male,0,Yes,No,53,Yes,Yes,DSL,Yes,No,No,No,Yes,Yes,Two year,No,Electronic check,82.04,4006.66,No
2935-HIWWJ,Female,0,No,No,32,Yes,Yes,Fiber optic,Yes,No,No,No,Yes,Yes,Month-to-month,Yes,Credit card (automatic),100.31,3065.44,Yes
3814-BTWXE,Male,0,Yes,Yes,62,Yes,No,Fiber optic,Yes,No,No,No,Yes,Yes,One year,No,Bank transfer (automatic),92.0,5473.69,No
1996-EJQWW,Male,0,No,Yes,13,Yes,Yes,DSL,No,No,Yes,Yes,No,No,Two year,Yes,Electronic check,72.13,931.46,No
2604-OXZHH,Male,0,Yes,No,10,No,No phone service,No,No internet service,No internet service,No internet service,No internet service,No internet service,No internet service,Month-to-month,Yes,Credit card (automatic),21.76,203.1,Yes
2725-CADYY,Female,0,No,Yes,56,No,No phone service,Fiber optic,Yes,No,No,No,Yes,Yes,Two year,No,Bank transfer (automatic),89.37,4719.03,No
5038-VCADV,Female,0,No,Yes,4,Yes,No,Fiber optic,No,Yes,Yes,No,Yes,Yes,Month-to-month,No,Electronic check,96.45,430.98,Yes
2204-LYZQN,Male,0,No,Yes,35,Yes,No,No,No internet service,No internet service,No internet service,No internet service,No internet service,No internet service,Two year,No,Bank transfer (automatic),26.05,834.67,No
5171-BSJZT,Male,0,No,No,0,No,No phone service,Fiber optic,No,No,No,No,Yes,No,Month-to-month,Yes,Mailed check,73.15,,Yes
3328-NRZCA,Female,0,No,No,16,Yes,Yes,DSL,No,Yes,Yes,Yes,Yes,Yes,Month-to-month,No,Electronic check,91.61,1438.06,No
3212-KPXTU,Female,1,Yes,No,10,Yes,Yes,No,No internet service,No internet service,No internet service,No internet service,No internet service,No internet service,Month-to-month,No,Mailed check,35.38,327.79,Yes
4716-AAFJC,Male,1,No,No,29,Yes,Yes,DSL,Yes,No,Yes,No,Yes,No,Month-to-month,Yes,Electronic check,75.21,2184.42,No
2813-VAHVV,Female,0,Yes,No,68,No,No phone service,No,No internet service,No internet service,No internet service,No internet service,No internet service,No internet service,Month-to-month,Yes,Credit card (automatic),22.63,1529.82,Yes
0133-SQHRR,Male,0,No,Yes,21,Yes,Yes,Fiber optic,Yes,No,No,No,Yes,No,Month-to-month,Yes,Mailed check,91.81,1848.35,Yes
1623-LNKFL,Female,0,Yes,Yes,12,Yes,No,No,No internet service,No internet service,No internet service,No internet service,No internet service,No internet service,Two year,Yes,Credit card (automatic),26.98,307.85,No
1472-JBKYK,Female,0,Yes,No,54,Yes,No,DSL,No,Yes,Yes,Yes,No,Yes,Two year,Yes,Mailed check,73.08,3556.98,No
4904-JIZBT,Male,0,No,No,62,Yes,No,No,No internet service,No internet service,No internet service,No internet service,No internet service,No internet service,Month-to-month,No,Electronic check,28.42,1759.21,No
5248-HNENT,Male,0,Yes,Yes,29,Yes,Yes,DSL,Yes,Yes,No,No,No,Yes,Month-to-month,No,Electronic check,68.34,1941.97,Yes
0680-NDUGV,Female,0,Yes,No,15,Yes,Yes,DSL,No,Yes,No,No,No,Yes,Month-to-month,Yes,Bank transfer (automatic),69.49,1063.31,No
4208-MULEY,Female,0,No,No,35,Yes,Yes,No,No internet service,No internet service,No internet service,No internet service,No internet service,No internet service,Month-to-month,Yes,Mailed check,28.21,1003.49,Yes
2205-UMZVL,Female,0,Yes,No,31,Yes,No,No,No internet service,No internet service,No internet service,No internet service,No internet service,No internet service,Month-to-month,Yes,Credit card (automatic),23.44,705.77,No
0494-AFOEZ,Female,0,No,No,33,Yes,No,Fiber optic,No,No,No,No,Yes,Yes,One year,No,Bank transfer (automatic),88.08,2888.59,No
1111-LUPFL,Female,0,Yes,Yes,2,Yes,Yes,No,No internet service,No internet service,No internet service,No internet service,No internet service,No internet service,Month-to-month,No,Credit card (automatic),29.21,100.09,Yes
4317-XBAPG,Female,0,No,No,16,Yes,Yes,Fiber optic,No,No,Yes,No,No,Yes,Two year,Yes,Credit card (automatic),90.67,1357.0,Yes
5284-QNKAP,Female,1,Yes,Yes,49,Yes,No,DSL,Yes,No,No,Yes,Yes,No,One year,Yes,Credit card (automatic),62.73,3021.53,No
3289-XSPRK,Female,0,No,Yes,71,Yes,Yes,Fiber optic,No,No,No,No,Yes,No,One year,No,Credit card (automatic),84.32,5863.22,No
0147-UNQFQ,Male,0,No,No,72,Yes,No,DSL,No,No,No,No,Yes,Yes,Two year,No,Electronic check,66.2,4453.43,No
4457-CDSJA,Male,0,No,No,7,Yes,No,Fiber optic,No,Yes,Yes,No,No,No,Month-to-month,Yes,Mailed check,81.78,556.62,No
3617-OHLKR,Female,0,No,Yes,44,Yes,Yes,No,No internet service,No internet service,No internet service,No internet service,No internet service,No internet service,Month-to-month,Yes,Bank transfer (automatic),34.0,1468.67,No
4434-UTPJL,Female,0,Yes,No,24,Yes,Yes,Fiber optic,No,No,Yes,No,Yes,No,Two year,No,Bank transfer (automatic),91.04,2020.13,Yes
4951-LECAK,Male,0,No,No,46,Yes,Yes,Fiber optic,Yes,Yes,No,No,No,Yes,Month-to-month,No,Electronic check,95.14,4467.39,Yes
2785-VSOIB,Male,0,No,No,26,Yes,Yes,Fiber optic,Yes,No,No,Yes,Yes,Yes,One year,Yes,Credit card (automatic),105.09,2672.68,No
0092-JQBZR,Female,1,No,No,14,Yes,No,No,No internet service,No internet service,No internet service,No internet service,No internet service,No internet service,Month-to-month,Yes,Credit card (automatic),21.34,293.17,No
3800-YELMS,Male,0,No,No,57,Yes,No,DSL,Yes,Yes,Yes,No,Yes,Yes,Month-to-month,Yes,Electronic check,81.48,4690.12,No
4126-VQZZI,Female,0,No,No,9,No,No phone service,Fiber optic,Yes,No,Yes,Yes,Yes,No,Month-to-month,No,Electronic check,85.48,692.21,No
0524-EJHFW,Female,1,Yes,Yes,12,Yes,No,DSL,No,No,Yes,No,Yes,No,One year,No,Electronic check,62.24,728.69,No
4146-RIYOY,Female,0,No,No,32,Yes,No,DSL,No,No,No,Yes,No,Yes,Two year,No,Credit card (automatic),61.25,1803.03,No
3116-LVPUS,Male,0,No,No,49,Yes,Yes,DSL,Yes,No,No,Yes,Yes,Yes,One year,Yes,Credit card (automatic),88.5,4227.52,No
0108-HUTGJ,Female,0,Yes,No,34,Yes,No,DSL,Yes,No,Yes,No,No,No,Month-to-month,No,Electronic check,60.57,2105.22,Yes
0789-CZGRG,Female,0,Yes,No,65,Yes,Yes,No,No internet service,No internet service,No internet service,No internet service,No internet service,No internet service,Two year,Yes,Electronic check,33.82,2069.71,No
2452-HVRZB,Male,0,No,No,56,Yes,No,No,No internet service,No internet service,No internet service,No internet service,No internet service,No internet service,Two year,Yes,Electronic check,22.42,1163.68,No
1474-OTOVY,Male,0,No,No,16,Yes,Yes,No,No internet service,No internet service,No internet service,No internet service,No internet service,No internet service,Month-to-month,Yes,Mailed check,33.06,476.71,Yes
2427-YOIWH,Female,0,Yes,No,58,Yes,Yes,Fiber optic,No,No,Yes,No,No,No,Month-to-month,Yes,Mailed check,81.87,4823.23,Yes
2561-DNPLO,Male,0,Yes,No,2,Yes,No,DSL,No,Yes,Yes,No,No,No,Month-to-month,No,Credit card (automatic),59.39,194.62,No
0821-RZWVH,Male,0,Yes,No,50,Yes,Yes,Fiber optic,No,Yes,Yes,No,Yes,No,Month-to-month,Yes,Mailed check,99.31,4894.9,No
1373-PEUYP,Female,0,Yes,No,70,Yes,No,Fiber optic,No,No,No,No,Yes,Yes,Two year,No,Credit card (automatic),85.87,5604.13,No
4891-BYMGM,Female,0,Yes,No,6,Yes,Yes,Fiber optic,No,No,No,No,Yes,Yes,Month-to-month,Yes,Credit card (automatic),94.91,581.0,Yes
2397-JMLEK,Female,0,Yes,No,54,Yes,No,No,No internet service,No internet service,No internet service,No internet service,No internet service,No internet service,One year,No,Electronic check,23.0,1189.76,No
1986-AAXAS,Female,1,No,No,60,Yes,No,Fiber optic,No,Yes,No,No,Yes,No,One year,No,Bank transfer (automatic),79.47,4691.17,No
4621-HNQWY,Female,0,No,No,37,Yes,Yes,No,No internet service,No internet service,No internet service,No internet service,No internet service,No internet service,Two year,No,Electronic check,34.0,1213.46,Yes
0140-EYKLU,Female,0,No,No,52,Yes,No,DSL,Yes,No,No,Yes,No,No,One year,Yes,Electronic check,63.53,3266.81,No
0558-VPODD,Male,0,No,No,61,Yes,Yes,Fiber optic,Yes,Yes,No,Yes,Yes,No,Two year,No,Bank transfer (automatic),96.57,5552.96,Yes
1007-XBXMG,Male,0,No,Yes,0,Yes,Yes,Fiber optic,No,No,Yes,No,Yes,No,Month-to-month,Yes,Electronic check,93.52,,Yes
3131-NXKIJ,Female,1,Yes,Yes,6,Yes,No,DSL,Yes,No,No,Yes,Yes,No,One year,Yes,Electronic check,67.9,448.03,Yes
3290-DMIHA,Female,1,Yes,Yes,37,Yes,No,Fiber optic,No,No,No,No,No,No,Two year,Yes,Mailed check,66.82,2266.29,Yes
1391-CUGWS,Male,0,Yes,Yes,16,Yes,Yes,Fiber optic,No,No,Yes,No,No,Yes,Month-to-month,No,Mailed check,93.43,1373.4,Yes
1931-TWNIQ,Female,0,No,No,28,Yes,No,Fiber optic,No,Yes,Yes,No,Yes,No,One year,Yes,Mailed check,83.42,2272.62,No
5298-JPLLV,Male,0,Yes,No,13,Yes,Yes,Fiber optic,Yes,No,Yes,Yes,No,Yes,Month-to-month,No,Credit card (automatic),99.22,1234.34,No
2769-PSFIQ,Female,0,No,No,52,Yes,Yes,DSL,No,No,No,No,No,No,Two year,No,Bank transfer (automatic),52.51,2533.38,No
3871-ROEUZ,Male,0,Yes,No,41,Yes,No,DSL,Yes,Yes,No,No,Yes,Yes,Month-to-month,Yes,Electronic check,81.71,3386.69,No
1997-XYQLM,Male,0,No,Yes,20,No,No phone service,DSL,Yes,No,No,No,Yes,No,Month-to-month,Yes,Credit card (automatic),62.28,1191.28,Yes
1789-HFWDJ,Female,0,No,Yes,68,Yes,No,Fiber optic,No,No,Yes,No,Yes,No,Two year,Yes,Electronic check,78.99,5007.61,No
2407-VWWAS,Female,0,No,Yes,11,Yes,No,DSL,Yes,Yes,No,No,Yes,No,Month-to-month,Yes,Electronic check,74.83,842.12,No
4736-DYKSW,Female,0,No,No,8,Yes,Yes,Fiber optic,No,Yes,No,Yes,No,Yes,Month-to-month,No,Mailed check,92.29,648.99,Yes
0181-KIEZL,Male,0,No,Yes,55,Yes,Yes,Fiber optic,Yes,No,Yes,Yes,No,Yes,One year,Yes,Bank transfer (automatic),97.96,5261.25,No
2812-ZWHIN,Male,0,Yes,No,11,Yes,No,Fiber optic,Yes,Yes,No,Yes,Yes,Yes,Month-to-month,Yes,Electronic check,109.25,1232.74,Yes
3126-DZRDV,Male,0,Yes,No,25,Yes,No,Fiber optic,Yes,Yes,Yes,No,Yes,No,Two year,Yes,Credit card (automatic),93.76,2161.99,Yes
2202-YXFCP,Female,0,No,No,58,Yes,No,Fiber optic,No,No,No,Yes,No,Yes,Two year,Yes,Credit card (automatic),84.17,4502.52,No
3595-HTQQW,Female,0,Yes,No,1,Yes,Yes,DSL,No,No,Yes,No,No,No,Month-to-month,No,Mailed check,62.1,48.29,No
1970-KICGD,Female,0,Yes,Yes,9,Yes,No,No,No internet service,No internet service,No internet service,No internet service,No internet service,No internet service,One year,Yes,Electronic check,27.36,245.21,No
4213-TXTIJ,Female,0,No,No,4,No,No phone service,Fiber optic,No,Yes,No,Yes,Yes,Yes,Month-to-month,Yes,Bank transfer (automatic),92.57,428.43,Yes
0735-CSWPA,Female,0,Yes,No,5,Yes,No,No,No internet service,No internet service,No internet service,No internet service,No internet service,No internet service,Month-to-month,Yes,Electronic check,24.26,121.85,Yes
0867-FZIIM,Male,1,Yes,No,46,No,No phone service,Fiber optic,No,No,No,No,No,No,One year,No,Electronic check,65.59,2974.89,No
5094-BIKWM,Male,0,Yes,No,12,Yes,No,Fiber optic,No,Yes,Yes,Yes,Yes,No,Month-to-month,Yes,Mailed check,99.53,1087.85,Yes
3688-KTOWQ,Female,1,Yes,No,21,Yes,No,No,No internet service,No internet service,No internet service,No internet service,No internet service,No internet service,Two year,No,Mailed check,27.89,548.31,No
4246-ROZEQ,Male,0,Yes,Yes,29,Yes,Yes,DSL,No,Yes,Yes,Yes,Yes,Yes,Two year,Yes,Electronic check,85.74,2262.48,No
2673-CBEJU,Female,0,Yes,No,31,Yes,Yes,Fiber optic,Yes,Yes,Yes,No,No,No,Month-to-month,Yes,Bank transfer (automatic),91.03,2677.86,Yes
5111-PGEXT,Male,0,No,No,19,Yes,No,Fiber optic,Yes,No,Yes,Yes,No,No,One year,No,Credit card (automatic),87.34,1612.7,No
2907-MBQRQ,Male,0,No,Yes,22,No,No phone service,DSL,No,No,Yes,No,No,Yes,Month-to-month,Yes,Electronic check,59.36,1322.25,No
1918-OEIQH,Male,1,Yes,No,29,Yes,Yes,No,No internet service,No internet service,No internet service,No internet service,No internet service,No internet service,One year,No,Bank transfer (automatic),28.57,796.43,No
2739-XXBSA,Female,0,Yes,Yes,57,Yes,Yes,DSL,No,No,Yes,Yes,No,No,Two year,No,Mailed check,69.01,3586.81,No
4802-DVLTM,Female,0,No,No,20,Yes,No,Fiber optic,No,No,No,Yes,Yes,Yes,One year,Yes,Credit card (automatic),92.36,1827.65,No
3711-QZWQB,Male,0,Yes,No,9,Yes,Yes,No,No internet service,No internet service,No internet service,No internet service,No internet service,No internet service,Month-to-month,Yes,Electronic check,34.59,319.99,No
0131-ANSYX,Female,1,No,Yes,8,Yes,Yes,Fiber optic,Yes,No,No,Yes,No,No,Month-to-month,Yes,Mailed check,88.45,639.94,Yes
3379-RPSOI,Female,0,No,No,19,Yes,No,DSL,No,Yes,Yes,No,No,No,Month-to-month,Yes,Bank transfer (automatic),58.46,1089.99,Yes
5110-QDLGI,Male,0,No,Yes,14,Yes,Yes,DSL,No,No,Yes,No,No,No,Month-to-month,Yes,Bank transfer (automatic),62.55,851.87,No
1549-JOGIY,Female,0,Yes,No,23,Yes,No,Fiber optic,No,Yes,Yes,No,Yes,No,Two year,No,Mailed check,90.75,1910.91,No
2745-JBSHB,Female,1,Yes,No,50,Yes,Yes,Fiber optic,No,No,Yes,No,No,No,Two year,Yes,Electronic check,80.76,3800.47,Yes
1792-GUPTS,Female,0,No,No,50,Yes,No,No,No internet service,No internet service,No internet service,No internet service,No internet service,No internet service,One year,Yes,Mailed check,22.85,1093.9,No
5175-DPYSR,Female,0,No,No,2,Yes,Yes,Fiber optic,Yes,No,Yes,Yes,Yes,Yes,Month-to-month,Yes,Credit card (automatic),109.38,228.17,Yes
1185-BDYLN,Male,0,Yes,No,43,Yes,No,No,No internet service,No internet service,No internet service,No internet service,No internet service,No internet service,Two year,No,Bank transfer (automatic),27.95,1099.7,No
0210-TZZUM,Female,0,Yes,No,36,Yes,No,Fiber optic,No,Yes,No,No,No,Yes,Two year,No,Mailed check,84.09,2783.68,No
4291-TAVDP,Female,0,No,No,29,Yes,No,DSL,No,No,No,Yes,Yes,No,Month-to-month,No,Mailed check,68.71,2012.05,No
1085-ALDID,Female,0,Yes,No,19,Yes,Yes,Fiber optic,Yes,Yes,Yes,No,No,No,Month-to-month,No,Bank transfer (automatic),96.74,1952.78,Yes
0829-HZHLO,Male,1,No,No,1,Yes,No,DSL,Yes,No,No,No,Yes,Yes,Month-to-month,Yes,Electronic check,74.37,122.85,Yes
4170-HFFKK,Male,0,No,Yes,12,Yes,Yes,No,No internet service,No internet service,No internet service,No internet service,No internet service,No internet service,Two year,Yes,Electronic check,31.52,378.88,No
0110-FUPEE,Female,0,Yes,No,2,Yes,Yes,Fiber optic,No,No,Yes,Yes,Yes,No,Month-to-month,No,Bank transfer (automatic),96.17,166.92,Yes
2534-XCCXW,Female,0,Yes,Yes,53,Yes,No,Fiber optic,No,Yes,Yes,No,No,No,Two year,No,Electronic check,79.56,3837.6,No
3094-LJZFJ,Female,1,Yes,No,41,No,No phone service,DSL,No,Yes,Yes,No,No,No,Two year,Yes,Bank transfer (automatic),43.53,1644.08,No
0153-JAGZZ,Male,0,No,No,57,Yes,Yes,DSL,No,No,No,Yes,Yes,No,One year,Yes,Credit card (automatic),75.16,4202.86,Yes
1881-RSHKC,Female,0,Yes,No,69,Yes,Yes,No,No internet service,No internet service,No internet service,No internet service,No internet service,No internet service,Two year,No,Mailed check,34.09,2200.86,No
2261-ICOCJ,Male,0,No,Yes,71,Yes,No,Fiber optic,Yes,Yes,No,Yes,No,No,Two year,Yes,Mailed check,88.56,5932.2,No
3886-CMKPX,Female,0,Yes,No,17,Yes,Yes,Fiber optic,No,Yes,Yes,No,Yes,No,Two year,Yes,Mailed check,95.36,1547.29,No
2678-LTRVK,Male,0,Yes,Yes,52,Yes,Yes,No,No internet service,No internet service,No internet service,No internet service,No internet service,No internet service,Two year,No,Electronic check,33.87,1629.55,No
0515-YHJOE,Male,0,Yes,No,7,Yes,Yes,Fiber optic,No,Yes,No,No,Yes,No,Month-to-month,No,Credit card (automatic),92.91,543.02,No
4881-NYUYK,Female,0,No,Yes,39,No,No phone service,No,No internet service,No internet service,No internet service,No internet service,No internet service,No internet service,Two year,Yes,Mailed check,18.0,656.83,No
3511-QLTBM,Female,0,No,No,16,Yes,No,No,No internet service,No internet service,No internet service,No internet service,No internet service,No internet service,Month-to-month,No,Mailed check,30.36,448.36,Yes
2543-UOQSH,Female,0,No,Yes,2,Yes,Yes,Fiber optic,No,No,No,No,No,Yes,Month-to-month,Yes,Credit card (automatic),89.84,192.07,No
3843-BVTYY,Male,0,No,No,56,Yes,No,DSL,No,Yes,Yes,No,Yes,No,Two year,No,Mailed check,70.62,3618.11,No
3243-PCBCT,Female,0,Yes,No,7,Yes,Yes,DSL,Yes,No,Yes,Yes,No,No,Month-to-month,Yes,Bank transfer (automatic),75.08,522.93,Yes
4388-ZEEEB,Female,0,No,Yes,56,Yes,No,DSL,Yes,Yes,Yes,No,Yes,No,One year,Yes,Electronic check,75.83,4086.79,No
2928-WYVCQ,Female,0,No,No,29,Yes,Yes,No,No internet service,No internet service,No internet service,No internet service,No internet service,No internet service,Month-to-month,Yes,Credit card (automatic),29.29,854.46,No
2248-XPJNX,Female,0,Yes,No,7,Yes,No,Fiber optic,Yes,No,Yes,Yes,No,No,Month-to-month,Yes,Electronic check,87.52,617.9,Yes
2153-DAZBC,Female,0,No,Yes,7,Yes,Yes,DSL,No,No,No,Yes,Yes,Yes,One year,Yes,Electronic check,73.12,503.29,No
3147-QTAXN,Female,0,No,No,23,Yes,Yes,DSL,No,Yes,Yes,No,Yes,Yes,One year,No,Bank transfer (automatic),83.82,1750.18,No
0286-FNUER,Male,0,No,No,4,Yes,No,Fiber optic,No,No,No,No,No,No,Month-to-month,Yes,Electronic check,68.61,313.49,Yes
2838-GZGNG,Male,0,No,Yes,33,Yes,Yes,DSL,No,Yes,No,No,No,No,Month-to-month,Yes,Electronic check,63.48,2157.78,Yes
0927-ZJSFL,Female,1,Yes,No,10,Yes,Yes,Fiber optic,No,No,Yes,Yes,Yes,Yes,Month-to-month,No,Electronic check,106.6,1216.21,No
4304-ZXDYW,Male,1,Yes,Yes,10,No,No phone service,Fiber optic,No,Yes,No,No,No,Yes,Month-to-month,No,Credit card (automatic),73.52,838.03,No
2740-SWWCK,Male,0,Yes,Yes,26,Yes,No,DSL,No,Yes,No,No,Yes,Yes,Two year,Yes,Credit card (automatic),76.26,1757.03,No
2816-RPSXC,Female,0,No,No,10,Yes,No,Fiber optic,No,Yes,No,No,Yes,Yes,Month-to-month,No,Bank transfer (automatic),94.21,931.26,Yes
1009-VCUOO,Male,0,No,No,41,Yes,Yes,DSL,Yes,No,Yes,No,No,Yes,Month-to-month,Yes,Mailed check,74.67,2974.28,No
2796-MVURW,Male,1,No,No,31,Yes,Yes,Fiber optic,Yes,No,No,No,Yes,No,Month-to-month,Yes,Bank transfer (automatic),87.97,2645.29,No
1843-OTJOG,Male,0,No,No,0,Yes,No,Fiber optic,No,No,Yes,No,Yes,Yes,One year,Yes,Credit card (automatic),93.85,,No
0803-CFJFQ,Male,0,No,No,49,Yes,Yes,No,No internet service,No internet service,No internet service,No internet service,No internet service,No internet service,Two year,No,Electronic check,32.54,1484.03,No
4475-AHNYL,Male,0,Yes,No,31,Yes,No,DSL,Yes,No,No,No,No,No,Two year,No,Bank transfer (automatic),58.29,1675.12,No
0533-EZJOA,Male,0,No,Yes,48,Yes,No,Fiber optic,Yes,Yes,Yes,No,No,No,Two year,Yes,Electronic check,88.08,4024.26,No
0849-PCYZS,Male,0,No,No,63,Yes,No,No,No internet service,No internet service,No internet service,No internet service,No internet service,No internet service,Two year,No,Electronic check,28.46,1648.72,No
1812-NOYKH,Female,0,Yes,No,29,Yes,Yes,Fiber optic,No,Yes,No,No,Yes,No,Two year,Yes,Electronic check,91.33,2475.93,Yes
0602-OLMOZ,Female,0,Yes,Yes,33,Yes,No,DSL,Yes,Yes,No,No,No,No,Two year,Yes,Bank transfer (automatic),56.17,1809.34,No
2432-GPPXV,Male,0,Yes,No,6,Yes,No,DSL,Yes,No,No,Yes,No,Yes,Month-to-month,Yes,Credit card (automatic),64.29,268.3,No
1467-GDRIV,Female,1,No,Yes,45,Yes,No,DSL,Yes,No,Yes,Yes,Yes,Yes,One year,Yes,Mailed check,87.98,3973.07,No
3014-ZBBYO,Female,0,Yes,No,7,Yes,Yes,No,No internet service,No internet service,No internet service,No internet service,No internet service,No internet service,Month-to-month,Yes,Electronic check,35.56,265.22,No
2787-WHQZV,Female,0,No,No,5,Yes,Yes,Fiber optic,Yes,Yes,No,No,No,Yes,Month-to-month,Yes,Bank transfer (automatic),94.17,600.76,Yes
5169-FQVHM,Female,0,No,Yes,20,Yes,No,Fiber optic,Yes,No,Yes,No,Yes,Yes,One year,No,Credit card (automatic),101.58,1861.21,No
0729-UWCMH,Female,1,No,No,31,Yes,No,Fiber optic,No,No,No,Yes,No,Yes,Two year,Yes,Bank transfer (automatic),81.74,2327.79,No
4417-TKPPM,Male,0,Yes,No,17,Yes,No,No,No internet service,No internet service,No internet service,No internet service,No internet service,No internet service,Month-to-month,Yes,Credit card (automatic),20.43,360.5,No
3361-KLQYL,Male,0,No,No,4,Yes,No,No,No internet service,No internet service,No internet service,No internet service,No internet service,No internet service,Month-to-month,No,Bank transfer (automatic),26.95,108.66,Yes
2642-MDPTA,Female,0,Yes,No,43,Yes,No,DSL,No,No,Yes,No,Yes,Yes,Month-to-month,No,Bank transfer (automatic),76.79,3364.91,No
3564-LEAYG,Male,0,Yes,No,16,Yes,Yes,DSL,No,No,Yes,Yes,Yes,No,Month-to-month,No,Mailed check,80.93,1280.1,No
2251-KKWJP,Female,0,Yes,Yes,5,Yes,No,Fiber optic,Yes,No,No,No,Yes,Yes,Month-to-month,No,Electronic check,96.67,541.3,No
3084-GVFCP,Male,0,Yes,No,20,No,No phone service,Fiber optic,No,No,Yes,No,No,Yes,Month-to-month,No,Credit card (automatic),82.08,1583.86,Yes
1108-BVBFL,Female,1,Yes,Yes,16,Yes,Yes,DSL,No,No,Yes,Yes,No,No,One year,Yes,Credit card (automatic),68.97,1090.72,No
1024-AOSMA,Male,1,No,No,7,Yes,No,Fiber optic,Yes,No,Yes,Yes,No,No,Month-to-month,No,Electronic check,87.45,623.61,No
4474-NFJME,Male,0,Yes,No,26,Yes,No,Fiber optic,No,No,Yes,No,Yes,Yes,One year,Yes,Credit card (automatic),92.85,2296.72,No
0324-TUZRC,Male,0,No,No,1,Yes,No,DSL,No,Yes,Yes,Yes,No,Yes,Month-to-month,Yes,Mailed check,76.16,49.49,Yes
3428-MPZXV,Female,0,Yes,No,46,Yes,Yes,Fiber optic,No,No,No,No,No,Yes,One year,Yes,Bank transfer (automatic),81.65,3697.97,No
4394-VGGIR,Female,1,No,No,24,Yes,Yes,Fiber optic,No,Yes,No,No,Yes,Yes,Month-to-month,No,Credit card (automatic),100.63,2367.78,Yes
3123-OUEVS,Female,0,No,No,0,Yes,No,DSL,No,No,Yes,No,Yes,Yes,Month-to-month,No,Electronic check,71.34,,No
4694-FIWAU,Female,1,No,No,61,Yes,No,No,No internet service,No internet service,No internet service,No internet service,No internet service,No internet service,Two year,Yes,Electronic check,25.52,1449.1,No
3201-QGYCV,Female,0,No,No,35,Yes,No,Fiber optic,Yes,No,Yes,No,Yes,Yes,One year,Yes,Electronic check,93.13,3325.93,Yes
3292-AVIQI,Male,1,No,No,4,Yes,No,No,No internet service,No internet service,No internet service,No internet service,No internet service,No internet service,Month-to-month,Yes,Bank transfer (automatic),22.03,96.44,Yes
1145-ZJPXR,Male,0,No,Yes,55,Yes,Yes,DSL,No,No,No,Yes,Yes,Yes,Two year,Yes,Bank transfer (automatic),73.34,3835.76,No
2105-SVIHW,Female,0,No,No,4,Yes,Yes,DSL,No,No,No,Yes,Yes,Yes,Month-to-month,Yes,Electronic check,79.02,287.7,Yes
0009-EFBTB,Male,1,No,No,71,Yes,Yes,Fiber optic,No,No,Yes,Yes,Yes,No,Two year,No,Electronic check,94.9,6150.16,No
1695-AGDSA,Female,0,Yes,Yes,47,Yes,Yes,DSL,No,No,No,Yes,Yes,No,Two year,No,Credit card (automatic),71.0,3133.84,No
2895-ILWZE,Male,0,No,No,51,Yes,Yes,DSL,No,Yes,No,No,No,No,One year,Yes,Bank transfer (automatic),67.61,3356.53,No
2163-LULJH,Female,0,No,No,41,No,No phone service,Fiber optic,No,No,No,No,Yes,Yes,Two year,Yes,Electronic check,79.4,3056.53,No
3783-KAOBV,Female,0,No,Yes,22,Yes,No,DSL,Yes,Yes,No,No,Yes,No,Month-to-month,Yes,Credit card (automatic),72.6,1544.93,No
4568-JSIVU,Male,0,Yes,No,67,Yes,No,Fiber optic,No,No,Yes,No,Yes,No,Two year,No,Bank transfer (automatic),79.95,5016.15,No
2070-MXTNG,Male,1,Yes,No,9,Yes,Yes,DSL,No,No,Yes,Yes,No,No,Month-to-month,No,Mailed check,72.05,672.33,Yes
4541-EQRBT,Male,0,Yes,Yes,58,Yes,Yes,No,No internet service,No internet service,No internet service,No internet service,No internet service,No internet service,Two year,Yes,Electronic check,30.38,1637.88,No
4078-TXNAT,Male,0,No,No,35,Yes,Yes,No,No internet service,No internet service,No internet service,No internet service,No internet service,No internet service,Month-to-month,Yes,Electronic check,25.02,868.39,No
3849-AWOTO,Male,0,No,Yes,72,Yes,Yes,Fiber optic,No,Yes,Yes,No,No,Yes,One year,Yes,Electronic check,95.75,6579.99,Yes
5176-KTALI,Male,0,No,Yes,47,Yes,No,DSL,Yes,No,Yes,Yes,Yes,Yes,Two year,No,Electronic check,85.19,3765.13,No
4725-MEBYX,Female,0,Yes,No,44,Yes,Yes,Fiber optic,No,Yes,Yes,No,Yes,No,Two year,Yes,Bank transfer (automatic),94.59,3895.16,No
1548-ANQUV,Female,0,Yes,No,64,Yes,Yes,Fiber optic,Yes,No,No,Yes,Yes,Yes,Month-to-month,No,Mailed check,106.26,6610.65,Yes
2121-YLRUS,Male,0,Yes,No,0,No,No phone service,Fiber optic,Yes,No,No,Yes,Yes,No,Month-to-month,Yes,Electronic check,83.32,,No
3726-KPHLE,Female,0,No,No,67,Yes,No,Fiber optic,No,Yes,No,No,No,Yes,One year,Yes,Electronic check,88.42,5817.51,No
3468-KAGAH,Female,0,No,No,71,Yes,Yes,Fiber optic,Yes,No,No,No,Yes,No,Month-to-month,No,Electronic check,94.38,6621.5,No
0890-ZPSRC,Female,0,No,No,32,Yes,No,DSL,No,No,No,Yes,Yes,Yes,Month-to-month,Yes,Bank transfer (automatic),82.82,2699.95,Yes
1235-WHHPI,Male,1,No,No,23,Yes,Yes,No,No internet service,No internet service,No internet service,No internet service,No internet service,No internet service,Month-to-month,Yes,Credit card (automatic),29.55,683.06,Yes
1384-QBKWZ,Female,0,No,Yes,26,Yes,Yes,No,No internet service,No internet service,No internet service,No internet service,No internet service,No internet service,Month-to-month,Yes,Mailed check,32.22,831.54,No
4562-NYKJT,Male,0,Yes,No,67,No,No phone service,DSL,No,No,Yes,No,Yes,Yes,One year,No,Bank transfer (automatic),65.03,4124.65,No
2308-ZRQOB,Male,0,Yes,Yes,31,Yes,No,No,No internet service,No internet service,No internet service,No internet service,No internet service,No internet service,Month-to-month,No,Electronic check,27.3,838.3,Yes
1650-BPWRA,Female,0,No,No,11,Yes,Yes,DSL,No,No,Yes,Yes,Yes,Yes,Month-to-month,Yes,Bank transfer (automatic),85.45,861.59,No
2664-HHYGT,Female,0,Yes,No,0,Yes,Yes,No,No internet service,No internet service,No internet service,No internet service,No internet service,No internet service,Month-to-month,Yes,Credit card (automatic),28.09,,Yes
1972-GAVEW,Male,0,No,No,27,Yes,No,DSL,No,No,Yes,No,No,No,One year,No,Mailed check,63.2,1627.07,No
4301-DBMJQ,Male,0,No,No,6,Yes,No,No,No internet service,No internet service,No internet service,No internet service,No internet service,No internet service,Month-to-month,No,Mailed check,25.59,162.37,No
3235-XDUPP,Female,0,No,No,26,Yes,Yes,DSL,No,No,No,Yes,Yes,Yes,One year,No,Mailed check,82.93,1993.53,Yes
5056-LWXDN,Female,1,Yes,Yes,72,Yes,No,No,No internet service,No internet service,No internet service,No internet service,No internet service,No internet service,Month-to-month,No,Electronic check,22.48,1611.45,No
4564-AJMFM,Female,0,No,No,17,Yes,Yes,DSL,Yes,Yes,No,Yes,Yes,No,Month-to-month,Yes,Bank transfer (automatic),78.8,1468.38,No
0200-XUBDV,Male,0,No,No,12,Yes,Yes,Fiber optic,No,No,No,No,No,Yes,Month-to-month,Yes,Mailed check,84.84,940.33,Yes
5250-GNUOH,Female,1,No,No,45,Yes,Yes,Fiber optic,Yes,No,No,No,Yes,Yes,Two year,Yes,Credit card (automatic),96.32,4061.1,No
2315-UZCIA,Male,0,Yes,Yes,7,Yes,No,Fiber optic,No,Yes,No,No,No,Yes,Month-to-month,Yes,Electronic check,84.31,536.89,Yes
2577-VLZIH,Male,1,No,No,22,Yes,No,No,No internet service,No internet service,No internet service,No internet service,No internet service,No internet service,Two year,Yes,Electronic check,22.42,439.43,Yes
3634-SYKIK,Male,0,No,No,67,Yes,No,DSL,No,No,Yes,Yes,Yes,No,One year,Yes,Bank transfer (automatic),66.12,4293.59,No
0256-UHMDW,Male,0,Yes,No,10,Yes,Yes,Fiber optic,No,Yes,No,No,No,Yes,Month-to-month,No,Electronic check,86.44,854.2,No
1486-NDYBL,Female,0,No,No,10,Yes,No,DSL,No,No,Yes,Yes,No,Yes,Month-to-month,No,Bank transfer (automatic),65.2,679.27,No
1973-WBDRZ,Male,1,No,No,1,Yes,Yes,Fiber optic,No,No,No,No,Yes,Yes,Month-to-month,Yes,Electronic check,97.97,70.66,Yes
1473-AIMPP,Male,0,Yes,No,22,No,No phone service,DSL,No,No,No,No,No,No,One year,Yes,Credit card (automatic),43.03,928.47,No
4927-QUOTN,Male,0,No,No,51,Yes,Yes,Fiber optic,No,No,No,Yes,Yes,No,One year,Yes,Electronic check,88.13,4280.24,No
2165-IRYJR,Male,0,Yes,No,15,Yes,Yes,Fiber optic,No,Yes,Yes,Yes,No,No,One year,No,Bank transfer (automatic),95.2,1470.21,No
2827-EVAHK,Female,0,No,No,3,Yes,No,No,No internet service,No internet service,No internet service,No internet service,No internet service,No internet service,Month-to-month,Yes,Electronic check,23.97,91.26,Yes
0262-JCJFL,Male,0,No,Yes,5,Yes,Yes,DSL,No,Yes,No,No,Yes,Yes,Month-to-month,No,Bank transfer (automatic),80.49,525.25,No
0023-TORIM,Female,1,No,No,57,Yes,No,Fiber optic,No,No,No,No,No,No,Two year,Yes,Electronic check,70.15,3760.26,No
2338-SNAAD,Female,0,No,No,10,Yes,No,No,No internet service,No internet service,No internet service,No internet service,No internet service,No internet service,Month-to-month,No,Mailed check,27.98,298.89,No
1809-HMPMC,Male,0,Yes,No,39,Yes,No,No,No internet service,No internet service,No internet service,No internet service,No internet service,No internet service,One year,No,Mailed check,21.41,797.68,No
2904-AUFTU,Male,0,Yes,Yes,2,Yes,No,No,No internet service,No internet service,No internet service,No internet service,No internet service,No internet service,Month-to-month,Yes,Credit card (automatic),25.92,67.16,No
3767-FXUSK,Female,0,No,No,60,Yes,Yes,Fiber optic,Yes,No,Yes,No,Yes,No,Two year,Yes,Electronic check,98.21,5302.94,No
2882-BPVLM,Male,0,No,No,2,Yes,No,No,No internet service,No internet service,No internet service,No internet service,No internet service,No internet service,Month-to-month,Yes,Electronic check,24.96,30.3,No
3190-ETENM,Female,0,Yes,No,35,Yes,No,Fiber optic,No,No,Yes,Yes,No,No,Two year,No,Credit card (automatic),81.39,2687.85,No
2984-DGYVO,Female,1,No,No,27,Yes,No,Fiber optic,Yes,No,No,Yes,No,Yes,Month-to-month,Yes,Bank transfer (automatic),94.48,2485.16,Yes
4245-NUCBJ,Female,0,No,Yes,51,Yes,Yes,Fiber optic,Yes,Yes,Yes,Yes,Yes,Yes,One year,No,Mailed check,113.32,5618.07,No
4808-GTRJN,Male,0,Yes,No,23,Yes,No,DSL,Yes,No,Yes,Yes,Yes,No,Month-to-month,No,Electronic check,69.92,1694.92,No
3500-XLYWT,Male,0,No,No,19,Yes,No,No,No internet service,No internet service,No internet service,No internet service,No internet service,No internet service,Month-to-month,No,Mailed check,26.55,498.43,No
3672-GNJCS,Male,0,No,Yes,45,Yes,No,DSL,Yes,No,Yes,Yes,No,No,Two year,Yes,Electronic check,59.18,2505.36,No
0251-TUTYF,Male,0,Yes,No,17,Yes,No,DSL,No,No,Yes,No,No,No,One year,Yes,Mailed check,58.92,1005.86,No
3377-JGYQH,Female,0,Yes,No,46,Yes,Yes,Fiber optic,No,Yes,No,No,Yes,Yes,Month-to-month,Yes,Credit card (automatic),101.37,4803.58,Yes
4408-FVJCE,Female,1,Yes,No,62,Yes,No,Fiber optic,No,No,Yes,Yes,Yes,No,One year,No,Electronic check,88.53,5269.94,Yes
4752-NBEOP,Male,0,Yes,No,15,Yes,No,No,No internet service,No internet service,No internet service,No internet service,No internet service,No internet service,Month-to-month,No,Electronic check,25.04,359.66,Yes
3962-JXRBZ,Female,0,Yes,Yes,43,Yes,No,Fiber optic,Yes,No,No,No,Yes,No,One year,Yes,Credit card (automatic),82.12,3473.58,No
0384-XATCD,Male,0,Yes,Yes,44,Yes,No,Fiber optic,Yes,No,No,Yes,No,No,One year,Yes,Bank transfer (automatic),78.75,3407.02,No
2496-LBEDL,Female,0,Yes,No,29,Yes,Yes,Fiber optic,Yes,Yes,No,No,No,Yes,One year,Yes,Electronic check,97.86,2726.86,No
3630-KWWZB,Female,1,Yes,No,37,Yes,Yes,No,No internet service,No internet service,No internet service,No internet service,No internet service,No internet service,One year,Yes,Mailed check,32.67,1147.4,No
4834-OMHTS,Female,0,No,No,40,Yes,No,DSL,No,No,Yes,Yes,No,Yes,Two year,Yes,Electronic check,73.22,2708.33,No
0856-FZUHB,Female,1,No,No,67,Yes,Yes,DSL,Yes,No,Yes,No,Yes,Yes,Two year,No,Electronic check,89.93,5634.56,No
0843-SSFRF,Male,0,Yes,No,59,Yes,No,DSL,Yes,No,No,Yes,Yes,Yes,Two year,Yes,Mailed check,75.98,4193.4,No
0478-SNCVF,Female,0,No,No,28,Yes,No,DSL,No,Yes,No,Yes,No,No,Two year,No,Bank transfer (automatic),60.84,1673.57,No
3995-POXKQ,Female,0,Yes,No,32,Yes,Yes,DSL,No,No,No,Yes,No,Yes,Two year,Yes,Mailed check,74.78,2294.8,No
3639-BMQEV,Male,0,No,Yes,31,Yes,No,Fiber optic,No,Yes,No,No,No,Yes,Two year,No,Bank transfer (automatic),82.47,2422.14,No
3216-UVJLE,Male,0,Yes,Yes,52,Yes,No,DSL,No,No,No,No,No,No,Two year,Yes,Bank transfer (automatic),46.95,2208.16,No
2765-FZVRB,Male,0,Yes,No,37,Yes,No,Fiber optic,No,Yes,No,No,No,No,Two year,Yes,Mailed check,77.79,2699.82,No
0673-VBGQY,Female,0,Yes,Yes,23,Yes,Yes,Fiber optic,No,No,No,No,Yes,Yes,Two year,Yes,Electronic check,100.76,2168.81,No
3825-JCLCZ,Female,0,Yes,No,58,Yes,Yes,No,No internet service,No internet service,No internet service,No internet service,No internet service,No internet service,Two year,Yes,Mailed check,30.22,1598.57,No
0472-SOVJN,Female,0,No,No,25,Yes,No,Fiber optic,No,No,Yes,Yes,No,Yes,Month-to-month,Yes,Bank transfer (automatic),95.79,2376.59,No
3508-AQLEY,Male,0,No,No,52,Yes,No,DSL,Yes,No,Yes,No,Yes,No,One year,Yes,Bank transfer (automatic),69.96,3602.48,No
0109-ZDHBG,Female,0,No,No,31,No,No phone service,DSL,No,No,No,Yes,Yes,No,Month-to-month,Yes,Bank transfer (automatic),56.28,1773.22,No
0710-XEFND,Female,0,Yes,No,0,Yes,Yes,Fiber optic,No,Yes,Yes,Yes,No,No,Month-to-month,Yes,Electronic check,89.92,,No
1736-TNEMZ,Female,0,Yes,No,69,Yes,Yes,Fiber optic,No,No,Yes,Yes,No,Yes,Two year,No,Mailed check,92.19,5860.02,No
4288-SEDSN,Female,0,No,No,14,Yes,No,Fiber optic,Yes,No,No,No,Yes,No,Month-to-month,Yes,Electronic check,89.44,1220.53,No
3835-LIFUQ,Female,0,No,No,26,Yes,No,DSL,Yes,No,Yes,Yes,No,No,Two year,Yes,Credit card (automatic),63.32,1598.15,No
2087-XCMHY,Female,0,Yes,No,52,Yes,No,Fiber optic,Yes,Yes,No,Yes,Yes,Yes,One year,Yes,Electronic check,99.66,5099.51,No
4839-QEHDZ,Female,0,No,No,72,Yes,No,DSL,Yes,No,No,No,Yes,Yes,Two year,No,Bank transfer (automatic),67.9,4464.7,No
4368-SSEJE,Female,0,No,No,6,Yes,Yes,Fiber optic,Yes,No,Yes,Yes,No,Yes,One year,Yes,Bank transfer (automatic),99.78,532.54,No
4783-XOSWU,Female,0,No,No,51,Yes,Yes,Fiber optic,Yes,No,Yes,No,No,Yes,Two year,Yes,Credit card (automatic),94.8,4580.15,No
3142-PZQGM,Female,0,Yes,No,44,Yes,Yes,DSL,Yes,No,No,No,No,No,Month-to-month,Yes,Bank transfer (automatic),59.65,2648.0,No
0897-ZKOBH,Female,1,Yes,No,20,Yes,Yes,No,No internet service,No internet service,No internet service,No internet service,No internet service,No internet service,Month-to-month,Yes,Bank transfer (automatic),34.69,696.05,No
1459-IJJLG,Female,0,Yes,No,3,Yes,No,DSL,Yes,Yes,No,No,No,Yes,Month-to-month,Yes,Mailed check,73.96,229.51,Yes
4067-KIBSF,Male,1,No,Yes,22,Yes,Yes,Fiber optic,No,No,No,Yes,Yes,No,Month-to-month,Yes,Electronic check,92.75,2061.25,No
4818-KNJYV,Female,0,No,No,1,Yes,Yes,No,No internet service,No internet service,No internet service,No internet service,No internet service,No internet service,Month-to-month,Yes,Mailed check,36.33,47.84,Yes
1322-QFKER,Female,0,No,Yes,40,Yes,Yes,No,No internet service,No internet service,No internet service,No internet service,No internet service,No internet service,Two year,Yes,Electronic check,29.55,1089.72,No
0231-UEDZO,Female,0,Yes,No,61,Yes,Yes,No,No internet service,No internet service,No internet service,No internet service,No internet service,No internet service,Two year,No,Electronic check,30.64,1734.78,No
2569-RZRPU,Male,0,Yes,Yes,34,Yes,No,DSL,Yes,Yes,No,No,No,Yes,One year,Yes,Electronic check,68.14,2232.57,No
3445-DXRZY,Female,0,Yes,No,1,Yes,No,No,No internet service,No internet service,No internet service,No internet service,No internet service,No internet service,Month-to-month,Yes,Electronic check,28.95,38.12,No
0149-NDKUO,Female,0,Yes,No,20,Yes,No,Fiber optic,Yes,No,Yes,No,Yes,Yes,Month-to-month,No,Mailed check,99.02,1888.32,Yes
2062-TAOUD,Female,0,Yes,Yes,69,Yes,No,DSL,No,No,No,No,Yes,Yes,Month-to-month,Yes,Mailed check,71.87,4909.41,Yes
3177-JYYPP,Male,0,No,No,43,Yes,No,Fiber optic,No,No,No,No,No,Yes,Two year,Yes,Bank transfer (automatic),83.87,3398.85,No
3314-USESV,Female,0,Yes,Yes,58,Yes,No,Fiber optic,No,No,No,No,No,No,Month-to-month,Yes,Mailed check,74.66,4377.68,Yes
3552-DVSUN,Male,0,Yes,Yes,8,Yes,Yes,Fiber optic,No,No,Yes,Yes,Yes,Yes,Month-to-month,Yes,Mailed check,102.83,734.31,Yes
4121-SNNFE,Male,0,No,Yes,56,Yes,No,DSL,No,No,No,Yes,Yes,No,Month-to-month,Yes,Electronic check,62.3,3389.49,No
4687-UNBFH,Male,0,Yes,No,9,Yes,No,Fiber optic,No,Yes,No,No,Yes,Yes,Month-to-month,No,Electronic check,93.93,804.68,No
5082-GQCVZ,Male,1,No,No,52,Yes,Yes,Fiber optic,No,No,Yes,No,Yes,Yes,One year,Yes,Electronic check,100.89,5061.56,No
4870-PIBXS,Female,0,Yes,No,70,Yes,Yes,DSL,No,No,No,Yes,No,No,One year,No,Bank transfer (automatic),65.2,4334.84,No
1075-RTCIB,Male,0,Yes,No,58,Yes,No,Fiber optic,Yes,Yes,No,No,Yes,Yes,Two year,No,Mailed check,99.39,5369.33,No
5163-AVSYA,Male,1,Yes,No,6,Yes,Yes,Fiber optic,No,Yes,Yes,No,No,No,Month-to-month,Yes,Credit card (automatic),87.74,340.26,Yes
2556-VWVVT,Female,0,Yes,Yes,64,Yes,No,DSL,Yes,No,No,No,Yes,Yes,Two year,Yes,Credit card (automatic),72.91,4332.39,No
1315-WSICA,Male,0,Yes,No,11,Yes,No,DSL,No,Yes,Yes,Yes,No,Yes,Month-to-month,No,Electronic check,75.14,876.74,No
0031-PGEOO,Female,0,No,No,72,Yes,Yes,DSL,Yes,No,No,No,Yes,No,Month-to-month,No,Mailed check,74.12,5327.0,No
3584-KJATQ,Female,0,Yes,No,6,Yes,No,DSL,Yes,No,No,Yes,No,No,Month-to-month,No,Bank transfer (automatic),60.39,245.21,No
1212-HUBEM,Female,1,No,No,50,Yes,Yes,DSL,Yes,No,No,No,Yes,No,Two year,Yes,Credit card (automatic),72.23,3356.79,No
4950-JSOFL,Female,0,No,No,5,Yes,Yes,No,No internet service,No internet service,No internet service,No internet service,No internet service,No internet service,Month-to-month,Yes,Electronic check,35.38,210.98,Yes
4429-TNHOP,Male,1,No,Yes,8,Yes,No,Fiber optic,Yes,No,No,No,No,No,Month-to-month,No,Electronic check,72.98,493.34,Yes
2536-DHCAQ,Male,0,Yes,Yes,3,Yes,Yes,No,No internet service,No internet service,No internet service,No internet service,No internet service,No internet service,Month-to-month,Yes,Electronic check,30.18,44.23,Yes
2161-PKMID,Male,0,Yes,No,13,Yes,Yes,DSL,Yes,No,No,No,Yes,Yes,One year,Yes,Mailed check,77.78,843.22,No
3383-DIOGR,Female,0,Yes,No,64,No,No phone service,DSL,Yes,No,Yes,Yes,No,No,One year,Yes,Electronic check,62.21,3803.19,No
3924-UBUMF,Female,0,No,No,32,Yes,Yes,Fiber optic,No,No,No,No,Yes,Yes,Two year,Yes,Credit card (automatic),93.65,2748.71,No
0202-YRPCM,Male,0,No,No,29,Yes,No,No,No internet service,No internet service,No internet service,No internet service,No internet service,No internet service,Month-to-month,No,Electronic check,24.97,702.26,Yes
1228-JBTXQ,Female,0,No,No,5,Yes,Yes,Fiber optic,No,No,No,No,Yes,No,Month-to-month,No,Credit card (automatic),88.03,370.6,Yes
0802-KESBK,Female,0,No,No,42,Yes,Yes,Fiber optic,Yes,Yes,Yes,No,Yes,Yes,Month-to-month,No,Electronic check,108.81,4547.11,Yes
0869-DPMLX,Female,0,Yes,No,43,Yes,Yes,Fiber optic,No,Yes,Yes,Yes,Yes,No,One year,No,Mailed check,98.98,4133.41,No
3656-PDWJX,Female,0,Yes,Yes,60,Yes,No,Fiber optic,No,No,No,No,No,Yes,Two year,Yes,Electronic check,83.16,4682.44,No
4269-KOKYU,Female,0,Yes,Yes,11,Yes,No,No,No internet service,No internet service,No internet service,No internet service,No internet service,No internet service,Month-to-month,No,Credit card (automatic),26.07,255.69,No
2158-VREQD,Male,0,No,No,18,Yes,Yes,No,No internet service,No internet service,No internet service,No internet service,No internet service,No internet service,Two year,Yes,Electronic check,30.96,532.43,No
3749-AIEGO,Female,0,No,No,2,No,No phone service,Fiber optic,No,Yes,No,Yes,No,No,Month-to-month,Yes,Electronic check,70.26,131.28,Yes
0596-OHPSE,Male,0,No,No,72,Yes,Yes,DSL,No,Yes,Yes,No,No,Yes,Month-to-month,Yes,Mailed check,79.38,5706.26,No
4262-OTCVB,Female,0,No,Yes,67,Yes,No,DSL,No,Yes,Yes,Yes,Yes,Yes,One year,No,Mailed check,81.09,5204.62,No
4539-OVIRR,Male,1,Yes,No,16,No,No phone service,No,No internet service,No internet service,No internet service,No internet service,No internet service,No internet service,Month-to-month,Yes,Electronic check,18.0,262.51,No
1207-TAKNI,Female,0,No,Yes,45,Yes,Yes,No,No internet service,No internet service,No internet service,No internet service,No internet service,No internet service,Two year,Yes,Bank transfer (automatic),31.0,1287.39,No
4996-EVHPK,Male,1,Yes,No,69,Yes,No,Fiber optic,Yes,No,No,Yes,No,Yes,One year,Yes,Electronic check,90.0,6045.54,No
5048-RNNEJ,Male,0,No,No,15,Yes,No,Fiber optic,No,Yes,No,Yes,No,Yes,Two year,No,Electronic check,85.17,1175.6,No
4987-ZZQLT,Male,1,Yes,Yes,6,Yes,Yes,No,No internet service,No internet service,No internet service,No internet service,No internet service,No internet service,Month-to-month,No,Electronic check,35.36,226.92,No
2225-RKQSA,Male,0,No,Yes,71,Yes,Yes,Fiber optic,No,No,Yes,No,Yes,No,Two year,Yes,Mailed check,89.58,5793.49,No
1832-EJWDE,Male,0,Yes,Yes,20,Yes,Yes,Fiber optic,No,No,Yes,No,Yes,Yes,Two year,Yes,Mailed check,98.58,1892.44,No
0397-JVDZS,Female,0,No,No,21,Yes,No,Fiber optic,Yes,No,No,No,Yes,Yes,Month-to-month,Yes,Credit card (automatic),92.5,1957.36,Yes
1556-HUEDG,Male,0,No,No,3,Yes,No,Fiber optic,Yes,Yes,Yes,Yes,Yes,Yes,Month-to-month,Yes,Bank transfer (automatic),114.8,409.44,Yes
2842-MNBZC,Female,0,Yes,No,5,Yes,Yes,Fiber optic,No,Yes,No,No,Yes,No,Month-to-month,No,Bank transfer (automatic),90.92,488.54,Yes
0922-JGQBJ,Female,1,Yes,No,32,Yes,No,Fiber optic,No,Yes,No,No,Yes,Yes,Month-to-month,Yes,Mailed check,96.05,3091.1,Yes
4058-HTTEL,Male,1,Yes,No,42,Yes,No,DSL,Yes,No,Yes,Yes,No,Yes,Two year,No,Mailed check,71.47,2840.39,No
2527-AWBOU,Male,0,Yes,Yes,42,Yes,No,Fiber optic,Yes,No,No,No,No,Yes,One year,No,Bank transfer (automatic),85.13,3306.04,Yes
3637-QXSOY,Male,0,No,No,53,Yes,Yes,DSL,Yes,No,No,No,No,Yes,One year,Yes,Bank transfer (automatic),70.09,3547.67,No
0972-KBXUA,Male,0,Yes,No,14,Yes,Yes,No,No internet service,No internet service,No internet service,No internet service,No internet service,No internet service,One year,Yes,Credit card (automatic),37.05,500.35,No
4237-VWCOI,Female,0,Yes,No,46,Yes,No,DSL,Yes,Yes,No,Yes,Yes,Yes,Two year,No,Credit card (automatic),81.86,3553.97,No
4862-OJOMU,Male,0,No,Yes,5,Yes,Yes,Fiber optic,Yes,Yes,No,No,Yes,Yes,Month-to-month,Yes,Credit card (automatic),110.29,454.41,Yes
3633-RFJEK,Male,0,Yes,No,35,Yes,Yes,DSL,No,No,Yes,No,Yes,Yes,Month-to-month,Yes,Electronic check,78.54,2897.69,No
1671-OASAI,Male,0,Yes,No,34,Yes,No,Fiber optic,No,Yes,No,Yes,Yes,Yes,Month-to-month,No,Mailed check,96.01,3336.5,No
3437-RABXF,Female,0,No,No,62,Yes,Yes,No,No internet service,No internet service,No internet service,No internet service,No internet service,No internet service,Two year,No,Electronic check,33.84,1884.45,No
1240-DYECR,Male,0,No,No,72,Yes,No,Fiber optic,No,Yes,Yes,No,No,Yes,Month-to-month,Yes,Bank transfer (automatic),84.79,6190.81,Yes
1949-QVNHR,Female,1,Yes,No,65,Yes,No,No,No internet service,No internet service,No internet service,No internet service,No internet service,No internet service,One year,Yes,Bank transfer (automatic),25.94,1626.81,No
2830-PMGIO,Male,0,Yes,Yes,13,Yes,Yes,No,No internet service,No internet service,No internet service,No internet service,No internet service,No internet service,Month-to-month,Yes,Credit card (automatic),31.0,415.17,Yes
1780-VATIM,Female,0,No,No,53,Yes,Yes,Fiber optic,Yes,No,No,Yes,Yes,Yes,Month-to-month,No,Electronic check,103.28,5433.47,Yes
2214-AINKX,Male,0,Yes,Yes,32,No,No phone service,Fiber optic,No,No,Yes,No,No,No,Month-to-month,No,Credit card (automatic),67.05,2024.92,Yes
4740-CUTLP,Male,0,No,No,25,Yes,Yes,No,No internet service,No internet service,No internet service,No internet service,No internet service,No internet service,Two year,Yes,Mailed check,34.59,776.48,No
0597-VQWXP,Female,1,No,Yes,34,Yes,Yes,Fiber optic,No,No,Yes,No,No,No,Month-to-month,No,Mailed check,85.54,2756.89,Yes
2132-KHJLF,Female,0,No,No,56,Yes,No,Fiber optic,No,No,No,Yes,No,Yes,One year,Yes,Mailed check,85.21,4657.2,No
3519-PVFHI,Male,0,No,No,32,Yes,No,No,No internet service,No internet service,No internet service,No internet service,No internet service,No internet service,Two year,Yes,Mailed check,23.95,722.65,No
4108-CADYH,Female,0,No,No,4,Yes,No,DSL,No,Yes,No,No,No,Yes,Month-to-month,Yes,Credit card (automatic),70.62,279.51,No
1505-ZAUBS,Female,0,Yes,No,59,Yes,Yes,Fiber optic,Yes,No,Yes,Yes,Yes,No,Two year,Yes,Electronic check,103.76,5643.84,No
3596-WMONB,Male,1,Yes,Yes,0,Yes,No,DSL,No,No,Yes,No,No,No,Two year,Yes,Credit card (automatic),53.76,,Yes
2518-IOCXQ,Female,0,Yes,Yes,62,Yes,Yes,Fiber optic,Yes,Yes,Yes,No,Yes,Yes,One year,Yes,Mailed check,111.01,6621.83,No
2798-OGFZA,Male,0,No,No,72,Yes,Yes,DSL,No,Yes,Yes,No,No,No,One year,No,Electronic check,71.64,5018.95,No
0491-AOAVM,Male,0,Yes,Yes,7,Yes,No,DSL,No,No,Yes,Yes,No,No,Month-to-month,Yes,Electronic check,63.27,460.88,No
1301-NMKSR,Female,0,No,No,38,Yes,Yes,DSL,Yes,No,No,Yes,Yes,Yes,One year,Yes,Electronic check,81.09,3017.67,No
0774-EWIRH,Female,0,No,No,72,Yes,No,No,No internet service,No internet service,No internet service,No internet service,No internet service,No internet service,One year,Yes,Credit card (automatic),31.27,2189.45,No
2108-WIWYN,Female,0,No,No,70,No,No phone service,Fiber optic,No,No,No,No,No,No,Two year,No,Credit card (automatic),69.94,4552.66,No
1610-KVDTD,Male,0,Yes,Yes,8,Yes,No,No,No internet service,No internet service,No internet service,No internet service,No internet service,No internet service,Month-to-month,Yes,Electronic check,27.42,220.35,No
2967-JWLZR,Female,0,No,No,63,No,No phone service,No,No internet service,No internet service,No internet service,No internet service,No internet service,No internet service,Two year,Yes,Electronic check,20.65,1156.77,No
2277-ZFGAB,Male,0,No,No,13,No,No phone service,DSL,Yes,No,Yes,Yes,No,Yes,Month-to-month,No,Mailed check,64.48,895.33,No
1922-EWKND,Female,1,Yes,No,2,Yes,Yes,No,No internet service,No internet service,No internet service,No internet service,No internet service,No internet service,Month-to-month,No,Electronic check,36.17,43.12,Yes
1514-ZXZHJ,Female,0,Yes,No,33,Yes,No,No,No internet service,No internet service,No internet service,No internet service,No internet service,No internet service,One year,Yes,Electronic check,27.41,871.61,No
2586-LKJAQ,Male,1,No,No,17,Yes,No,Fiber optic,No,Yes,Yes,No,No,Yes,Month-to-month,No,Bank transfer (automatic),86.36,1450.07,Yes
2888-CXCLU,Male,0,No,No,24,No,No phone service,Fiber optic,No,No,No,Yes,No,Yes,Two year,Yes,Credit card (automatic),77.33,1705.39,No
3362-SIKHO,Female,0,No,No,15,Yes,No,DSL,No,No,Yes,Yes,No,Yes,Month-to-month,No,Electronic check,70.84,1043.38,Yes
0731-GPMVT,Male,1,No,Yes,34,Yes,Yes,No,No internet service,No internet service,No internet service,No internet service,No internet service,No internet service,Two year,Yes,Electronic check,32.06,1007.32,No
4728-OHXZK,Male,0,Yes,No,9,Yes,No,DSL,No,No,No,No,Yes,No,Month-to-month,No,Mailed check,58.18,425.93,No
1221-XUQZW,Female,0,Yes,No,9,Yes,Yes,DSL,No,Yes,Yes,No,Yes,Yes,One year,No,Bank transfer (automatic),78.89,649.84,No
2578-TTNHA,Male,0,No,Yes,13,No,No phone service,DSL,No,Yes,No,No,No,No,Two year,No,Mailed check,49.95,628.9,No
2645-GMHMG,Male,0,No,No,70,Yes,Yes,Fiber optic,Yes,Yes,No,Yes,Yes,No,One year,Yes,Credit card (automatic),106.19,7216.2,No
1156-HTTBL,Male,0,No,No,8,Yes,No,Fiber optic,Yes,No,No,No,Yes,No,Month-to-month,Yes,Bank transfer (automatic),81.48,798.11,Yes
4990-BDHBJ,Female,0,No,Yes,3,Yes,No,DSL,Yes,Yes,No,No,Yes,Yes,Month-to-month,Yes,Electronic check,84.93,247.4,Yes
5149-HFFDI,Male,0,Yes,No,26,Yes,Yes,No,No internet service,No internet service,No internet service,No internet service,No internet service,No internet service,Two year,Yes,Electronic check,30.4,731.22,No
3770-WVRIR,Female,0,Yes,No,61,Yes,No,No,No internet service,No internet service,No internet service,No internet service,No internet service,No internet service,Two year,Yes,Mailed check,28.24,1585.04,No
3135-WSWIF,Female,0,Yes,No,48,Yes,No,Fiber optic,Yes,No,Yes,No,Yes,No,Month-to-month,Yes,Credit card (automatic),88.54,4191.35,No
0017-GRATU,Male,0,Yes,No,17,Yes,No,DSL,Yes,Yes,Yes,No,No,Yes,One year,Yes,Bank transfer (automatic),76.18,1288.4,No
3221-IFPGF,Female,0,Yes,No,27,Yes,No,DSL,No,Yes,No,Yes,Yes,No,Month-to-month,Yes,Electronic check,68.59,1802.08,Yes
4799-VKPVI,Female,0,No,Yes,35,Yes,No,Fiber optic,Yes,No,Yes,No,Yes,Yes,Two year,Yes,Bank transfer (automatic),96.12,3109.12,No
3062-PCSOS,Female,0,No,Yes,0,Yes,Yes,DSL,No,No,No,Yes,No,No,Month-to-month,No,Electronic check,65.11,,No
3690-KEUWH,Female,1,No,No,56,Yes,No,No,No internet service,No internet service,No internet service,No internet service,No internet service,No internet service,Month-to-month,Yes,Electronic check,27.45,1535.18,No
4581-JTULK,Female,0,Yes,Yes,52,Yes,Yes,DSL,No,No,No,Yes,Yes,Yes,Two year,No,Bank transfer (automatic),75.73,3686.24,No
2917-NDQMG,Female,1,No,No,1,Yes,No,Fiber optic,No,Yes,No,Yes,Yes,Yes,Month-to-month,Yes,Mailed check,99.19,76.33,Yes
2332-FFZUW,Female,0,No,No,11,Yes,No,Fiber optic,Yes,Yes,No,Yes,Yes,Yes,Month-to-month,No,Mailed check,102.33,1192.72,Yes
4946-CDAXK,Male,1,No,Yes,18,No,No phone service,No,No internet service,No internet service,No internet service,No internet service,No internet service,No internet service,One year,Yes,Credit card (automatic),18.0,282.32,No
4138-NVENY,Male,0,No,Yes,7,Yes,Yes,Fiber optic,No,Yes,No,No,Yes,No,Month-to-month,Yes,Bank transfer (automatic),96.64,727.45,Yes
4941-WLPEM,Male,1,Yes,No,20,Yes,No,DSL,No,No,No,Yes,No,Yes,Month-to-month,Yes,Mailed check,61.02,1155.29,No
2048-QNOFD,Female,0,No,No,40,Yes,Yes,DSL,Yes,Yes,Yes,No,Yes,Yes,One year,No,Electronic check,89.58,3443.12,No
2211-RJVCF,Male,0,No,No,68,Yes,Yes,Fiber optic,Yes,Yes,Yes,No,No,No,One year,Yes,Mailed check,92.34,6087.6,Yes
3033-KKRAO,Male,0,Yes,No,51,Yes,Yes,Fiber optic,No,Yes,Yes,No,Yes,No,Two year,Yes,Bank transfer (automatic),97.76,4606.77,No
1187-ZGJON,Female,0,Yes,No,14,Yes,No,Fiber optic,No,Yes,Yes,Yes,No,Yes,Month-to-month,Yes,Credit card (automatic),98.95,1362.92,Yes
2712-UEMEI,Male,0,No,No,31,Yes,Yes,DSL,No,No,Yes,No,No,No,Month-to-month,Yes,Mailed check,61.82,1910.21,No
1312-RSGYT,Female,0,No,No,40,Yes,No,Fiber optic,No,No,No,Yes,Yes,Yes,Month-to-month,No,Electronic check,93.89,3749.17,Yes
4366-BBLCC,Male,0,Yes,No,2,Yes,Yes,No,No internet service,No internet service,No internet service,No internet service,No internet service,No internet service,Month-to-month,No,Bank transfer (automatic),30.94,64.86,No
3079-SIRUI,Female,0,Yes,No,65,Yes,No,DSL,Yes,Yes,Yes,No,No,No,Two year,No,Bank transfer (automatic),65.12,3920.82,No
1950-VEQWV,Female,0,Yes,Yes,38,No,No phone service,No,No internet service,No internet service,No internet service,No internet service,No internet service,No internet service,One year,Yes,Electronic check,18.0,659.63,No
1879-AKGWU,Male,0,Yes,No,52,No,No phone service,DSL,No,Yes,No,Yes,No,Yes,One year,No,Electronic check,63.01,3188.9,No
3682-YDQDO,Female,0,Yes,No,23,Yes,No,Fiber optic,No,Yes,Yes,No,Yes,Yes,Two year,Yes,Mailed check,99.69,2123.04,Yes
0944-OAKIZ,Male,0,Yes,No,49,Yes,No,Fiber optic,No,No,No,Yes,No,Yes,Month-to-month,No,Credit card (automatic),81.97,3930.18,Yes
5199-MSBDI,Male,1,No,No,49,Yes,Yes,No,No internet service,No internet service,No internet service,No internet service,No internet service,No internet service,One year,Yes,Mailed check,32.53,1536.93,No
1161-FSDZF,Female,0,No,No,35,Yes,No,Fiber optic,Yes,No,Yes,Yes,Yes,No,Month-to-month,No,Mailed check,88.99,2940.13,No
3490-PHOIE,Female,0,No,No,13,Yes,Yes,DSL,No,No,Yes,No,Yes,Yes,Two year,No,Mailed check,78.58,936.29,No
0274-NTVGN,Male,0,No,Yes,7,Yes,Yes,No,No internet service,No internet service,No internet service,No internet service,No internet service,No internet service,Month-to-month,Yes,Electronic check,29.11,213.56,No
4261-MWEVG,Female,0,Yes,Yes,70,Yes,Yes,Fiber optic,No,No,Yes,No,No,No,Two year,No,Mailed check,80.43,5321.63,No
4014-DDOLU,Female,0,Yes,Yes,2,No,No phone service,DSL,No,No,Yes,No,No,Yes,Month-to-month,No,Credit card (automatic),61.0,166.96,No
3159-MMHNO,Male,0,No,No,11,Yes,Yes,DSL,No,Yes,Yes,No,No,Yes,Month-to-month,Yes,Mailed check,78.73,917.01,Yes
2821-YGRNE,Female,0,Yes,No,14,Yes,Yes,Fiber optic,Yes,Yes,Yes,Yes,No,No,Month-to-month,No,Mailed check,101.01,1390.46,No
4522-DTYMK,Male,0,Yes,No,35,Yes,Yes,DSL,Yes,No,No,No,No,No,Two year,Yes,Credit card (automatic),61.59,2075.7,No
1738-ALQZP,Female,0,Yes,No,6,Yes,No,Fiber optic,No,Yes,Yes,No,No,No,Month-to-month,Yes,Credit card (automatic),78.87,532.5,Yes
5193-VWHQO,Male,0,Yes,No,66,Yes,Yes,Fiber optic,No,Yes,Yes,No,No,No,One year,No,Electronic check,87.7,5628.2,Yes
1218-IPIAE,Female,0,Yes,No,59,Yes,No,No,No internet service,No internet service,No internet service,No internet service,No internet service,No internet service,One year,Yes,Electronic check,24.3,1374.74,No
0818-QMHBO,Male,0,Yes,Yes,30,Yes,Yes,No,No internet service,No internet service,No internet service,No internet service,No internet service,No internet service,Two year,No,Electronic check,34.65,993.1,No
5043-XSDSI,Female,0,Yes,No,72,Yes,No,DSL,Yes,Yes,No,Yes,No,No,Two year,No,Bank transfer (automatic),68.59,4590.56,No
2170-YHETD,Female,1,No,Yes,68,Yes,No,Fiber optic,Yes,No,No,Yes,Yes,Yes,Two year,Yes,Electronic check,102.77,6541.55,No
0258-DWVTY,Male,1,No,No,54,No,No phone service,Fiber optic,No,Yes,No,No,No,Yes,Two year,Yes,Mailed check,72.27,3647.52,Yes
1638-DAFTK,Female,0,Yes,No,5,Yes,No,Fiber optic,Yes,Yes,Yes,No,No,Yes,Month-to-month,No,Credit card (automatic),91.04,462.32,No
1256-PGKXI,Male,1,Yes,Yes,19,Yes,Yes,Fiber optic,No,Yes,Yes,No,No,No,One year,Yes,Mailed check,87.16,1632.52,No
4403-TWQNJ,Female,0,No,No,52,Yes,No,No,No internet service,No internet service,No internet service,No internet service,No internet service,No internet service,One year,Yes,Bank transfer (automatic),27.72,1369.39,Yes
3953-TPYCW,Female,0,Yes,Yes,72,Yes,No,No,No internet service,No internet service,No internet service,No internet service,No internet service,No internet service,Month-to-month,No,Mailed check,28.06,1991.56,No
2179-FSXWY,Female,0,No,Yes,21,Yes,Yes,No,No internet service,No internet service,No internet service,No internet service,No internet service,No internet service,Two year,Yes,Electronic check,29.65,632.0,No
0475-TFWMI,Female,0,No,Yes,1,Yes,No,No,No internet service,No internet service,No internet service,No internet service,No internet service,No internet service,Month-to-month,Yes,Electronic check,26.62,21.86,No
3735-JJGLI,Male,0,No,No,16,Yes,Yes,Fiber optic,No,No,No,Yes,Yes,Yes,Two year,Yes,Bank transfer (automatic),97.23,1353.89,No
0665-PFSGH,Female,0,No,No,5,Yes,Yes,No,No internet service,No internet service,No internet service,No internet service,No internet service,No internet service,Month-to-month,Yes,Electronic check,37.9,125.25,No
4907-HLBJF,Female,0,Yes,No,26,Yes,Yes,No,No internet service,No internet service,No internet service,No internet service,No internet service,No internet service,Month-to-month,Yes,Mailed check,36.83,975.2,Yes
1822-CHGKU,Female,0,No,No,18,Yes,No,Fiber optic,No,Yes,Yes,No,No,No,Month-to-month,Yes,Mailed check,80.78,1503.51,Yes
1713-GLCSQ,Female,0,Yes,No,1,Yes,No,DSL,Yes,No,Yes,Yes,No,No,Month-to-month,Yes,Bank transfer (automatic),67.8,96.92,Yes
1313-FUTDG,Female,0,No,No,5,Yes,Yes,Fiber optic,Yes,Yes,No,Yes,Yes,Yes,Month-to-month,No,Mailed check,110.94,701.9,Yes
2429-LSZFY,Male,0,No,No,7,Yes,No,Fiber optic,Yes,Yes,No,No,Yes,No,Month-to-month,Yes,Mailed check,87.29,590.42,Yes
1767-FGXBX,Male,0,Yes,No,24,Yes,No,Fiber optic,Yes,Yes,No,No,Yes,No,Two year,No,Credit card (automatic),91.53,1984.99,No
1122-RVEQO,Female,0,No,No,23,Yes,No,No,No internet service,No internet service,No internet service,No internet service,No internet service,No internet service,Two year,No,Mailed check,22.98,501.91,No
0713-KQFWL,Male,0,No,Yes,58,Yes,No,Fiber optic,No,No,No,No,No,No,Two year,No,Mailed check,66.42,3512.89,No
5297-VXOZR,Female,0,Yes,No,51,Yes,No,No,No internet service,No internet service,No internet service,No internet service,No internet service,No internet service,One year,Yes,Electronic check,27.71,1358.89,No
3130-NGEQK,Male,0,No,No,58,Yes,No,Fiber optic,No,Yes,Yes,No,Yes,No,One year,Yes,Credit card (automatic),89.35,5010.27,Yes
3659-HCOUM,Female,0,Yes,No,34,Yes,No,Fiber optic,No,No,Yes,No,Yes,Yes,Two year,Yes,Credit card (automatic),95.21,3005.11,Yes
4855-SAJDZ,Male,0,No,No,45,Yes,No,DSL,Yes,No,No,No,No,Yes,Two year,Yes,Mailed check,62.01,2598.6,No
2674-WPNOW,Male,1,Yes,No,18,Yes,No,Fiber optic,No,Yes,No,Yes,No,No,Month-to-month,Yes,Electronic check,74.5,1344.71,Yes
0006-ZYTRS,Male,0,No,Yes,72,Yes,Yes,Fiber optic,Yes,No,No,No,No,Yes,Month-to-month,No,Credit card (automatic),95.59,6930.09,No
5081-KSUZG,Female,0,Yes,Yes,20,Yes,Yes,Fiber optic,Yes,No,No,Yes,Yes,No,Month-to-month,No,Credit card (automatic),95.26,1806.52,No
0641-MKSFP,Female,0,No,No,17,Yes,Yes,DSL,Yes,No,Yes,No,No,No,Month-to-month,Yes,Credit card (automatic),66.2,1137.66,Yes
4070-IDKSU,Female,0,No,Yes,62,Yes,No,DSL,No,No,No,Yes,Yes,No,One year,No,Mailed check,64.39,3935.58,No
3764-XPYJM,Male,0,No,No,72,Yes,No,Fiber optic,No,No,Yes,Yes,Yes,Yes,Month-to-month,No,Credit card (automatic),99.09,7047.84,No
2376-UQGNN,Male,0,No,No,6,Yes,No,DSL,No,Yes,No,No,No,Yes,Month-to-month,Yes,Electronic check,65.07,378.11,Yes
4557-QSSHH,Female,0,No,Yes,72,No,No phone service,No,No internet service,No internet service,No internet service,No internet service,No internet service,No internet service,Month-to-month,No,Mailed check,19.68,1408.64,No
4913-WDTAU,Male,0,No,Yes,69,Yes,No,Fiber optic,Yes,No,Yes,No,Yes,Yes,Two year,No,Bank transfer (automatic),94.08,6123.06,No
0767-DSCDK,Male,0,Yes,Yes,43,Yes,No,Fiber optic,No,Yes,No,No,Yes,No,Month-to-month,Yes,Mailed check,85.78,3690.09,No
0807-TAJHN,Female,1,Yes,No,30,Yes,Yes,DSL,No,No,Yes,Yes,No,Yes,One year,Yes,Mailed check,75.49,2231.1,No
5057-DFPXP,Male,0,No,No,8,Yes,No,Fiber optic,Yes,No,No,No,Yes,Yes,Month-to-month,Yes,Electronic check,89.71,657.97,Yes
4825-PMEML,Male,0,Yes,No,2,Yes,No,DSL,Yes,No,No,Yes,No,No,Month-to-month,Yes,Credit card (automatic),64.95,78.01,No
2114-NIHEE,Female,0,No,Yes,42,No,No phone service,Fiber optic,Yes,No,No,No,No,No,Month-to-month,Yes,Mailed check,69.83,2932.71,No
3085-AZKCQ,Female,0,Yes,Yes,3,Yes,Yes,Fiber optic,No,No,No,Yes,No,Yes,Month-to-month,Yes,Electronic check,90.7,153.57,Yes
1260-LSTSP,Female,0,Yes,No,50,Yes,No,DSL,No,No,Yes,Yes,Yes,No,Two year,Yes,Credit card (automatic),73.51,3412.67,No
3351-FICFG,Male,0,Yes,No,67,Yes,Yes,Fiber optic,No,No,Yes,No,Yes,Yes,Month-to-month,Yes,Electronic check,97.45,6548.5,No
4590-FRMUK,Male,0,No,No,55,Yes,No,Fiber optic,No,No,Yes,No,Yes,No,One year,Yes,Electronic check,82.38,4477.52,No
1410-DQPUS,Female,0,No,No,32,Yes,No,Fiber optic,No,No,No,No,No,Yes,Two year,No,Credit card (automatic),84.35,2441.27,No
4132-OYWMB,Female,0,No,No,9,No,No phone service,Fiber optic,Yes,No,Yes,Yes,Yes,Yes,Month-to-month,Yes,Bank transfer (automatic),94.24,824.37,Yes
5039-VALRY,Female,0,No,Yes,72,Yes,Yes,DSL,No,Yes,No,No,No,Yes,Month-to-month,Yes,Electronic check,71.11,5149.11,No
3309-VGDUF,Male,0,No,No,18,No,No phone service,DSL,No,No,Yes,No,Yes,No,Month-to-month,Yes,Mailed check,55.62,1023.26,Yes
5167-JMLAI,Male,0,Yes,No,28,Yes,No,Fiber optic,No,No,No,Yes,Yes,Yes,Month-to-month,Yes,Mailed check,90.56,2506.41,Yes
3510-FNPBK,Male,0,Yes,No,72,Yes,No,Fiber optic,No,No,No,Yes,Yes,Yes,Month-to-month,Yes,Credit card (automatic),92.33,6670.43,No
1836-LOTMD,Male,0,Yes,No,72,Yes,No,DSL,No,Yes,No,No,No,No,Month-to-month,No,Credit card (automatic),53.13,3841.88,No
1963-SSPYQ,Female,0,Yes,No,59,Yes,No,DSL,No,Yes,Yes,No,No,No,Two year,Yes,Credit card (automatic),59.4,3255.92,No
0893-FLWJJ,Female,0,No,No,12,Yes,No,Fiber optic,No,Yes,Yes,No,Yes,No,Month-to-month,Yes,Credit card (automatic),88.17,1083.54,No
2498-IMBKH,Female,1,Yes,Yes,64,Yes,No,DSL,No,No,No,No,No,Yes,Two year,Yes,Mailed check,54.63,3245.5,No
1554-IUKEE,Female,0,No,No,49,Yes,Yes,Fiber optic,Yes,No,Yes,No,No,No,Month-to-month,Yes,Mailed check,85.72,4156.41,Yes
0928-SXKAA,Male,0,Yes,No,39,Yes,Yes,DSL,No,No,Yes,Yes,Yes,No,One year,No,Electronic check,78.74,2947.96,Yes
5262-REAGE,Female,0,Yes,No,13,Yes,Yes,No,No internet service,No internet service,No internet service,No internet service,No internet service,No internet service,Month-to-month,Yes,Mailed check,36.44,385.26,No
4158-JVWSI,Male,0,Yes,No,58,Yes,No,DSL,No,No,Yes,No,No,Yes,One year,Yes,Bank transfer (automatic),65.23,3599.71,No
4863-YXKPO,Male,0,Yes,Yes,19,Yes,No,Fiber optic,Yes,No,Yes,No,No,No,One year,No,Bank transfer (automatic),72.76,1380.65,No
2961-WKNHK,Female,0,Yes,No,43,Yes,Yes,Fiber optic,Yes,No,Yes,No,No,Yes,One year,Yes,Mailed check,97.37,4017.16,No
4597-WKFVV,Female,0,No,No,43,Yes,No,DSL,Yes,Yes,No,Yes,Yes,No,Two year,No,Bank transfer (automatic),78.59,3202.68,Yes
0090-KITQZ,Male,0,No,No,19,Yes,Yes,Fiber optic,No,Yes,No,No,Yes,No,Month-to-month,No,Bank transfer (automatic),90.23,1807.63,Yes
0512-FAFMJ,Female,0,Yes,No,20,Yes,Yes,Fiber optic,No,No,Yes,Yes,Yes,No,Month-to-month,Yes,Mailed check,96.34,1943.09,Yes
3080-ZTHYB,Male,0,Yes,No,45,Yes,No,No,No internet service,No internet service,No internet service,No internet service,No internet service,No internet service,Two year,Yes,Electronic check,27.8,1153.46,No
2972-SRDYT,Female,0,Yes,No,4,No,No phone service,Fiber optic,No,No,Yes,No,Yes,Yes,Month-to-month,Yes,Mailed check,85.03,314.89,No
0895-HOYFB,Female,0,Yes,No,21,Yes,Yes,Fiber optic,Yes,No,Yes,No,No,No,Month-to-month,No,Mailed check,86.49,1872.43,Yes
2237-CCUJV,Female,0,Yes,No,22,Yes,No,Fiber optic,Yes,No,Yes,No,No,Yes,Month-to-month,No,Credit card (automatic),87.72,1875.19,Yes
2632-FEDZL,Male,0,Yes,No,16,Yes,Yes,No,No internet service,No internet service,No internet service,No internet service,No internet service,No internet service,Month-to-month,Yes,Electronic check,34.56,583.18,No
4054-EPINS,Male,1,No,No,60,No,No phone service,DSL,No,No,Yes,No,No,No,Two year,Yes,Mailed check,44.64,2454.33,No
0750-WTJWG,Female,0,Yes,No,67,No,No phone service,No,No internet service,No internet service,No internet service,No internet service,No internet service,No internet service,Two year,Yes,Electronic check,18.0,1114.83,No
0986-CRPOT,Male,0,No,Yes,72,No,No phone service,Fiber optic,Yes,No,Yes,Yes,No,No,Month-to-month,Yes,Bank transfer (automatic),79.58,5652.26,No
3867-SVQYZ,Male,0,Yes,No,10,Yes,Yes,No,No internet service,No internet service,No internet service,No internet service,No internet service,No internet service,Month-to-month,No,Bank transfer (automatic),35.94,336.96,Yes
1871-IETQN,Male,0,Yes,Yes,1,Yes,Yes,Fiber optic,No,Yes,Yes,No,Yes,No,Month-to-month,Yes,Bank transfer (automatic),101.03,60.62,Yes
4534-QQOHD,Female,0,No,Yes,3,Yes,Yes,DSL,No,Yes,Yes,Yes,No,No,Month-to-month,No,Mailed check,76.45,294.77,No
0254-QICEN,Female,0,Yes,No,18,Yes,No,Fiber optic,No,No,No,No,Yes,Yes,Two year,No,Bank transfer (automatic),93.51,1575.67,No
3046-IVOLW,Female,0,No,Yes,35,Yes,Yes,DSL,No,No,No,No,Yes,No,Two year,No,Electronic check,68.21,2241.66,No
4603-YQDNA,Female,0,No,Yes,0,Yes,No,Fiber optic,No,No,No,No,No,Yes,Month-to-month,Yes,Mailed check,82.46,,Yes
3189-QPUJA,Female,0,Yes,No,25,Yes,No,No,No internet service,No internet service,No internet service,No internet service,No internet service,No internet service,Two year,Yes,Electronic check,20.81,509.88,No
1368-RETMU,Male,0,Yes,No,48,No,No phone service,No,No internet service,No internet service,No internet service,No internet service,No internet service,No internet service,One year,No,Mailed check,19.35,922.25,No
4498-ERGSB,Female,0,Yes,No,8,Yes,No,No,No internet service,No internet service,No internet service,No internet service,No internet service,No internet service,Month-to-month,Yes,Electronic check,23.45,199.37,Yes
1309-ISRDA,Male,0,No,No,17,Yes,No,Fiber optic,No,Yes,No,Yes,No,No,Month-to-month,Yes,Electronic check,83.67,1428.1,No
3918-EQLUF,Male,0,No,No,70,Yes,Yes,Fiber optic,No,Yes,No,No,No,Yes,Month-to-month,Yes,Credit card (automatic),90.34,6117.95,Yes
4339-JUFND,Female,0,Yes,Yes,45,Yes,No,No,No internet service,No internet service,No internet service,No internet service,No internet service,No internet service,One year,Yes,Credit card (automatic),21.56,977.43,No
4707-NHJER,Male,1,Yes,No,6,Yes,No,DSL,No,Yes,Yes,No,No,Yes,Month-to-month,No,Electronic check,69.17,359.21,No
3200-ZIZBS,Female,0,No,No,5,Yes,No,DSL,Yes,No,No,No,No,No,Month-to-month,No,Credit card (automatic),54.45,201.89,No
0220-MUFUL,Male,0,Yes,Yes,68,Yes,No,DSL,No,Yes,Yes,Yes,Yes,No,One year,Yes,Electronic check,73.64,4765.89,No
1162-AIKLX,Male,0,Yes,No,49,Yes,No,DSL,No,Yes,Yes,No,No,No,Month-to-month,Yes,Mailed check,58.31,2844.73,No
2253-GTFBX,Female,0,Yes,No,52,Yes,No,Fiber optic,No,Yes,No,No,Yes,No,Two year,Yes,Mailed check,81.55,3995.4,No
2375-HLZGR,Female,0,No,No,36,No,No phone service,Fiber optic,No,Yes,Yes,Yes,No,No,Two year,Yes,Electronic check,74.04,2599.56,No
3967-JKCYJ,Female,0,Yes,No,5,Yes,No,DSL,No,Yes,No,No,No,Yes,Month-to-month,Yes,Mailed check,66.15,321.51,No
0464-IOYRC,Male,1,Yes,Yes,1,Yes,Yes,No,No internet service,No internet service,No internet service,No internet service,No internet service,No internet service,Month-to-month,Yes,Credit card (automatic),32.54,31.62,No
2208-PTRHW,Female,0,No,No,14,Yes,No,DSL,No,No,No,No,No,No,Two year,Yes,Credit card (automatic),54.24,732.85,No
2845-XBTXG,Male,0,Yes,No,68,Yes,No,No,No internet service,No internet service,No internet service,No internet service,No internet service,No internet service,Two year,Yes,Credit card (automatic),20.86,1347.14,No
5063-PPCMO,Male,0,Yes,No,3,Yes,Yes,Fiber optic,No,No,No,Yes,Yes,Yes,Month-to-month,Yes,Mailed check,100.01,211.23,Yes
2544-WSSKO,Female,0,Yes,No,13,Yes,No,DSL,Yes,No,No,No,Yes,No,One year,No,Mailed check,58.43,751.41,No
1715-UIAQQ,Male,0,No,No,21,Yes,No,DSL,No,No,Yes,No,Yes,No,Month-to-month,No,Credit card (automatic),67.37,1429.44,No
4004-CUVTI,Female,1,Yes,No,57,Yes,Yes,DSL,No,Yes,No,No,Yes,No,Two year,Yes,Bank transfer (automatic),72.78,3807.68,No
2943-SAMSY,Female,0,Yes,No,32,No,No phone service,Fiber optic,No,Yes,Yes,Yes,No,Yes,Month-to-month,Yes,Electronic check,87.49,2793.45,Yes
1646-XTORG,Female,1,No,No,17,Yes,Yes,No,No internet service,No internet service,No internet service,No internet service,No internet service,No internet service,Month-to-month,Yes,Electronic check,32.13,568.1,Yes
2625-FCWCG,Male,0,No,Yes,57,Yes,No,No,No internet service,No internet service,No internet service,No internet service,No internet service,No internet service,One year,Yes,Credit card (automatic),29.58,1667.8,No
2358-FQZRF,Male,1,No,No,24,Yes,Yes,Fiber optic,No,Yes,No,No,No,No,Two year,No,Mailed check,83.87,1829.29,No
3805-HCTAE,Male,0,No,No,8,No,No phone service,No,No internet service,No internet service,No internet service,No internet service,No internet service,No internet service,One year,Yes,Mailed check,18.0,131.18,No
1029-VYULQ,Female,1,Yes,No,5,Yes,Yes,DSL,No,Yes,No,No,No,Yes,Month-to-month,No,Mailed check,74.26,393.18,No
1127-ERGIV,Female,0,Yes,No,22,Yes,Yes,Fiber optic,Yes,No,No,Yes,No,Yes,Month-to-month,No,Mailed check,92.02,2048.83,Yes
4760-JMWZU,Female,0,No,No,0,Yes,No,No,No internet service,No internet service,No internet service,No internet service,No internet service,No internet service,Month-to-month,Yes,Credit card (automatic),27.48,,No
2083-OBYOT,Female,0,Yes,No,54,Yes,No,DSL,Yes,Yes,No,Yes,No,Yes,One year,No,Mailed check,73.54,3852.14,No
1622-ARHMZ,Female,0,No,No,37,Yes,Yes,DSL,Yes,No,Yes,No,Yes,No,One year,No,Bank transfer (automatic),76.53,2702.27,No
3846-ACLIX,Female,0,No,No,66,Yes,Yes,DSL,Yes,No,No,Yes,Yes,Yes,Two year,Yes,Bank transfer (automatic),77.61,4751.76,No
1823-GPFLP,Female,0,Yes,Yes,7,Yes,No,Fiber optic,No,Yes,No,No,No,No,Month-to-month,Yes,Credit card (automatic),75.53,452.39,Yes
2746-WUSMN,Male,0,Yes,No,0,Yes,No,DSL,No,No,No,No,Yes,Yes,Month-to-month,No,Electronic check,69.3,,Yes
2103-BPCBX,Female,0,Yes,No,23,Yes,Yes,DSL,No,Yes,No,No,No,Yes,One year,Yes,Bank transfer (automatic),70.34,1610.99,No
2322-ZTJSD,Female,0,Yes,No,2,No,No phone service,DSL,No,No,Yes,No,No,No,Month-to-month,Yes,Electronic check,41.17,126.04,No
3330-YDRCM,Female,0,No,No,19,No,No phone service,Fiber optic,No,No,No,No,No,Yes,Month-to-month,Yes,Credit card (automatic),69.94,1362.51,Yes
2445-WLRVL,Male,0,Yes,Yes,18,No,No phone service,Fiber optic,Yes,Yes,Yes,No,No,No,One year,Yes,Bank transfer (automatic),77.12,1437.1,No
0323-TASOR,Female,0,Yes,No,23,Yes,Yes,DSL,No,No,No,No,No,Yes,Month-to-month,Yes,Electronic check,65.67,1469.32,No
1192-OIMWG,Male,0,No,No,0,Yes,No,No,No internet service,No internet service,No internet service,No internet service,No internet service,No internet service,One year,No,Credit card (automatic),23.73,,No
1366-TEPIB,Male,0,Yes,No,27,Yes,Yes,Fiber optic,No,Yes,Yes,No,Yes,Yes,Two year,Yes,Mailed check,101.28,2564.56,No
0730-KYBKO,Female,0,No,Yes,19,Yes,No,DSL,Yes,Yes,No,No,No,Yes,One year,Yes,Credit card (automatic),71.13,1398.54,Yes
2451-UOXJR,Male,0,No,No,56,Yes,No,No,No internet service,No internet service,No internet service,No internet service,No internet service,No internet service,Two year,No,Credit card (automatic),28.15,1464.17,No
3356-EWWJO,Female,0,No,No,46,Yes,No,No,No internet service,No internet service,No internet service,No internet service,No internet service,No internet service,One year,Yes,Electronic check,30.1,1331.93,No
5160-DJFAJ,Male,0,Yes,Yes,1,Yes,Yes,Fiber optic,No,No,No,No,Yes,No,Month-to-month,Yes,Credit card (automatic),86.79,52.07,No
4958-UHUNO,Female,0,No,No,48,Yes,No,DSL,No,Yes,Yes,No,Yes,Yes,One year,No,Electronic check,77.73,3513.87,No
1476-HRROY,Female,0,Yes,No,15,Yes,No,Fiber optic,No,No,Yes,No,Yes,Yes,Month-to-month,Yes,Bank transfer (automatic),95.41,1497.48,Yes
1462-OCLON,Female,0,No,Yes,0,Yes,No,Fiber optic,Yes,No,No,No,No,No,Month-to-month,Yes,Bank transfer (automatic),76.27,,Yes
0547-XSRCE,Female,0,No,No,54,Yes,Yes,Fiber optic,Yes,Yes,No,No,No,No,One year,Yes,Electronic check,86.74,4546.66,No
3590-QEGBB,Male,0,No,No,10,Yes,No,DSL,No,Yes,No,No,No,Yes,Month-to-month,No,Mailed check,64.71,628.84,Yes
0259-FAGSL,Female,0,Yes,No,45,Yes,Yes,No,No internet service,No internet service,No internet service,No internet service,No internet service,No internet service,Two year,No,Electronic check,35.15,1438.2,No
3803-YXAFF,Female,0,Yes,No,6,Yes,No,Fiber optic,No,No,No,No,Yes,No,Month-to-month,Yes,Electronic check,76.77,417.61,Yes
5021-VJRGG,Female,0,No,No,71,Yes,No,Fiber optic,No,No,No,No,Yes,No,Two year,Yes,Mailed check,82.54,5572.72,No
4814-CGXJA,Female,1,No,No,16,Yes,No,No,No internet service,No internet service,No internet service,No internet service,No internet service,No internet service,Two year,Yes,Mailed check,25.68,377.52,No
1106-AIWBN,Female,0,Yes,No,1,Yes,No,No,No internet service,No internet service,No internet service,No internet service,No internet service,No internet service,Month-to-month,No,Electronic check,27.21,16.33,Yes
0808-KHIPA,Male,0,No,No,41,Yes,No,Fiber optic,Yes,No,No,Yes,Yes,No,One year,Yes,Credit card (automatic),86.0,3256.32,No
4437-DLXLR,Male,0,No,No,13,Yes,No,Fiber optic,Yes,No,No,No,No,Yes,Month-to-month,No,Electronic check,82.75,1125.15,Yes
2517-PEXDI,Male,0,No,Yes,59,No,No phone service,DSL,No,Yes,Yes,No,No,No,One year,No,Electronic check,51.19,2916.41,No
1399-MCPVD,Female,0,No,Yes,5,Yes,No,No,No internet service,No internet service,No internet service,No internet service,No internet service,No internet service,Month-to-month,Yes,Electronic check,24.55,144.99,No
3453-ZMVPD,Male,0,Yes,No,8,Yes,Yes,Fiber optic,No,No,No,No,Yes,Yes,Month-to-month,No,Electronic check,97.76,826.48,Yes
2817-NPXKS,Female,1,No,No,6,Yes,No,No,No internet service,No internet service,No internet service,No internet service,No internet service,No internet service,One year,No,Mailed check,25.65,171.94,No
0292-AJODL,Female,0,Yes,No,14,No,No phone service,Fiber optic,No,No,Yes,No,No,No,Two year,No,Mailed check,71.74,847.09,Yes
5225-JYVDP,Female,0,No,Yes,53,Yes,Yes,DSL,No,No,No,No,No,Yes,Month-to-month,No,Electronic check,69.33,3643.98,Yes
4978-FAHPH,Female,0,Yes,No,29,Yes,No,Fiber optic,No,No,Yes,No,No,Yes,Month-to-month,Yes,Credit card (automatic),83.95,2416.84,Yes
3601-BLMJB,Female,1,No,No,16,No,No phone service,DSL,No,No,No,Yes,No,No,One year,Yes,Bank transfer (automatic),51.66,835.39,Yes
3877-QXWKE,Male,0,No,No,35,Yes,Yes,DSL,No,Yes,Yes,Yes,Yes,No,Month-to-month,Yes,Bank transfer (automatic),77.96,2695.3,No
2319-PSOOI,Female,0,Yes,Yes,11,Yes,Yes,No,No internet service,No internet service,No internet service,No internet service,No internet service,No internet service,Month-to-month,No,Bank transfer (automatic),28.06,292.33,Yes
1112-PBJHS,Female,0,Yes,No,50,Yes,No,No,No internet service,No internet service,No internet service,No internet service,No internet service,No internet service,Two year,No,Electronic check,22.8,1057.04,No
0931-WKQSW,Male,0,No,Yes,33,Yes,No,DSL,No,Yes,Yes,No,No,Yes,Month-to-month,Yes,Mailed check,64.32,2104.1,Yes
4233-ORYXG,Female,1,No,No,39,Yes,No,DSL,No,No,No,Yes,No,Yes,Two year,No,Credit card (automatic),63.25,2319.98,No
3655-FEOQA,Female,0,No,No,2,Yes,No,DSL,No,Yes,No,No,No,No,Month-to-month,Yes,Mailed check,55.1,68.0,Yes
5076-APLEB,Female,0,Yes,No,24,Yes,No,DSL,Yes,Yes,Yes,No,Yes,No,Month-to-month,No,Electronic check,78.72,1904.71,Yes
0819-WHFUJ,Female,0,No,No,36,Yes,No,Fiber optic,Yes,Yes,Yes,Yes,No,Yes,Two year,No,Credit card (automatic),98.19,3369.5,No
1426-CLCZK,Female,0,Yes,Yes,47,Yes,No,Fiber optic,No,No,No,No,No,No,Month-to-month,No,Electronic check,77.19,3594.31,Yes
3972-OAJRM,Male,1,Yes,Yes,4,Yes,No,DSL,Yes,No,No,Yes,No,Yes,Month-to-month,Yes,Electronic check,66.06,223.75,No
4859-TSLBB,Male,0,Yes,No,12,Yes,No,DSL,No,No,No,Yes,Yes,No,One year,No,Electronic check,66.68,763.95,Yes
3121-NQCQA,Male,0,No,No,14,Yes,No,Fiber optic,Yes,Yes,Yes,No,No,Yes,Month-to-month,Yes,Mailed check,93.14,1304.74,Yes
4612-CPDCY,Female,1,Yes,No,69,Yes,No,No,No internet service,No internet service,No internet service,No internet service,No internet service,No internet service,Month-to-month,Yes,Mailed check,24.3,1694.12,No
0364-PDQZE,Female,0,No,No,6,Yes,Yes,DSL,No,No,No,No,Yes,No,One year,No,Electronic check,68.44,392.38,No
3948-HOEIT,Male,1,No,No,27,Yes,No,No,No internet service,No internet service,No internet service,No internet service,No internet service,No internet service,Two year,Yes,Mailed check,27.74,695.29,No
1346-XBZPE,Female,1,Yes,No,9,Yes,No,Fiber optic,Yes,Yes,Yes,Yes,Yes,No,Month-to-month,Yes,Mailed check,98.16,840.11,No
5132-WRBLY,Male,0,Yes,No,23,No,No phone service,Fiber optic,No,No,Yes,No,Yes,No,Month-to-month,No,Mailed check,79.06,1774.26,No
1133-VEMIO,Female,0,Yes,No,3,Yes,Yes,Fiber optic,Yes,Yes,No,Yes,No,No,Month-to-month,Yes,Electronic check,94.64,391.39,Yes
4897-KALCH,Female,0,Yes,No,62,Yes,Yes,No,No internet service,No internet service,No internet service,No internet service,No internet service,No internet service,One year,Yes,Bank transfer (automatic),31.3,1903.55,No
2290-YZQNA,Male,0,No,Yes,54,Yes,Yes,No,No internet service,No internet service,No internet service,No internet service,No internet service,No internet service,One year,Yes,Bank transfer (automatic),31.78,1663.59,No
2430-SKBAC,Male,0,No,No,17,Yes,No,Fiber optic,No,No,No,Yes,No,No,Month-to-month,No,Electronic check,79.75,1407.87,No
1987-SWFGI,Male,0,No,Yes,6,Yes,No,Fiber optic,Yes,No,Yes,No,No,No,Month-to-month,No,Electronic check,81.74,389.67,Yes
5249-TVEGX,Male,0,No,Yes,2,Yes,No,Fiber optic,Yes,Yes,No,No,Yes,No,Month-to-month,No,Electronic check,94.97,137.51,Yes
3786-FCFAP,Male,0,No,Yes,7,Yes,Yes,Fiber optic,Yes,Yes,No,No,Yes,No,Month-to-month,No,Electronic check,96.05,861.78,Yes
0150-EFVFE,Male,0,No,No,53,No,No phone service,Fiber optic,No,Yes,Yes,No,No,No,Two year,Yes,Bank transfer (automatic),75.26,3678.08,No
4643-YPMJH,Female,0,No,No,22,Yes,Yes,Fiber optic,No,No,Yes,No,No,Yes,Month-to-month,No,Credit card (automatic),92.42,1885.06,Yes
2072-MDEPW,Male,0,Yes,Yes,40,Yes,No,Fiber optic,No,Yes,No,No,No,No,Two year,No,Mailed check,76.0,2751.98,No
3514-KOYTR,Male,0,Yes,Yes,5,No,No phone service,Fiber optic,Yes,No,Yes,Yes,No,No,Month-to-month,Yes,Bank transfer (automatic),77.0,393.77,Yes
4777-VSDVF,Female,0,No,No,0,Yes,No,Fiber optic,Yes,No,Yes,No,No,No,Month-to-month,No,Bank transfer (automatic),80.13,,Yes
4473-DMJRS,Female,0,Yes,Yes,0,Yes,No,Fiber optic,No,No,Yes,No,No,Yes,Month-to-month,Yes,Electronic check,75.22,,Yes
0001-TCJJI,Male,1,Yes,Yes,17,Yes,Yes,DSL,No,No,No,No,Yes,Yes,One year,Yes,Credit card (automatic),75.6,1211.03,No
4565-RVYFZ,Male,1,Yes,No,35,No,No phone service,Fiber optic,No,No,No,Yes,Yes,No,One year,No,Electronic check,73.64,2405.0,No
3402-JKKXA,Female,1,Yes,Yes,54,No,No phone service,Fiber optic,No,Yes,Yes,No,Yes,Yes,Two year,Yes,Bank transfer (automatic),89.4,4560.07,Yes
4636-WSCJM,Female,0,Yes,No,34,Yes,No,Fiber optic,Yes,Yes,Yes,No,No,Yes,Month-to-month,No,Mailed check,94.87,3331.23,Yes
3676-UXUWH,Female,0,No,No,53,Yes,No,DSL,Yes,Yes,No,Yes,No,No,Two year,Yes,Bank transfer (automatic),66.39,3330.43,No
4044-RUHYQ,Male,0,Yes,Yes,38,Yes,Yes,Fiber optic,Yes,No,Yes,No,Yes,No,Month-to-month,No,Electronic check,97.47,3783.9,Yes
2327-YYQOO,Female,0,Yes,Yes,8,Yes,No,Fiber optic,No,Yes,No,No,Yes,No,Month-to-month,Yes,Electronic check,87.84,723.04,No
2306-ZMKTC,Female,1,No,Yes,25,Yes,Yes,Fiber optic,No,Yes,Yes,Yes,Yes,Yes,Month-to-month,No,Credit card (automatic),110.71,2759.33,Yes
0906-VKZVT,Female,0,No,No,3,No,No phone service,Fiber optic,No,Yes,Yes,No,No,Yes,Month-to-month,Yes,Bank transfer (automatic),76.57,159.06,No
3140-IPHGL,Female,0,No,No,34,Yes,No,Fiber optic,No,Yes,Yes,Yes,No,Yes,Two year,Yes,Mailed check,95.18,3011.08,No
1727-PDZTJ,Female,0,No,No,16,Yes,No,No,No internet service,No internet service,No internet service,No internet service,No internet service,No internet service,Two year,No,Electronic check,31.32,511.65,Yes
2862-SZXCL,Male,0,No,Yes,72,Yes,Yes,DSL,No,Yes,Yes,Yes,No,No,Two year,No,Electronic check,69.83,4738.78,No
2497-TNSKZ,Female,0,Yes,No,59,Yes,No,No,No internet service,No internet service,No internet service,No internet service,No internet service,No internet service,One year,No,Electronic check,21.84,1254.87,No
3973-MDLHD,Male,0,No,No,54,Yes,Yes,DSL,No,Yes,No,No,Yes,No,Two year,No,Electronic check,70.89,3595.21,No
0624-SCLPK,Female,0,Yes,No,37,Yes,No,DSL,Yes,No,Yes,Yes,No,Yes,Month-to-month,Yes,Electronic check,71.7,2692.9,No
3798-FPQOV,Male,0,No,No,8,Yes,No,DSL,No,Yes,Yes,No,No,No,Month-to-month,No,Credit card (automatic),59.35,489.28,Yes
4610-TMYZA,Male,0,Yes,No,6,Yes,No,Fiber optic,Yes,No,Yes,No,No,No,Month-to-month,Yes,Mailed check,78.86,487.95,Yes
3900-UWKRO,Male,0,No,Yes,0,Yes,Yes,DSL,Yes,No,No,Yes,Yes,No,Month-to-month,Yes,Electronic check,73.88,,Yes
1206-GVLGF,Male,0,No,No,33,Yes,Yes,Fiber optic,Yes,No,Yes,No,Yes,Yes,Month-to-month,No,Electronic check,108.0,3497.3,Yes
1661-ZQRTA,Male,0,Yes,No,17,Yes,No,No,No internet service,No internet service,No internet service,No internet service,No internet service,No internet service,Month-to-month,Yes,Credit card (automatic),23.41,411.18,No
2316-CDKBP,Female,0,Yes,Yes,6,Yes,No,No,No internet service,No internet service,No internet service,No internet service,No internet service,No internet service,Month-to-month,Yes,Credit card (automatic),26.19,163.16,No
1198-VZROC,Female,0,No,No,4,Yes,Yes,DSL,No,No,Yes,No,No,Yes,Month-to-month,No,Mailed check,73.86,195.68,Yes
4487-BZLPS,Male,0,Yes,Yes,58,Yes,Yes,Fiber optic,Yes,No,No,No,No,No,Two year,No,Bank transfer (automatic),80.43,4406.44,No
2855-LBLAL,Female,0,Yes,No,6,Yes,No,Fiber optic,Yes,Yes,Yes,Yes,Yes,Yes,Month-to-month,No,Electronic check,108.44,588.91,No
3635-GLTWT,Female,0,Yes,Yes,4,Yes,No,Fiber optic,Yes,No,No,No,No,No,Month-to-month,Yes,Electronic check,75.05,299.91,No
2810-UOWSZ,Male,0,Yes,Yes,6,Yes,No,No,No internet service,No internet service,No internet service,No internet service,No internet service,No internet service,One year,Yes,Credit card (automatic),23.7,140.57,No
4002-WDQCJ,Male,0,Yes,No,2,Yes,No,No,No internet service,No internet service,No internet service,No internet service,No internet service,No internet service,Month-to-month,Yes,Mailed check,23.68,42.19,No
4685-NHMYC,Male,0,No,No,38,Yes,Yes,Fiber optic,Yes,Yes,No,No,Yes,No,One year,No,Credit card (automatic),97.2,3552.67,No
4446-MPGED,Female,0,Yes,No,49,Yes,Yes,Fiber optic,No,Yes,No,No,Yes,No,Two year,Yes,Credit card (automatic),92.45,4359.42,No
3149-TPBTW,Male,0,No,No,11,Yes,Yes,No,No internet service,No internet service,No internet service,No internet service,No internet service,No internet service,Month-to-month,No,Electronic check,31.5,320.77,Yes
2803-WAHAC,Female,0,Yes,No,34,Yes,No,DSL,No,Yes,No,No,No,Yes,One year,No,Bank transfer (automatic),67.0,2192.38,No
1700-XWFNN,Male,0,No,No,35,Yes,Yes,DSL,No,No,No,Yes,No,Yes,One year,Yes,Credit card (automatic),72.67,2513.83,No
1295-ZHCLG,Female,0,No,No,52,Yes,No,No,No internet service,No internet service,No internet service,No internet service,No internet service,No internet service,One year,Yes,Mailed check,19.39,984.25,No
4979-QPOAE,Female,0,No,No,13,Yes,No,DSL,No,Yes,No,Yes,No,Yes,Month-to-month,Yes,Mailed check,71.36,868.02,No
1992-WYNPZ,Female,0,No,Yes,67,Yes,Yes,DSL,Yes,No,No,Yes,Yes,No,Two year,Yes,Mailed check,76.83,4827.55,No
0152-WDOGX,Male,0,No,No,41,Yes,No,No,No internet service,No internet service,No internet service,No internet service,No internet service,No internet service,One year,Yes,Mailed check,24.2,985.48,No
2857-CDOKV,Male,0,No,No,48,Yes,Yes,Fiber optic,No,No,No,Yes,Yes,No,Two year,No,Electronic check,90.87,3986.16,No
1705-BLQJH,Female,0,Yes,No,37,Yes,No,Fiber optic,No,Yes,No,No,No,Yes,Month-to-month,No,Electronic check,86.44,3144.24,Yes
4492-UGFWS,Female,0,Yes,No,2,Yes,Yes,Fiber optic,No,Yes,Yes,No,No,Yes,Month-to-month,No,Credit card (automatic),94.88,146.51,Yes
0401-PBSBS,Male,0,No,Yes,47,Yes,Yes,Fiber optic,Yes,No,Yes,No,Yes,No,Two year,Yes,Electronic check,98.62,4427.02,No
2168-BEQDX,Male,1,Yes,No,53,Yes,No,Fiber optic,Yes,No,No,No,No,No,Two year,Yes,Mailed check,77.11,3781.69,No
2946-RXQKT,Female,0,No,Yes,14,Yes,Yes,Fiber optic,No,No,No,No,No,No,Two year,No,Electronic check,76.31,1048.55,Yes
2749-IBPNK,Male,0,No,No,29,Yes,No,No,No internet service,No internet service,No internet service,No internet service,No internet service,No internet service,One year,No,Mailed check,27.75,784.64,No
5219-CRRWE,Female,0,Yes,Yes,40,Yes,Yes,No,No internet service,No internet service,No internet service,No internet service,No internet service,No internet service,One year,Yes,Electronic check,35.13,1398.87,No
0184-KLPNF,Female,1,Yes,No,33,Yes,No,DSL,No,No,Yes,No,Yes,Yes,Month-to-month,Yes,Mailed check,75.59,2552.16,No
2122-HKILK,Male,0,No,No,5,Yes,No,DSL,Yes,No,Yes,Yes,Yes,No,Month-to-month,Yes,Credit card (automatic),74.6,377.45,No
0505-EZBYB,Female,1,No,No,17,Yes,Yes,DSL,Yes,Yes,Yes,Yes,No,No,Month-to-month,Yes,Mailed check,74.55,1256.91,No
5184-PERQK,Male,0,No,No,1,Yes,No,Fiber optic,No,No,Yes,No,No,Yes,Month-to-month,Yes,Bank transfer (automatic),84.06,50.44,Yes
0126-WQRGK,Female,0,Yes,No,20,Yes,Yes,Fiber optic,Yes,No,No,Yes,Yes,No,Month-to-month,No,Bank transfer (automatic),95.85,1990.97,No
1107-GOJZR,Female,1,Yes,No,0,Yes,No,Fiber optic,Yes,No,No,No,No,Yes,Month-to-month,Yes,Electronic check,85.83,,Yes
1342-YBNWM,Male,0,No,Yes,70,Yes,Yes,DSL,Yes,No,No,No,Yes,No,One year,No,Mailed check,72.15,4882.71,No
4994-UXHEE,Male,0,No,No,28,Yes,No,DSL,No,No,No,No,Yes,No,Two year,Yes,Bank transfer (automatic),60.81,1540.38,No
2815-NLSZR,Male,0,Yes,No,2,No,No phone service,Fiber optic,Yes,Yes,No,No,No,Yes,Month-to-month,Yes,Bank transfer (automatic),79.93,198.12,Yes
4412-JRGRV,Female,0,No,No,4,Yes,No,Fiber optic,No,No,Yes,Yes,Yes,No,Month-to-month,No,Electronic check,91.4,316.94,Yes
3931-HMSPE,Female,0,No,Yes,0,Yes,No,Fiber optic,No,Yes,Yes,No,Yes,No,Month-to-month,No,Mailed check,90.07,,Yes
2044-KYDTJ,Female,0,No,No,7,Yes,No,Fiber optic,No,No,Yes,No,Yes,Yes,Month-to-month,Yes,Bank transfer (automatic),92.69,807.95,Yes
0307-PJQGP,Male,0,No,No,38,Yes,No,Fiber optic,No,No,No,Yes,No,No,One year,Yes,Credit card (automatic),71.51,2584.5,No
2300-LYSBK,Male,1,No,No,31,Yes,No,DSL,No,No,Yes,No,Yes,No,Month-to-month,No,Mailed check,60.2,1880.48,No
3899-FYXVE,Male,0,Yes,Yes,29,No,No phone service,DSL,No,No,No,Yes,Yes,No,Month-to-month,Yes,Electronic check,53.8,1538.29,No
4280-MBLYN,Male,0,No,Yes,18,Yes,No,DSL,No,No,No,Yes,No,No,Two year,No,Electronic check,57.02,956.2,No
0613-BTXNK,Male,1,No,No,53,No,No phone service,DSL,Yes,No,No,No,Yes,Yes,One year,No,Electronic check,61.17,3082.36,No
2408-CPGXZ,Male,0,Yes,No,1,No,No phone service,Fiber optic,No,Yes,No,Yes,Yes,Yes,Month-to-month,Yes,Bank transfer (automatic),90.1,90.32,Yes
0107-XEYAU,Male,0,Yes,No,72,Yes,No,DSL,No,Yes,Yes,No,No,No,Month-to-month,Yes,Bank transfer (automatic),66.43,4784.66,No
1178-WSRMC,Male,0,No,Yes,30,No,No phone service,No,No internet service,No internet service,No internet service,No internet service,No internet service,No internet service,Month-to-month,No,Electronic check,21.19,635.15,No
3350-YMALU,Male,0,No,No,8,Yes,No,Fiber optic,No,No,No,No,No,Yes,Month-to-month,No,Bank transfer (automatic),79.98,696.81,Yes
0536-EFPNN,Male,0,No,No,13,Yes,No,DSL,No,Yes,No,Yes,Yes,Yes,Two year,Yes,Mailed check,75.94,939.67,No
1599-BSYAT,Male,0,No,No,65,Yes,No,Fiber optic,No,Yes,No,Yes,Yes,No,Two year,Yes,Credit card (automatic),92.08,5623.91,No
2353-QFBSX,Female,0,No,No,21,Yes,No,DSL,No,Yes,No,Yes,Yes,Yes,Two year,Yes,Bank transfer (automatic),74.11,1499.27,No
3359-QTFWR,Male,0,Yes,No,42,Yes,Yes,No,No internet service,No internet service,No internet service,No internet service,No internet service,No internet service,One year,No,Credit card (automatic),38.67,1593.36,No
3743-CLGWO,Female,0,Yes,No,18,Yes,Yes,Fiber optic,No,No,Yes,Yes,No,No,Month-to-month,No,Mailed check,93.58,1727.51,No
1259-HRAVS,Female,0,No,No,12,Yes,No,No,No internet service,No internet service,No internet service,No internet service,No internet service,No internet service,Month-to-month,Yes,Electronic check,27.98,367.2,Yes
4542-LVBVF,Male,0,Yes,No,31,Yes,No,Fiber optic,Yes,Yes,No,No,No,No,Two year,No,Bank transfer (automatic),77.88,2265.71,No
5062-HUJZJ,Female,0,Yes,Yes,72,Yes,Yes,Fiber optic,No,No,Yes,No,Yes,No,Month-to-month,Yes,Credit card (automatic),90.93,6569.7,No
2035-OLFCN,Male,1,No,No,26,Yes,No,Fiber optic,No,Yes,Yes,No,Yes,Yes,Month-to-month,Yes,Electronic check,102.71,2496.99,Yes
0229-YCHSM,Male,0,No,No,40,Yes,No,No,No internet service,No internet service,No internet service,No internet service,No internet service,No internet service,Two year,No,Electronic check,28.08,1028.96,No
3884-ECHMW,Male,0,No,No,17,Yes,Yes,DSL,Yes,No,No,Yes,Yes,Yes,Month-to-month,Yes,Electronic check,80.48,1276.76,No
1370-BUDWK,Male,0,Yes,No,27,Yes,Yes,Fiber optic,No,No,No,No,No,No,Month-to-month,Yes,Credit card (automatic),79.8,2063.35,Yes
3105-XFTZP,Female,0,No,No,3,Yes,No,Fiber optic,Yes,No,No,Yes,Yes,No,Month-to-month,No,Credit card (automatic),95.68,378.1,Yes
4774-IXLZK,Female,0,No,No,72,Yes,No,DSL,No,No,No,Yes,Yes,Yes,Two year,Yes,Mailed check,67.08,4480.29,No
3182-CYOIE,Male,0,Yes,Yes,43,Yes,No,Fiber optic,No,Yes,No,No,Yes,No,Two year,Yes,Credit card (automatic),81.4,3247.0,No
1613-KTRZY,Female,0,Yes,No,51,Yes,No,DSL,No,Yes,No,No,Yes,Yes,Two year,No,Bank transfer (automatic),70.27,3406.23,Yes
1205-FUQGI,Male,0,No,No,17,Yes,No,Fiber optic,No,Yes,No,No,No,No,Month-to-month,No,Electronic check,79.35,1441.4,No
5015-QYIQY,Male,0,Yes,No,24,Yes,Yes,No,No internet service,No internet service,No internet service,No internet service,No internet service,No internet service,Two year,No,Bank transfer (automatic),33.11,718.04,No
5229-ZOTMD,Male,0,Yes,No,38,Yes,Yes,DSL,Yes,Yes,Yes,No,No,No,Month-to-month,No,Electronic check,71.9,2791.17,No
5114-TRKTW,Male,0,No,No,3,Yes,Yes,No,No internet service,No internet service,No internet service,No internet service,No internet service,No internet service,Month-to-month,No,Electronic check,32.6,91.98,Yes
4974-NXZBH,Male,0,Yes,No,2,Yes,No,Fiber optic,No,No,Yes,Yes,No,Yes,Month-to-month,Yes,Electronic check,87.76,145.19,Yes
3985-FEDBM,Male,0,Yes,No,0,Yes,No,Fiber optic,No,No,No,No,No,Yes,Month-to-month,No,Credit card (automatic),76.26,,Yes
4199-KQARH,Female,0,Yes,Yes,5,Yes,No,Fiber optic,No,Yes,Yes,No,No,Yes,Month-to-month,No,Electronic check,93.66,473.13,Yes
5194-VTJVF,Male,0,No,No,10,Yes,No,DSL,Yes,No,Yes,Yes,Yes,No,Month-to-month,No,Electronic check,70.19,643.23,No
0068-PGRZP,Male,0,No,Yes,59,Yes,No,Fiber optic,No,No,No,Yes,Yes,Yes,Two year,Yes,Electronic check,93.3,5241.14,No
3120-ENBKG,Male,0,No,No,70,Yes,Yes,Fiber optic,No,Yes,No,No,Yes,Yes,One year,Yes,Bank transfer (automatic),98.97,6826.97,No
0699-LAYMB,Female,0,No,Yes,72,Yes,No,Fiber optic,Yes,No,Yes,Yes,Yes,Yes,Month-to-month,No,Credit card (automatic),106.1,7570.35,No
3903-JPNCT,Female,0,No,No,32,Yes,Yes,DSL,No,Yes,No,No,No,Yes,Month-to-month,Yes,Bank transfer (automatic),69.32,2120.3,No
4458-GPJQB,Female,0,No,No,5,Yes,No,DSL,No,Yes,No,Yes,Yes,No,Month-to-month,No,Bank transfer (automatic),75.22,260.86,Yes
3597-NQEJV,Male,0,Yes,No,51,Yes,Yes,No,No internet service,No internet service,No internet service,No internet service,No internet service,No internet service,One year,Yes,Electronic check,24.98,1248.31,No
4102-IUSRU,Female,1,No,No,65,Yes,No,DSL,No,No,Yes,No,No,Yes,One year,No,Electronic check,56.32,3544.24,No
2292-IQWXY,Male,0,No,No,0,Yes,No,DSL,No,Yes,No,No,Yes,Yes,Month-to-month,No,Bank transfer (automatic),76.22,,No
0276-LLYMZ,Male,1,No,Yes,41,Yes,No,DSL,Yes,No,No,No,Yes,No,Two year,Yes,Mailed check,63.66,2395.9,No
4566-HYAQU,Male,0,No,No,15,Yes,No,Fiber optic,Yes,No,Yes,No,Yes,Yes,Month-to-month,Yes,Mailed check,93.16,1309.59,Yes
2299-LQQVD,Female,0,No,Yes,16,No,No phone service,No,No internet service,No internet service,No internet service,No internet service,No internet service,No internet service,Month-to-month,No,Credit card (automatic),19.65,305.93,Yes
1022-KFNWK,Female,0,No,No,67,Yes,Yes,DSL,Yes,Yes,No,Yes,Yes,Yes,Two year,Yes,Electronic check,88.95,5559.77,No
4995-XVUGS,Male,0,Yes,Yes,25,No,No phone service,DSL,Yes,Yes,No,No,No,No,Two year,No,Mailed check,50.47,1266.19,No
1504-ZKWYT,Female,0,Yes,Yes,3,Yes,No,Fiber optic,No,No,Yes,Yes,No,No,Month-to-month,Yes,Credit card (automatic),81.67,317.42,No
3856-AMJXT,Female,0,Yes,Yes,18,Yes,Yes,Fiber optic,Yes,Yes,No,No,Yes,No,Month-to-month,No,Credit card (automatic),98.55,1849.02,Yes
2843-QLVTX,Female,0,Yes,No,31,Yes,Yes,No,No internet service,No internet service,No internet service,No internet service,No internet service,No internet service,One year,Yes,Bank transfer (automatic),33.3,1013.32,Yes
0884-XTEFX,Male,0,No,No,37,Yes,No,Fiber optic,No,No,Yes,No,No,Yes,Month-to-month,Yes,Bank transfer (automatic),83.55,3026.33,Yes
0644-IBACH,Male,0,Yes,Yes,20,Yes,No,DSL,No,Yes,No,Yes,Yes,Yes,Month-to-month,No,Mailed check,81.84,1620.2,Yes
1563-LNYMU,Male,0,Yes,No,11,Yes,Yes,DSL,No,No,Yes,Yes,No,No,Month-to-month,Yes,Mailed check,63.21,693.75,No
2762-NGYPH,Male,1,Yes,No,51,Yes,Yes,Fiber optic,Yes,No,Yes,Yes,No,Yes,Month-to-month,Yes,Electronic check,102.86,5300.59,No
2428-PFVHB,Female,0,Yes,No,11,No,No phone service,DSL,No,No,Yes,Yes,No,No,One year,No,Electronic check,55.17,565.25,No
1502-MQFKV,Male,0,No,No,19,Yes,Yes,DSL,No,No,No,No,Yes,Yes,One year,Yes,Bank transfer (automatic),77.91,1443.87,No
5148-LWODN,Male,0,Yes,Yes,23,No,No phone service,Fiber optic,No,No,Yes,Yes,No,No,Two year,No,Electronic check,74.76,1697.22,No
4194-BAVEF,Female,0,Yes,Yes,12,Yes,No,DSL,No,Yes,No,No,Yes,Yes,Month-to-month,No,Mailed check,74.49,901.06,Yes
3241-HOQNU,Female,0,Yes,No,7,Yes,No,DSL,No,No,No,No,Yes,No,Month-to-month,Yes,Mailed check,64.15,509.44,Yes
4401-SEWOI,Male,1,No,No,7,Yes,Yes,DSL,No,Yes,No,Yes,Yes,Yes,Month-to-month,No,Electronic check,84.12,714.83,Yes
2864-OTQOT,Female,0,Yes,No,12,Yes,No,Fiber optic,No,No,No,No,Yes,Yes,Month-to-month,No,Credit card (automatic),81.9,990.49,Yes
3725-VZFBP,Female,0,Yes,Yes,12,Yes,Yes,No,No internet service,No internet service,No internet service,No internet service,No internet service,No internet service,Month-to-month,Yes,Bank transfer (automatic),32.49,423.76,No
1471-FNSXQ,Female,0,Yes,No,47,Yes,Yes,Fiber optic,No,No,No,Yes,Yes,Yes,Two year,Yes,Credit card (automatic),102.23,4540.21,No
4998-SGDPZ,Male,1,No,Yes,34,Yes,No,No,No internet service,No internet service,No internet service,No internet service,No internet service,No internet service,Two year,Yes,Mailed check,27.28,867.51,No
4040-YFQRG,Male,1,Yes,No,17,Yes,Yes,Fiber optic,No,Yes,Yes,No,Yes,No,Month-to-month,Yes,Electronic check,95.05,1712.57,Yes
2042-GBWUI,Male,0,Yes,No,7,Yes,No,Fiber optic,No,No,No,No,Yes,No,Month-to-month,Yes,Electronic check,77.07,605.88,Yes
3385-RKICV,Female,0,No,No,28,Yes,Yes,Fiber optic,Yes,Yes,Yes,Yes,No,Yes,Two year,Yes,Mailed check,106.14,2948.31,No
1817-RETVY,Male,0,Yes,Yes,19,Yes,No,Fiber optic,Yes,No,No,No,Yes,No,Month-to-month,No,Bank transfer (automatic),81.28,1619.72,Yes
1386-NRUSR,Male,0,Yes,No,12,No,No phone service,DSL,Yes,No,No,Yes,Yes,Yes,Month-to-month,No,Credit card (automatic),74.6,910.92,Yes
0907-ASQLJ,Male,1,Yes,Yes,15,Yes,Yes,DSL,Yes,No,Yes,Yes,Yes,Yes,Month-to-month,Yes,Bank transfer (automatic),91.89,1400.97,Yes
0318-TRCLS,Male,0,Yes,Yes,14,Yes,No,DSL,No,Yes,No,No,No,Yes,Month-to-month,Yes,Electronic check,67.94,930.11,Yes
0378-DAMIE,Female,0,Yes,No,69,Yes,Yes,DSL,No,No,Yes,No,No,Yes,One year,Yes,Credit card (automatic),71.69,4847.98,No
0723-JFEIO,Male,1,No,No,38,Yes,No,Fiber optic,No,No,No,Yes,No,Yes,Two year,Yes,Mailed check,80.36,2896.36,Yes
1349-HPBJU,Female,0,Yes,No,13,Yes,Yes,DSL,Yes,No,Yes,Yes,Yes,Yes,Two year,No,Credit card (automatic),92.59,970.01,No
2260-NLMVN,Female,0,No,Yes,16,No,No phone service,Fiber optic,No,No,Yes,No,Yes,No,Month-to-month,No,Mailed check,73.86,1187.21,No
2905-SUXAI,Male,1,No,Yes,10,Yes,Yes,Fiber optic,Yes,No,No,Yes,Yes,Yes,Month-to-month,Yes,Credit card (automatic),107.06,1097.42,Yes
2250-YAULZ,Male,1,No,Yes,53,Yes,No,DSL,Yes,No,Yes,No,No,Yes,Two year,Yes,Electronic check,71.1,3546.39,No
3489-LLSTN,Male,0,No,No,4,Yes,Yes,DSL,No,No,Yes,Yes,No,Yes,Month-to-month,Yes,Credit card (automatic),81.38,281.69,Yes
1039-ITUJK,Female,0,No,Yes,22,Yes,Yes,Fiber optic,No,Yes,No,Yes,Yes,No,Month-to-month,Yes,Credit card (automatic),102.0,2312.24,No
3994-GVDBI,Male,1,Yes,No,5,Yes,Yes,Fiber optic,Yes,Yes,Yes,Yes,No,No,Month-to-month,No,Electronic check,100.77,582.83,No
1140-WONFW,Female,1,No,No,34,Yes,No,DSL,No,No,Yes,Yes,Yes,No,Month-to-month,No,Mailed check,66.22,2322.17,No
4197-NNNQV,Male,0,No,No,14,No,No phone service,DSL,Yes,Yes,Yes,Yes,Yes,Yes,One year,No,Electronic check,81.49,1218.0,No
1160-CYOKA,Male,0,No,No,6,Yes,Yes,Fiber optic,No,No,No,Yes,Yes,Yes,Month-to-month,Yes,Bank transfer (automatic),107.28,543.06,Yes
0799-MBMJO,Female,0,Yes,No,23,Yes,No,Fiber optic,Yes,No,No,No,No,No,Month-to-month,Yes,Electronic check,74.13,1711.49,No
4667-FZBBQ,Male,0,Yes,No,2,Yes,No,No,No internet service,No internet service,No internet service,No internet service,No internet service,No internet service,Month-to-month,Yes,Mailed check,25.98,71.88,No
1508-LVWUG,Male,0,No,No,17,Yes,No,DSL,No,Yes,No,No,No,Yes,One year,Yes,Bank transfer (automatic),64.35,1052.28,No
1944-AIALY,Male,0,No,Yes,17,Yes,No,Fiber optic,Yes,No,No,No,No,No,Month-to-month,Yes,Bank transfer (automatic),82.27,1474.86,No
3937-UGXXN,Female,0,No,No,0,Yes,No,DSL,Yes,No,Yes,No,No,Yes,Month-to-month,No,Electronic check,67.95,,Yes
5282-QTXRT,Female,1,Yes,Yes,15,Yes,No,Fiber optic,No,Yes,No,No,No,Yes,Month-to-month,Yes,Credit card (automatic),83.77,1254.24,Yes
0414-FENWF,Male,0,Yes,No,4,No,No phone service,Fiber optic,Yes,No,Yes,No,No,Yes,Month-to-month,No,Credit card (automatic),82.4,246.43,Yes
1974-QGHWN,Male,0,No,No,14,Yes,Yes,DSL,No,No,No,Yes,No,Yes,Month-to-month,Yes,Electronic check,70.66,1016.14,Yes
5065-VFUXN,Female,0,Yes,No,48,Yes,Yes,DSL,No,No,No,Yes,No,No,One year,No,Credit card (automatic),61.52,2764.43,No
2372-FJRMB,Female,0,Yes,No,26,Yes,Yes,Fiber optic,No,Yes,Yes,No,No,Yes,Two year,Yes,Mailed check,95.76,2367.19,Yes
2567-ZWMWN,Female,1,Yes,No,70,Yes,No,Fiber optic,Yes,Yes,No,Yes,No,Yes,Two year,No,Bank transfer (automatic),93.76,6153.3,No
2939-EQPGM,Male,0,No,No,17,Yes,No,DSL,No,No,No,No,No,Yes,Month-to-month,Yes,Mailed check,59.98,1059.76,Yes
2647-SIZJS,Male,0,No,Yes,26,Yes,Yes,No,No internet service,No internet service,No internet service,No internet service,No internet service,No internet service,Two year,Yes,Electronic check,34.78,850.92,No
0099-VTRMP,Female,0,No,No,64,No,No phone service,No,No internet service,No internet service,No internet service,No internet service,No internet service,No internet service,Two year,No,Credit card (automatic),19.05,1127.97,No
2795-WGWZZ,Female,0,No,Yes,50,Yes,Yes,No,No internet service,No internet service,No internet service,No internet service,No internet service,No internet service,Two year,No,Bank transfer (automatic),31.09,1437.45,No
2284-LLCXT,Female,1,Yes,No,14,No,No phone service,DSL,No,Yes,No,Yes,No,No,Month-to-month,No,Bank transfer (automatic),55.29,726.32,Yes
3456-OZLSF,Male,0,No,No,11,Yes,No,DSL,No,No,No,No,Yes,Yes,Month-to-month,Yes,Credit card (automatic),63.3,793.83,Yes
2710-JXUGG,Male,0,No,No,17,Yes,No,Fiber optic,No,No,Yes,No,No,Yes,One year,No,Credit card (automatic),85.94,1397.51,No
2744-EOXXE,Female,0,No,No,0,Yes,Yes,Fiber optic,No,No,Yes,Yes,Yes,No,One year,No,Bank transfer (automatic),93.97,,No
2128-NXKQC,Female,0,Yes,No,59,Yes,Yes,DSL,Yes,Yes,Yes,No,Yes,No,Two year,Yes,Electronic check,82.0,4418.16,No
5004-MEQIC,Female,0,Yes,No,53,Yes,No,DSL,No,No,Yes,No,Yes,No,Two year,Yes,Electronic check,59.98,3040.27,No
2727-XZWYA,Male,0,No,Yes,9,Yes,Yes,Fiber optic,No,Yes,No,Yes,Yes,Yes,Month-to-month,No,Bank transfer (automatic),105.64,988.22,Yes
4188-MGHRA,Female,0,Yes,Yes,17,Yes,Yes,No,No internet service,No internet service,No internet service,No internet service,No internet service,No internet service,Two year,No,Mailed check,31.63,502.86,No
0573-OCNCG,Male,0,Yes,No,23,Yes,No,No,No internet service,No internet service,No internet service,No internet service,No internet service,No internet service,One year,Yes,Electronic check,25.79,591.64,No
2450-WOHOC,Female,0,Yes,Yes,72,Yes,No,DSL,No,Yes,No,No,Yes,Yes,Month-to-month,No,Electronic check,70.21,5155.47,No
5008-BKAZI,Female,0,No,No,33,Yes,No,DSL,Yes,Yes,Yes,Yes,No,No,One year,Yes,Credit card (automatic),69.82,2288.59,No
0041-PHZZO,Male,0,No,No,4,No,No phone service,DSL,Yes,No,No,Yes,No,No,Month-to-month,Yes,Credit card (automatic),51.2,212.34,No
4468-ZDIMH,Female,0,No,No,61,Yes,No,Fiber optic,No,No,Yes,Yes,Yes,Yes,Two year,Yes,Mailed check,98.02,5450.67,No
3098-BLZYZ,Male,0,No,No,11,Yes,Yes,No,No internet service,No internet service,No internet service,No internet service,No internet service,No internet service,One year,Yes,Mailed check,32.55,361.36,No
0038-FRRKV,Male,0,No,No,6,No,No phone service,No,No internet service,No internet service,No internet service,No internet service,No internet service,No internet service,Month-to-month,No,Electronic check,21.72,107.5,No
2840-UKAUA,Female,0,No,No,11,Yes,Yes,Fiber optic,Yes,No,Yes,Yes,Yes,No,Month-to-month,No,Bank transfer (automatic),102.54,1164.83,Yes
2390-MIUTJ,Female,0,Yes,Yes,1,Yes,Yes,Fiber optic,No,No,No,No,Yes,Yes,Month-to-month,Yes,Bank transfer (automatic),94.41,146.27,Yes
0159-PZKFO,Female,0,Yes,No,14,Yes,Yes,No,No internet service,No internet service,No internet service,No internet service,No internet service,No internet service,Month-to-month,Yes,Electronic check,28.94,418.92,No
1864-BNKIW,Female,0,No,No,72,No,No phone service,DSL,No,No,Yes,Yes,Yes,No,Month-to-month,Yes,Mailed check,60.6,4345.57,Yes
4267-VNLMJ,Male,1,No,No,1,Yes,No,Fiber optic,Yes,Yes,Yes,Yes,Yes,No,Month-to-month,No,Electronic check,99.66,59.8,No
5007-HXNSO,Male,0,Yes,No,26,Yes,No,Fiber optic,Yes,Yes,No,No,No,Yes,Month-to-month,Yes,Credit card (automatic),92.75,2449.12,Yes
1570-XBQKC,Female,0,No,Yes,63,Yes,No,Fiber optic,No,No,Yes,No,No,No,Two year,No,Mailed check,75.82,4386.27,No
4706-PRDLX,Female,0,Yes,No,21,Yes,No,No,No internet service,No internet service,No internet service,No internet service,No internet service,No internet service,Month-to-month,Yes,Mailed check,23.06,499.35,No
4592-RXSUL,Male,0,Yes,No,27,Yes,Yes,DSL,No,Yes,No,Yes,No,Yes,Two year,Yes,Credit card (automatic),76.97,1954.77,No
2460-VUCHZ,Male,0,Yes,Yes,54,Yes,Yes,DSL,Yes,No,Yes,No,Yes,No,One year,Yes,Electronic check,75.52,3921.97,No
4249-OIWCT,Male,1,No,No,32,Yes,Yes,Fiber optic,Yes,Yes,No,No,No,No,Month-to-month,Yes,Electronic check,84.65,2703.23,Yes
1233-FKXZI,Male,1,No,No,54,Yes,No,DSL,No,Yes,Yes,No,Yes,Yes,Month-to-month,Yes,Mailed check,78.99,4211.43,Yes
4619-ZPOWW,Male,0,Yes,No,43,Yes,No,No,No internet service,No internet service,No internet service,No internet service,No internet service,No internet service,Two year,Yes,Credit card (automatic),22.11,874.93,No
3158-XBOCB,Female,0,No,No,63,Yes,Yes,DSL,Yes,Yes,No,No,No,Yes,One year,No,Bank transfer (automatic),73.09,4437.21,No
3027-PUGNV,Male,1,Yes,No,5,Yes,Yes,DSL,No,Yes,No,No,No,No,Month-to-month,Yes,Mailed check,58.93,259.62,Yes
3829-IUOFU,Male,0,Yes,No,5,Yes,No,No,No internet service,No internet service,No internet service,No internet service,No internet service,No internet service,Month-to-month,No,Bank transfer (automatic),21.55,117.53,No
4416-WXGOM,Female,0,No,No,2,Yes,Yes,DSL,Yes,No,Yes,No,Yes,No,Month-to-month,No,Mailed check,76.14,213.55,Yes
0487-AVJVE,Male,0,No,No,3,Yes,No,Fiber optic,Yes,No,No,Yes,No,No,Month-to-month,No,Credit card (automatic),77.89,371.3,Yes
4326-MFHZH,Female,0,No,No,16,No,No phone service,Fiber optic,Yes,Yes,Yes,No,No,No,Month-to-month,Yes,Bank transfer (automatic),78.08,1382.94,Yes
3615-UQHWV,Male,1,No,No,55,Yes,Yes,Fiber optic,Yes,No,Yes,No,Yes,No,Two year,Yes,Credit card (automatic),93.12,4779.55,No
4605-AGTZM,Female,0,Yes,No,24,Yes,No,Fiber optic,No,No,No,No,No,Yes,Month-to-month,Yes,Mailed check,85.11,2110.05,No
2671-VDRKV,Male,0,No,Yes,72,Yes,No,Fiber optic,Yes,No,No,Yes,No,Yes,One year,Yes,Credit card (automatic),92.39,6436.86,No
1353-DLEHN,Female,0,Yes,No,24,No,No phone service,No,No internet service,No internet service,No internet service,No internet service,No internet service,No internet service,Month-to-month,Yes,Electronic check,18.0,438.51,Yes
1147-GPKOH,Female,0,No,No,33,Yes,Yes,Fiber optic,No,No,Yes,No,No,No,Month-to-month,Yes,Bank transfer (automatic),80.09,2729.6,No
3346-JHYVJ,Female,0,No,No,31,Yes,Yes,Fiber optic,Yes,Yes,Yes,No,Yes,Yes,Two year,No,Mailed check,111.74,3073.4,Yes
2768-YMVPB,Male,0,Yes,No,40,Yes,Yes,No,No internet service,No internet service,No internet service,No internet service,No internet service,No internet service,One year,No,Mailed check,36.89,1431.57,No
4169-RSPDI,Female,0,Yes,Yes,33,Yes,No,No,No internet service,No internet service,No internet service,No internet service,No internet service,No internet service,Month-to-month,Yes,Bank transfer (automatic),23.28,777.1,No
0663-NKOFW,Male,0,No,No,13,Yes,No,No,No internet service,No internet service,No internet service,No internet service,No internet service,No internet service,Month-to-month,Yes,Electronic check,24.38,287.6,No
3748-NJFJK,Male,0,No,No,28,Yes,Yes,Fiber optic,No,No,Yes,No,Yes,Yes,Month-to-month,No,Credit card (automatic),98.57,2615.62,Yes
0518-JODTJ,Male,0,Yes,No,47,Yes,Yes,No,No internet service,No internet service,No internet service,No internet service,No internet service,No internet service,Two year,Yes,Mailed check,29.8,1287.35,No
1331-EKGEL,Female,0,No,No,9,Yes,No,Fiber optic,No,Yes,Yes,No,No,No,Month-to-month,Yes,Electronic check,83.86,720.26,Yes
0411-WTABO,Male,0,No,Yes,34,Yes,Yes,No,No internet service,No internet service,No internet service,No internet service,No internet service,No internet service,One year,No,Electronic check,31.04,1039.81,No
2466-PGYEE,Female,1,No,No,27,Yes,No,DSL,Yes,No,No,No,Yes,Yes,One year,Yes,Bank transfer (automatic),74.42,2077.83,Yes
2724-AQYWB,Male,0,No,No,14,Yes,Yes,No,No internet service,No internet service,No internet service,No internet service,No internet service,No internet service,Two year,Yes,Electronic check,34.13,424.83,No
0913-XMVRI,Female,0,Yes,Yes,40,Yes,Yes,No,No internet service,No internet service,No internet service,No internet service,No internet service,No internet service,Month-to-month,Yes,Credit card (automatic),28.39,1127.18,No
0301-GIOMM,Female,0,Yes,No,20,Yes,No,Fiber optic,Yes,No,Yes,Yes,No,Yes,Two year,Yes,Credit card (automatic),95.31,1638.69,No
3758-PZBWW,Male,0,Yes,Yes,53,No,No phone service,No,No internet service,No internet service,No internet service,No internet service,No internet service,No internet service,One year,Yes,Credit card (automatic),20.97,1088.76,No
4626-JDFHJ,Female,0,No,No,70,Yes,Yes,Fiber optic,Yes,No,Yes,No,Yes,Yes,One year,Yes,Bank transfer (automatic),105.59,7137.5,No
4928-JMQJI,Female,0,Yes,Yes,25,Yes,Yes,No,No internet service,No internet service,No internet service,No internet service,No internet service,No internet service,Month-to-month,Yes,Credit card (automatic),32.4,785.99,No
2609-GJZFE,Female,0,No,No,29,Yes,No,Fiber optic,Yes,No,No,No,No,Yes,Two year,Yes,Electronic check,89.85,2325.64,No
3272-NKORO,Female,0,Yes,Yes,52,Yes,Yes,No,No internet service,No internet service,No internet service,No internet service,No internet service,No internet service,Two year,Yes,Bank transfer (automatic),33.14,1607.25,No
4598-CBYHY,Male,0,Yes,No,8,Yes,Yes,No,No internet service,No internet service,No internet service,No internet service,No internet service,No internet service,Month-to-month,Yes,Mailed check,34.3,284.48,No
0488-WGTKX,Female,0,Yes,No,29,Yes,Yes,DSL,Yes,No,Yes,No,Yes,No,Month-to-month,No,Bank transfer (automatic),71.05,2044.69,No
2265-TNAKV,Male,0,Yes,No,12,Yes,No,Fiber optic,No,Yes,Yes,No,No,Yes,Month-to-month,Yes,Credit card (automatic),92.52,1182.97,No
3055-DZRMM,Female,0,No,No,38,Yes,Yes,Fiber optic,No,Yes,Yes,Yes,Yes,Yes,Month-to-month,No,Bank transfer (automatic),107.11,4005.0,No
5273-RCYGV,Male,0,No,No,39,Yes,Yes,Fiber optic,No,No,No,Yes,No,Yes,Two year,Yes,Electronic check,86.58,3117.12,No
3963-MXBYD,Male,0,No,No,10,Yes,Yes,No,No internet service,No internet service,No internet service,No internet service,No internet service,No internet service,Month-to-month,No,Bank transfer (automatic),28.72,293.73,No
1977-MGNKZ,Female,0,Yes,Yes,29,Yes,No,DSL,Yes,Yes,Yes,No,Yes,Yes,Month-to-month,Yes,Credit card (automatic),83.17,2357.31,Yes
0238-XDDAJ,Female,0,Yes,Yes,35,Yes,No,No,No internet service,No internet service,No internet service,No internet service,No internet service,No internet service,Month-to-month,No,Bank transfer (automatic),24.25,838.43,No
0462-WRJKE,Female,0,Yes,No,72,Yes,Yes,Fiber optic,No,Yes,No,Yes,Yes,Yes,Month-to-month,Yes,Electronic check,108.08,7892.33,No
1323-DLVMQ,Female,0,Yes,No,48,Yes,No,No,No internet service,No internet service,No internet service,No internet service,No internet service,No internet service,One year,Yes,Mailed check,25.23,1182.89,No
2192-WEPHL,Female,0,No,Yes,38,Yes,Yes,No,No internet service,No internet service,No internet service,No internet service,No internet service,No internet service,Month-to-month,No,Mailed check,32.52,1220.6,No
4549-TFOJK,Male,0,No,Yes,32,Yes,No,Fiber optic,No,Yes,Yes,No,No,No,Month-to-month,No,Credit card (automatic),74.24,2287.41,No
1994-YVVLU,Male,0,No,No,19,Yes,Yes,DSL,No,Yes,No,No,Yes,No,Month-to-month,Yes,Credit card (automatic),75.96,1371.91,No
4577-HJRZX,Male,0,Yes,Yes,39,Yes,No,DSL,Yes,No,No,No,Yes,Yes,Two year,Yes,Credit card (automatic),71.72,2604.96,No
2423-OLCPR,Male,0,No,No,28,Yes,No,Fiber optic,No,No,Yes,Yes,Yes,Yes,Month-to-month,Yes,Mailed check,96.94,2686.98,Yes
0299-PPWZF,Female,0,Yes,No,30,Yes,Yes,No,No internet service,No internet service,No internet service,No internet service,No internet service,No internet service,Month-to-month,No,Electronic check,33.69,1033.77,No
0881-FEEJZ,Male,0,Yes,No,49,Yes,Yes,Fiber optic,No,Yes,No,No,Yes,Yes,Two year,No,Electronic check,101.54,4607.0,Yes
2109-XCOPB,Male,0,Yes,Yes,7,Yes,No,Fiber optic,No,Yes,Yes,No,Yes,No,Month-to-month,Yes,Mailed check,87.34,515.93,No
5109-SOPBT,Female,0,Yes,Yes,55,Yes,Yes,No,No internet service,No internet service,No internet service,No internet service,No internet service,No internet service,Two year,Yes,Mailed check,34.82,1788.16,No
2149-QMYFM,Male,1,No,No,53,Yes,No,Fiber optic,No,Yes,Yes,No,No,Yes,Two year,No,Mailed check,89.89,4461.47,No
3268-PSBEA,Female,0,No,No,60,Yes,Yes,Fiber optic,No,No,No,Yes,No,Yes,Month-to-month,Yes,Electronic check,91.13,5483.04,Yes
2847-LLAWE,Male,0,Yes,No,4,Yes,Yes,DSL,Yes,No,Yes,Yes,No,No,Month-to-month,Yes,Electronic check,71.8,399.25,Yes
4450-GSWCS,Male,0,No,No,29,Yes,No,DSL,No,No,Yes,Yes,Yes,No,Two year,Yes,Electronic check,72.27,1920.25,No
4464-LVRRA,Male,0,No,Yes,16,Yes,No,Fiber optic,No,Yes,Yes,Yes,No,Yes,Month-to-month,No,Credit card (automatic),96.75,1467.9,Yes
2691-JDGAC,Male,0,Yes,No,12,Yes,Yes,No,No internet service,No internet service,No internet service,No internet service,No internet service,No internet service,One year,No,Mailed check,34.5,379.89,No
4504-FCIZT,Female,0,No,Yes,42,Yes,Yes,Fiber optic,No,No,No,Yes,No,Yes,Two year,Yes,Mailed check,88.88,3524.91,No
4163-ZTPYX,Female,0,Yes,Yes,4,Yes,Yes,Fiber optic,Yes,No,No,No,No,No,Month-to-month,Yes,Bank transfer (automatic),80.17,418.12,Yes
3545-QYUYK,Male,0,Yes,No,53,Yes,Yes,Fiber optic,No,No,Yes,No,Yes,Yes,Two year,No,Electronic check,100.97,4881.83,Yes
3041-OSNUO,Female,1,No,No,4,Yes,Yes,DSL,Yes,No,No,No,Yes,Yes,Month-to-month,No,Credit card (automatic),84.26,499.54,Yes
1066-BFGUT,Female,0,No,Yes,2,Yes,Yes,Fiber optic,No,Yes,No,Yes,Yes,No,Month-to-month,Yes,Electronic check,92.89,138.94,Yes
4916-SIVXF,Male,0,No,No,27,Yes,Yes,DSL,Yes,No,No,No,No,Yes,One year,Yes,Bank transfer (automatic),66.38,1696.05,No
4439-VESUZ,Male,0,No,Yes,49,Yes,Yes,No,No internet service,No internet service,No internet service,No internet service,No internet service,No internet service,Month-to-month,Yes,Electronic check,32.28,1565.83,No
0266-HVKIC,Male,0,Yes,No,61,Yes,No,DSL,No,Yes,Yes,Yes,No,No,One year,Yes,Mailed check,64.47,3870.62,No
4511-VROLB,Female,1,Yes,Yes,39,No,No phone service,DSL,No,No,No,Yes,Yes,No,One year,Yes,Bank transfer (automatic),59.87,2217.92,No
3021-SSTYX,Female,1,Yes,No,20,Yes,Yes,DSL,No,No,No,No,No,Yes,Two year,Yes,Electronic check,66.69,1262.52,No
0743-ZVCYI,Female,0,Yes,No,6,Yes,No,DSL,No,No,Yes,Yes,Yes,Yes,Month-to-month,Yes,Mailed check,75.09,480.37,No
3824-ESAEF,Male,0,No,No,67,Yes,No,Fiber optic,Yes,No,No,No,No,No,One year,No,Mailed check,74.15,4855.37,No
0981-FIDYT,Male,1,Yes,No,17,Yes,No,Fiber optic,Yes,Yes,No,No,Yes,No,Month-to-month,No,Mailed check,86.44,1354.17,Yes
0182-HHFWA,Female,0,No,No,38,Yes,No,Fiber optic,No,Yes,No,No,Yes,No,Two year,Yes,Mailed check,83.23,2753.43,No
4173-CWXON,Male,1,Yes,No,29,Yes,No,Fiber optic,Yes,Yes,No,No,Yes,No,Month-to-month,Yes,Bank transfer (automatic),86.08,2574.22,No
3567-UNBJU,Male,0,No,No,52,Yes,Yes,No,No internet service,No internet service,No internet service,No internet service,No internet service,No internet service,One year,No,Credit card (automatic),33.02,1632.57,No
2126-ACTIR,Female,0,Yes,Yes,3,Yes,No,DSL,Yes,Yes,Yes,Yes,No,No,Month-to-month,No,Mailed check,74.4,142.38,No
3666-OXGCG,Female,0,No,No,70,Yes,No,Fiber optic,Yes,Yes,Yes,No,Yes,No,Month-to-month,No,Mailed check,95.42,6570.12,No
4038-QGGGX,Female,0,Yes,No,7,Yes,Yes,DSL,Yes,No,Yes,No,No,Yes,Month-to-month,Yes,Credit card (automatic),77.36,639.65,Yes
0608-LWBYG,Female,0,Yes,No,7,Yes,Yes,No,No internet service,No internet service,No internet service,No internet service,No internet service,No internet service,Month-to-month,No,Mailed check,34.22,258.45,No
2665-CIPTT,Male,0,No,No,34,Yes,Yes,DSL,No,No,Yes,Yes,Yes,No,Two year,Yes,Electronic check,76.74,2350.78,No
1978-IEQXH,Male,1,Yes,No,4,No,No phone service,No,No internet service,No internet service,No internet service,No internet service,No internet service,No internet service,Month-to-month,No,Electronic check,18.0,35.05,Yes
1464-MJOQQ,Female,0,Yes,Yes,2,Yes,Yes,Fiber optic,No,No,Yes,No,No,No,Month-to-month,Yes,Credit card (automatic),80.71,185.34,No
4800-IKPNX,Female,1,Yes,Yes,20,Yes,No,Fiber optic,No,Yes,No,Yes,Yes,No,One year,No,Credit card (automatic),86.36,1708.22,No
0614-IQNUR,Female,0,No,No,3,Yes,Yes,Fiber optic,No,No,No,Yes,No,Yes,Month-to-month,No,Mailed check,88.17,162.7,No
1216-YJINW,Female,1,No,Yes,20,Yes,No,Fiber optic,Yes,Yes,Yes,Yes,Yes,Yes,One year,Yes,Credit card (automatic),106.16,2014.04,No
1143-FJBKJ,Female,1,Yes,No,10,Yes,No,Fiber optic,No,Yes,Yes,No,Yes,Yes,Month-to-month,No,Electronic check,99.38,921.02,Yes
1999-UYTJP,Female,0,No,No,25,Yes,Yes,No,No internet service,No internet service,No internet service,No internet service,No internet service,No internet service,Month-to-month,No,Mailed check,28.59,719.39,No
4322-NCJBT,Female,0,No,No,21,Yes,No,DSL,No,No,No,No,Yes,No,Two year,No,Bank transfer (automatic),60.57,1172.85,Yes
1141-CQCOK,Male,0,Yes,No,43,Yes,No,No,No internet service,No internet service,No internet service,No internet service,No internet service,No internet service,Two year,No,Electronic check,20.42,844.67,No
4154-ITNPB,Male,0,No,Yes,65,Yes,No,Fiber optic,Yes,Yes,No,Yes,Yes,No,Two year,No,Mailed check,92.61,5530.29,No
0522-OCRQJ,Male,1,Yes,Yes,54,Yes,Yes,Fiber optic,Yes,Yes,No,No,No,Yes,Two year,Yes,Electronic check,96.18,4847.66,No
0093-VSJIU,Female,0,Yes,No,2,Yes,No,Fiber optic,Yes,Yes,No,No,No,Yes,Month-to-month,No,Mailed check,92.11,137.52,Yes
4299-VLILH,Female,0,Yes,Yes,44,Yes,No,Fiber optic,No,No,No,No,Yes,Yes,Two year,No,Credit card (automatic),87.33,3424.98,No
3516-YDVYS,Male,1,Yes,No,0,Yes,No,No,No internet service,No internet service,No internet service,No internet service,No internet service,No internet service,Month-to-month,No,Electronic check,23.63,,Yes
4192-DFCCV,Female,0,Yes,No,6,Yes,Yes,Fiber optic,No,No,Yes,Yes,No,No,Month-to-month,Yes,Bank transfer (automatic),88.37,453.07,Yes
0879-FKBFE,Female,1,No,No,11,Yes,No,Fiber optic,No,No,Yes,No,No,Yes,Month-to-month,No,Bank transfer (automatic),87.7,926.58,Yes
3110-BZNAN,Female,0,No,No,24,Yes,No,DSL,No,No,No,Yes,No,Yes,Month-to-month,No,Bank transfer (automatic),68.89,1628.33,No
0385-RWDPN,Female,0,No,No,43,Yes,Yes,Fiber optic,No,No,No,No,Yes,Yes,One year,No,Electronic check,97.1,3930.35,No
1436-PMGKX,Male,0,No,No,32,Yes,Yes,Fiber optic,No,No,Yes,No,Yes,No,Two year,No,Electronic check,84.03,2490.19,No
4200-CHCRN,Female,0,Yes,No,15,Yes,No,Fiber optic,No,No,Yes,No,Yes,No,Month-to-month,No,Mailed check,81.52,1208.7,Yes
4083-TZJMU,Male,1,No,Yes,48,Yes,Yes,DSL,Yes,Yes,Yes,No,Yes,No,One year,No,Bank transfer (automatic),87.26,4059.75,No
2680-YVICR,Male,0,No,Yes,40,No,No phone service,Fiber optic,No,Yes,No,No,No,Yes,Two year,No,Electronic check,75.39,2753.84,Yes
4538-LIJZC,Male,0,No,No,22,Yes,No,No,No internet service,No internet service,No internet service,No internet service,No internet service,No internet service,Month-to-month,Yes,Credit card (automatic),20.38,426.22,Yes
3269-AFOXC,Male,0,No,No,49,No,No phone service,Fiber optic,No,Yes,Yes,No,No,Yes,Two year,Yes,Credit card (automatic),84.39,3846.86,Yes
4030-FFFKP,Male,0,No,No,7,Yes,No,DSL,Yes,Yes,No,No,No,No,Month-to-month,No,Bank transfer (automatic),62.89,448.67,Yes
1643-WYTQS,Female,0,Yes,Yes,35,Yes,Yes,Fiber optic,Yes,No,Yes,No,No,No,Two year,Yes,Bank transfer (automatic),87.61,2796.99,Yes
2553-BFKVE,Female,0,No,Yes,16,Yes,No,No,No internet service,No internet service,No internet service,No internet service,No internet service,No internet service,Month-to-month,Yes,Electronic check,23.27,342.13,No
0619-ILJWY,Female,0,Yes,No,53,Yes,Yes,Fiber optic,No,No,No,No,No,Yes,One year,Yes,Credit card (automatic),86.76,4528.84,No
3667-AWXJX,Male,1,Yes,No,34,Yes,No,No,No internet service,No internet service,No internet service,No internet service,No internet service,No internet service,One year,Yes,Credit card (automatic),25.08,855.68,No
1952-NVBCK,Male,0,Yes,No,9,Yes,No,Fiber optic,No,No,Yes,No,No,No,Month-to-month,No,Credit card (automatic),82.35,716.25,Yes
4151-QYLIK,Male,0,No,No,18,Yes,No,DSL,Yes,No,No,Yes,Yes,Yes,Month-to-month,No,Credit card (automatic),76.75,1393.24,No
3168-LEDWY,Female,1,No,No,31,Yes,No,Fiber optic,Yes,No,No,No,No,No,Month-to-month,Yes,Electronic check,76.42,2412.77,Yes
4251-ASCNN,Male,0,No,No,0,Yes,Yes,DSL,Yes,No,No,Yes,Yes,Yes,Month-to-month,No,Mailed check,89.02,,No
1006-LSYUW,Female,0,No,Yes,66,Yes,No,DSL,No,No,No,Yes,No,No,One year,Yes,Mailed check,48.96,3186.96,No
2287-ODQPP,Female,0,Yes,No,15,Yes,Yes,No,No internet service,No internet service,No internet service,No internet service,No internet service,No internet service,Month-to-month,No,Credit card (automatic),33.38,475.35,No
4850-TSBNF,Female,0,Yes,No,3,Yes,Yes,No,No internet service,No internet service,No internet service,No internet service,No internet service,No internet service,Month-to-month,No,Bank transfer (automatic),29.87,66.7,Yes
0326-FEOWA,Male,0,No,No,62,Yes,No,Fiber optic,No,No,Yes,No,No,No,Two year,Yes,Bank transfer (automatic),77.13,4518.32,Yes
5001-EORZI,Female,0,No,No,72,No,No phone service,No,No internet service,No internet service,No internet service,No internet service,No internet service,No internet service,Month-to-month,No,Electronic check,18.0,1288.26,No
0982-LHJML,Male,0,No,Yes,57,Yes,No,Fiber optic,Yes,No,No,Yes,Yes,Yes,One year,Yes,Mailed check,102.04,5494.5,No
2481-KPMTK,Male,1,No,No,17,Yes,No,DSL,No,No,No,Yes,Yes,No,Month-to-month,Yes,Electronic check,65.31,1045.96,Yes
0039-QDBAZ,Female,1,Yes,Yes,9,Yes,Yes,Fiber optic,No,No,No,No,No,Yes,Month-to-month,No,Bank transfer (automatic),86.73,729.45,No
2516-UBIRG,Male,0,No,No,17,Yes,Yes,Fiber optic,Yes,No,Yes,No,Yes,No,Month-to-month,No,Credit card (automatic),97.7,1861.4,Yes
2936-THNIM,Female,0,Yes,Yes,11,Yes,Yes,No,No internet service,No internet service,No internet service,No internet service,No internet service,No internet service,Month-to-month,Yes,Electronic check,37.52,363.54,Yes
0320-UNPFK,Male,0,Yes,Yes,26,Yes,Yes,Fiber optic,No,No,No,Yes,Yes,No,Month-to-month,No,Credit card (automatic),96.99,2490.4,No
1653-JSFAJ,Female,1,No,Yes,61,Yes,Yes,Fiber optic,Yes,Yes,No,No,Yes,Yes,Month-to-month,No,Credit card (automatic),112.45,6941.09,No
2462-ZUURE,Female,0,Yes,Yes,27,Yes,No,No,No internet service,No internet service,No internet service,No internet service,No internet service,No internet service,One year,Yes,Electronic check,28.42,751.73,No
4714-IEVPK,Female,0,Yes,No,36,No,No phone service,Fiber optic,Yes,No,No,No,No,Yes,Two year,No,Electronic check,72.32,2446.3,Yes
5005-ZTEQE,Male,0,Yes,No,36,Yes,No,Fiber optic,No,Yes,No,Yes,No,No,One year,No,Mailed check,84.22,3003.19,No
5101-FEWYZ,Male,0,No,No,45,Yes,Yes,DSL,Yes,Yes,No,Yes,No,Yes,Two year,No,Electronic check,79.27,3339.27,No
5266-TYQHK,Male,0,Yes,No,12,Yes,No,DSL,No,No,Yes,No,Yes,No,Month-to-month,No,Bank transfer (automatic),61.84,719.27,Yes
4525-LMUIJ,Female,0,Yes,No,56,Yes,No,Fiber optic,No,No,Yes,No,Yes,No,Two year,Yes,Electronic check,82.29,4345.09,Yes
4305-MRSQD,Male,0,Yes,No,63,Yes,Yes,No,No internet service,No internet service,No internet service,No internet service,No internet service,No internet service,Month-to-month,Yes,Bank transfer (automatic),36.47,2306.18,No
1254-PRSOO,Female,0,Yes,No,8,Yes,Yes,No,No internet service,No internet service,No internet service,No internet service,No internet service,No internet service,Month-to-month,No,Electronic check,36.33,265.36,Yes
3827-CZMTN,Female,0,Yes,No,6,Yes,Yes,No,No internet service,No internet service,No internet service,No internet service,No internet service,No internet service,Month-to-month,Yes,Credit card (automatic),34.6,206.59,Yes
1714-LCCZO,Male,1,No,No,47,Yes,Yes,No,No internet service,No internet service,No internet service,No internet service,No internet service,No internet service,One year,Yes,Credit card (automatic),32.04,1413.42,No
3681-ARKPP,Female,0,No,Yes,9,Yes,No,DSL,No,Yes,No,No,Yes,Yes,One year,No,Credit card (automatic),72.86,531.05,No
2304-BGKQB,Female,0,No,Yes,13,Yes,No,DSL,No,No,No,No,No,No,One year,No,Electronic check,57.43,723.44,Yes
1387-ESYCU,Female,0,Yes,No,25,Yes,Yes,Fiber optic,Yes,No,No,Yes,No,Yes,Month-to-month,No,Electronic check,92.65,2300.21,No
0805-GSZHY,Female,0,No,No,0,Yes,Yes,Fiber optic,No,Yes,Yes,Yes,Yes,No,Month-to-month,No,Bank transfer (automatic),103.28,,Yes
1155-OWYEK,Female,0,No,Yes,32,Yes,No,No,No internet service,No internet service,No internet service,No internet service,No internet service,No internet service,Month-to-month,Yes,Electronic check,25.27,820.25,No
0448-UQJLX,Female,0,No,No,42,Yes,Yes,No,No internet service,No internet service,No internet service,No internet service,No internet service,No internet service,Two year,Yes,Electronic check,29.87,1169.82,No
4501-CUSAV,Female,0,No,Yes,63,Yes,No,DSL,No,Yes,No,No,No,Yes,Two year,Yes,Mailed check,59.57,3467.56,No
1264-WXDGK,Male,0,Yes,No,27,Yes,No,Fiber optic,Yes,No,No,No,Yes,Yes,Month-to-month,Yes,Bank transfer (automatic),96.04,2568.66,Yes
3984-ENVSI,Female,1,Yes,Yes,2,Yes,No,Fiber optic,No,Yes,Yes,Yes,No,Yes,Month-to-month,No,Mailed check,90.43,216.34,No
2018-NMUBJ,Male,0,No,No,33,Yes,Yes,No,No internet service,No internet service,No internet service,No internet service,No internet service,No internet service,One year,Yes,Mailed check,34.58,1082.44,No
0794-ISXFK,Male,0,No,No,28,Yes,Yes,DSL,Yes,Yes,Yes,Yes,No,No,One year,No,Mailed check,78.95,2139.13,No
2789-OTDZB,Female,0,No,No,3,Yes,Yes,No,No internet service,No internet service,No internet service,No internet service,No internet service,No internet service,Month-to-month,Yes,Mailed check,34.43,82.05,No
1991-ADLVA,Female,1,Yes,No,16,Yes,Yes,DSL,Yes,Yes,No,No,Yes,No,One year,No,Bank transfer (automatic),74.56,1128.66,No
0395-FTXUO,Male,0,No,No,67,Yes,No,Fiber optic,No,Yes,Yes,No,No,Yes,One year,Yes,Mailed check,92.26,6046.1,No
3488-NOVVU,Male,0,Yes,No,7,Yes,No,DSL,Yes,No,Yes,Yes,No,Yes,Month-to-month,Yes,Mailed check,72.77,479.82,No
4137-IHDAC,Female,0,No,Yes,0,No,No phone service,Fiber optic,No,No,Yes,No,Yes,Yes,Month-to-month,No,Electronic check,80.57,,Yes
1743-WIZHK,Male,1,No,No,55,Yes,No,Fiber optic,No,Yes,No,Yes,No,Yes,Two year,Yes,Electronic check,91.18,4593.34,Yes
0331-KICCS,Male,1,No,Yes,52,Yes,Yes,Fiber optic,No,Yes,No,No,No,Yes,Two year,Yes,Credit card (automatic),95.54,4525.24,No
1678-FWHEQ,Female,0,No,No,48,Yes,No,Fiber optic,No,No,No,No,Yes,No,One year,Yes,Electronic check,80.97,3741.55,Yes
1788-XOXLT,Female,0,No,No,20,Yes,No,No,No internet service,No internet service,No internet service,No internet service,No internet service,No internet service,Two year,Yes,Mailed check,26.46,504.37,No
0018-MGGQT,Male,0,Yes,No,65,Yes,No,Fiber optic,No,No,No,No,No,No,One year,No,Bank transfer (automatic),64.85,4085.86,No
3554-IPKYE,Male,0,Yes,No,13,Yes,No,Fiber optic,No,No,Yes,No,Yes,Yes,Month-to-month,Yes,Electronic check,94.76,1237.45,Yes
0725-OZCZE,Male,0,No,Yes,51,Yes,No,DSL,No,Yes,No,No,No,No,Two year,No,Credit card (automatic),55.5,2556.47,No
1771-ROBDW,Female,0,No,No,4,Yes,Yes,DSL,Yes,No,No,No,Yes,Yes,Month-to-month,No,Electronic check,82.16,301.07,Yes
1581-CWQBZ,Female,0,No,No,42,Yes,Yes,No,No internet service,No internet service,No internet service,No internet service,No internet service,No internet service,One year,Yes,Electronic check,32.78,1299.24,No
1489-HHMGS,Male,0,No,No,47,Yes,Yes,No,No internet service,No internet service,No internet service,No internet service,No internet service,No internet service,One year,Yes,Credit card (automatic),31.8,1488.54,No
1159-TAFGT,Male,0,No,No,43,Yes,No,DSL,Yes,No,No,No,No,No,Two year,Yes,Mailed check,54.06,2149.77,Yes
0230-RNOLO,Male,0,No,Yes,46,Yes,Yes,Fiber optic,Yes,Yes,Yes,No,No,No,Two year,Yes,Bank transfer (automatic),95.59,4014.3,No
5069-EUQUZ,Male,0,No,No,2,Yes,No,DSL,No,No,No,No,No,No,Month-to-month,Yes,Mailed check,52.63,75.49,Yes
3114-MAWWK,Male,1,Yes,No,4,Yes,Yes,DSL,No,No,No,Yes,No,No,Month-to-month,Yes,Electronic check,58.41,193.81,Yes
2301-WLJRE,Male,0,Yes,Yes,41,Yes,Yes,DSL,Yes,No,Yes,Yes,No,No,One year,No,Electronic check,72.1,2877.3,No
4550-XPICR,Male,0,Yes,Yes,14,Yes,No,DSL,No,No,Yes,Yes,Yes,No,Two year,Yes,Credit card (automatic),73.23,1032.16,No
4589-JTCBM,Female,0,Yes,No,67,Yes,No,Fiber optic,Yes,No,Yes,No,Yes,Yes,One year,Yes,Electronic check,96.22,6163.26,Yes
2965-PYHVC,Male,0,Yes,No,3,Yes,No,Fiber optic,Yes,Yes,Yes,No,No,No,Month-to-month,Yes,Credit card (automatic),86.16,279.69,Yes
5033-PGTBZ,Male,0,Yes,No,24,Yes,No,DSL,No,Yes,No,No,No,No,Two year,Yes,Credit card (automatic),54.72,1224.05,No
2979-WJRCW,Male,0,No,No,0,Yes,No,No,No internet service,No internet service,No internet service,No internet service,No internet service,No internet service,Month-to-month,Yes,Credit card (automatic),25.6,,No
4364-COEPH,Female,0,Yes,No,18,Yes,No,Fiber optic,No,No,No,No,Yes,Yes,Month-to-month,Yes,Credit card (automatic),81.32,1511.69,No
3841-JJICU,Male,0,No,No,49,Yes,No,Fiber optic,No,No,Yes,No,No,No,Two year,Yes,Credit card (automatic),76.13,3351.13,Yes
5260-GHBMS,Male,0,Yes,Yes,66,Yes,No,Fiber optic,No,No,Yes,No,Yes,Yes,One year,Yes,Bank transfer (automatic),94.72,6073.45,No
0778-SOUMZ,Male,0,Yes,No,4,Yes,No,Fiber optic,No,No,No,No,No,Yes,Month-to-month,No,Mailed check,84.59,428.7,Yes
0347-GXUUW,Female,0,No,Yes,70,Yes,Yes,Fiber optic,Yes,Yes,Yes,No,No,No,Two year,Yes,Credit card (automatic),90.35,5870.55,No
1405-MSECR,Male,0,No,Yes,4,Yes,No,Fiber optic,No,No,No,Yes,Yes,No,Month-to-month,No,Electronic check,88.5,313.57,Yes
2676-UCNHM,Male,0,Yes,Yes,11,Yes,No,Fiber optic,Yes,Yes,Yes,No,Yes,No,Month-to-month,Yes,Credit card (automatic),92.3,1097.4,No
4306-FVSPZ,Female,1,No,No,17,Yes,Yes,DSL,No,No,Yes,Yes,No,Yes,Month-to-month,Yes,Bank transfer (automatic),76.78,1333.48,No
0083-WYRTK,Male,0,No,No,49,Yes,No,Fiber optic,No,Yes,No,Yes,No,Yes,One year,No,Mailed check,85.78,4062.11,Yes
3185-GNDXM,Male,0,No,Yes,14,Yes,Yes,DSL,No,Yes,Yes,Yes,No,No,One year,Yes,Electronic check,68.65,984.93,No
1990-VMABJ,Female,1,No,No,14,No,No phone service,DSL,Yes,No,Yes,Yes,No,No,Month-to-month,No,Mailed check,63.47,929.12,Yes
1311-WNEYB,Male,0,Yes,No,26,Yes,No,DSL,Yes,Yes,No,Yes,No,No,Month-to-month,Yes,Electronic check,62.43,1573.71,Yes
1040-QLUWI,Female,0,Yes,Yes,37,Yes,No,DSL,No,No,Yes,Yes,No,No,Two year,Yes,Credit card (automatic),63.58,2174.47,No
3921-HLUSF,Female,1,No,No,11,No,No phone service,No,No internet service,No internet service,No internet service,No internet service,No internet service,No internet service,Month-to-month,No,Bank transfer (automatic),19.68,199.57,No
4765-EHMOB,Male,0,Yes,Yes,72,Yes,No,DSL,No,Yes,No,Yes,No,No,Month-to-month,No,Credit card (automatic),62.16,4496.74,No
1760-XKMMC,Male,0,No,Yes,17,Yes,Yes,No,No internet service,No internet service,No internet service,No internet service,No internet service,No internet service,Two year,No,Mailed check,27.53,459.66,No
3922-IQYCX,Male,0,Yes,No,27,Yes,Yes,Fiber optic,No,No,Yes,Yes,Yes,No,Two year,Yes,Electronic check,99.4,2489.18,No
0932-NBNZF,Male,0,Yes,No,33,Yes,No,DSL,Yes,No,Yes,Yes,Yes,No,One year,Yes,Electronic check,73.12,2350.6,No
4161-FXJAJ,Male,0,Yes,Yes,16,Yes,No,DSL,Yes,No,Yes,Yes,Yes,No,Month-to-month,No,Bank transfer (automatic),76.43,1259.14,Yes
1115-WSDBT,Female,0,Yes,No,0,Yes,Yes,No,No internet service,No internet service,No internet service,No internet service,No internet service,No internet service,Month-to-month,No,Mailed check,34.78,,No
4065-QWMDM,Male,0,No,No,29,Yes,No,Fiber optic,Yes,No,No,No,No,No,One year,Yes,Mailed check,71.99,2071.34,No
0755-USBJK,Female,1,No,No,7,Yes,Yes,DSL,Yes,No,No,No,Yes,No,Month-to-month,No,Electronic check,71.56,449.12,Yes
4813-RTBYB,Male,0,Yes,No,15,Yes,Yes,Fiber optic,No,Yes,Yes,No,Yes,No,Month-to-month,Yes,Electronic check,86.19,1259.01,No
4392-USKXD,Female,1,No,No,58,Yes,No,DSL,Yes,Yes,No,Yes,No,No,Two year,Yes,Credit card (automatic),63.75,3435.05,No
1131-KIWPS,Male,0,No,No,22,Yes,Yes,No,No internet service,No internet service,No internet service,No internet service,No internet service,No internet service,One year,Yes,Mailed check,30.7,628.82,No
4968-QHZPI,Male,0,Yes,No,28,Yes,Yes,DSL,Yes,Yes,No,No,No,No,Two year,No,Bank transfer (automatic),65.11,1696.22,No
5191-HXYNQ,Male,0,No,Yes,8,Yes,No,Fiber optic,Yes,No,No,No,Yes,Yes,Month-to-month,No,Credit card (automatic),96.13,843.88,Yes
3731-KCIIF,Female,0,Yes,Yes,59,Yes,Yes,DSL,Yes,No,No,Yes,No,Yes,One year,No,Credit card (automatic),73.39,4216.41,No
0492-AUDLS,Female,0,No,No,68,Yes,No,Fiber optic,No,Yes,No,No,Yes,No,One year,Yes,Credit card (automatic),82.08,5549.73,No
2792-JTEKZ,Female,0,Yes,No,35,Yes,No,Fiber optic,No,No,Yes,No,Yes,No,Month-to-month,Yes,Mailed check,86.19,2978.69,Yes
4761-UQFXR,Female,1,Yes,No,31,Yes,Yes,Fiber optic,No,Yes,Yes,Yes,No,No,Month-to-month,No,Electronic check,92.93,2899.0,Yes
5159-FFKMS,Male,0,No,No,6,Yes,No,Fiber optic,Yes,Yes,No,Yes,No,Yes,Month-to-month,No,Mailed check,94.1,498.37,Yes
3990-OGHCN,Female,0,No,No,28,Yes,Yes,DSL,Yes,No,No,Yes,Yes,No,One year,Yes,Credit card (automatic),77.47,2171.47,No
1586-NFMDI,Female,0,No,No,72,Yes,No,No,No internet service,No internet service,No internet service,No internet service,No internet service,No internet service,Month-to-month,No,Electronic check,30.78,2229.99,No
2438-FXGKU,Female,0,Yes,No,48,Yes,No,No,No internet service,No internet service,No internet service,No internet service,No internet service,No internet service,Month-to-month,Yes,Mailed check,31.58,1493.45,No
3208-FLWOP,Female,0,No,Yes,16,Yes,Yes,No,No internet service,No internet service,No internet service,No internet service,No internet service,No internet service,Month-to-month,No,Credit card (automatic),34.55,587.79,No
5123-TVLSR,Male,0,No,Yes,8,Yes,No,DSL,Yes,No,Yes,No,No,No,Month-to-month,No,Electronic check,63.9,508.85,Yes
5086-RXZGA,Female,0,No,No,59,Yes,No,Fiber optic,Yes,No,No,No,Yes,No,One year,Yes,Electronic check,85.74,4962.31,Yes
2890-CDNHM,Female,0,No,Yes,6,Yes,Yes,Fiber optic,Yes,No,Yes,No,No,No,Month-to-month,Yes,Mailed check,86.48,645.92,No
1280-UDJJF,Female,0,Yes,No,6,Yes,Yes,Fiber optic,No,No,Yes,No,No,No,Month-to-month,Yes,Electronic check,84.85,437.22,Yes
0452-HTMRY,Female,0,Yes,No,0,Yes,No,DSL,No,No,Yes,No,Yes,No,Month-to-month,No,Electronic check,67.54,,Yes
2666-SPDJJ,Male,0,Yes,Yes,71,Yes,No,Fiber optic,Yes,No,Yes,No,No,No,One year,Yes,Electronic check,81.01,5608.79,No
4632-QOTEH,Male,0,Yes,No,72,Yes,No,No,No internet service,No internet service,No internet service,No internet service,No internet service,No internet service,Month-to-month,Yes,Electronic check,26.01,1883.82,Yes
2031-VKGXP,Female,1,Yes,Yes,51,Yes,No,Fiber optic,Yes,No,No,Yes,Yes,No,Two year,Yes,Bank transfer (automatic),89.54,4303.84,No
3591-YAGLS,Male,0,No,No,5,Yes,No,Fiber optic,Yes,Yes,Yes,No,Yes,Yes,Month-to-month,No,Credit card (automatic),100.96,435.38,Yes
4757-MOHJM,Male,0,Yes,No,4,Yes,No,DSL,No,Yes,No,Yes,Yes,No,Month-to-month,No,Mailed check,71.61,292.72,No
5096-EFBQA,Male,0,No,No,4,Yes,Yes,DSL,Yes,No,Yes,No,No,No,Month-to-month,Yes,Bank transfer (automatic),70.71,317.53,No
2729-UFHHJ,Female,0,Yes,Yes,20,Yes,Yes,DSL,No,Yes,Yes,No,No,Yes,Month-to-month,Yes,Electronic check,77.43,1550.11,Yes
2259-PWQPU,Female,0,Yes,No,29,Yes,Yes,DSL,No,No,No,No,No,Yes,Two year,No,Mailed check,61.34,1598.02,No
0726-KQKQJ,Male,0,Yes,No,15,No,No phone service,Fiber optic,Yes,No,No,Yes,Yes,No,Month-to-month,No,Credit card (automatic),84.96,1440.99,No
1562-QTSXM,Male,0,No,No,29,Yes,No,Fiber optic,Yes,No,No,No,No,No,Month-to-month,No,Credit card (automatic),85.18,2547.5,Yes
4376-CTJCB,Male,0,No,No,15,Yes,Yes,Fiber optic,No,No,Yes,Yes,Yes,Yes,Month-to-month,Yes,Credit card (automatic),104.77,1629.93,Yes
1775-GRBFV,Female,1,Yes,No,52,Yes,No,DSL,No,No,No,No,No,No,Month-to-month,No,Electronic check,52.38,2678.77,No
2487-DQLQA,Female,0,Yes,Yes,11,Yes,No,Fiber optic,Yes,No,No,No,No,No,Month-to-month,Yes,Electronic check,79.1,864.98,No
0562-DZKPH,Male,0,Yes,Yes,27,Yes,No,DSL,No,No,No,No,No,No,One year,Yes,Electronic check,46.76,1246.68,No
4222-NDZYH,Female,0,No,Yes,1,Yes,No,No,No internet service,No internet service,No internet service,No internet service,No internet service,No internet service,Month-to-month,No,Bank transfer (automatic),23.84,14.3,Yes
4086-RWKGM,Male,0,Yes,No,44,Yes,No,DSL,Yes,No,No,No,No,Yes,Two year,Yes,Mailed check,59.35,2393.63,No
1109-DROET,Female,0,No,No,48,Yes,Yes,DSL,Yes,No,No,Yes,Yes,No,Month-to-month,Yes,Bank transfer (automatic),77.06,3736.72,No
3496-RQWHJ,Female,1,No,No,2,Yes,Yes,DSL,No,No,Yes,No,No,No,Month-to-month,No,Credit card (automatic),61.65,81.29,Yes
0616-TWFVH,Male,0,No,No,44,Yes,Yes,DSL,No,No,Yes,No,No,Yes,One year,Yes,Electronic check,71.85,3008.61,No
2443-XCSGL,Female,0,No,Yes,53,Yes,No,Fiber optic,Yes,No,Yes,No,Yes,Yes,One year,Yes,Electronic check,93.42,4780.03,No
5089-PGUMF,Female,0,Yes,Yes,71,Yes,Yes,No,No internet service,No internet service,No internet service,No internet service,No internet service,No internet service,Two year,No,Mailed check,33.5,2257.09,No
1002-UJRPE,Male,0,No,No,21,Yes,No,No,No internet service,No internet service,No internet service,No internet service,No internet service,No internet service,Month-to-month,No,Mailed check,24.92,500.17,No
5209-OAVVR,Male,0,No,No,31,Yes,No,DSL,No,Yes,No,No,Yes,Yes,One year,Yes,Credit card (automatic),74.67,2296.61,Yes
4536-GDANJ,Male,0,No,No,17,Yes,No,DSL,No,No,Yes,No,No,No,Two year,No,Electronic check,59.85,955.72,Yes
1266-ZNEGV,Male,0,Yes,No,7,Yes,No,No,No internet service,No internet service,No internet service,No internet service,No internet service,No internet service,Month-to-month,Yes,Electronic check,19.66,113.44,No
4868-YPSQI,Female,1,No,Yes,15,Yes,No,DSL,No,Yes,Yes,Yes,Yes,No,One year,Yes,Credit card (automatic),74.16,904.69,Yes
0354-YIUIJ,Male,0,No,Yes,42,Yes,Yes,DSL,No,No,Yes,No,No,No,Two year,No,Bank transfer (automatic),66.6,2717.71,No
5240-XMYCM,Male,1,Yes,No,51,No,No phone service,DSL,Yes,Yes,Yes,Yes,No,Yes,Two year,No,Mailed check,74.72,3539.37,No
5061-LWOQR,Male,1,No,No,9,Yes,Yes,Fiber optic,No,No,Yes,No,Yes,No,Month-to-month,No,Mailed check,91.32,793.61,Yes
3685-GAUOP,Male,0,No,No,6,Yes,Yes,DSL,Yes,Yes,No,No,No,No,Month-to-month,Yes,Mailed check,65.05,362.88,No
1965-IOVOO,Female,0,Yes,Yes,6,Yes,No,Fiber optic,Yes,No,Yes,No,Yes,Yes,Month-to-month,Yes,Credit card (automatic),99.26,606.99,Yes
5118-LTKUN,Male,0,No,No,66,Yes,No,No,No internet service,No internet service,No internet service,No internet service,No internet service,No internet service,Month-to-month,Yes,Mailed check,27.1,1827.7,No
2799-MUIMH,Female,1,No,Yes,33,Yes,Yes,Fiber optic,Yes,No,No,No,No,No,Month-to-month,Yes,Mailed check,81.14,2569.99,Yes
2271-AILNK,Male,1,No,No,26,Yes,Yes,DSL,Yes,Yes,Yes,Yes,No,Yes,One year,Yes,Bank transfer (automatic),86.09,2218.11,No
3799-PTMDD,Male,1,No,No,25,Yes,Yes,DSL,No,Yes,Yes,No,Yes,No,Two year,Yes,Credit card (automatic),79.78,1805.54,No
2088-ARGKY,Female,0,No,No,50,Yes,Yes,DSL,No,No,Yes,No,Yes,Yes,One year,Yes,Mailed check,83.52,3931.7,No
2959-XWXPF,Female,0,No,No,0,Yes,Yes,Fiber optic,Yes,No,No,No,No,No,Month-to-month,Yes,Electronic check,82.32,,No
4973-FLGLU,Male,0,No,No,68,Yes,No,Fiber optic,No,No,Yes,No,Yes,Yes,One year,No,Electronic check,96.85,6339.13,No
0690-BYJQR,Male,0,Yes,No,24,Yes,Yes,Fiber optic,No,Yes,Yes,No,Yes,No,One year,No,Electronic check,96.89,2135.69,No
1000-PRLWT,Female,0,No,No,36,Yes,No,Fiber optic,Yes,No,No,Yes,Yes,Yes,One year,No,Electronic check,95.82,3218.16,No
0226-ZAREL,Male,0,No,No,72,Yes,Yes,Fiber optic,No,No,Yes,No,Yes,No,Month-to-month,No,Mailed check,96.27,6945.93,Yes
1572-ROAOY,Male,0,Yes,No,11,Yes,No,DSL,No,Yes,No,Yes,No,Yes,Month-to-month,Yes,Credit card (automatic),62.34,625.36,No
3997-DDZLV,Female,0,No,No,18,Yes,No,Fiber optic,No,No,Yes,No,Yes,Yes,Month-to-month,Yes,Bank transfer (automatic),93.19,1747.56,Yes
0902-NULJS,Male,0,Yes,No,8,Yes,No,Fiber optic,No,No,Yes,No,Yes,No,Month-to-month,Yes,Mailed check,88.28,686.18,No
1241-VAOQB,Male,0,No,No,54,Yes,No,DSL,No,No,Yes,Yes,No,No,Two year,No,Mailed check,61.7,3170.02,No
0459-VUOYI,Female,1,Yes,No,5,Yes,Yes,Fiber optic,No,No,Yes,No,No,Yes,Month-to-month,No,Electronic check,90.0,456.92,Yes
2470-DNVQA,Male,1,Yes,No,41,Yes,No,No,No internet service,No internet service,No internet service,No internet service,No internet service,No internet service,Two year,Yes,Mailed check,21.74,812.01,No
3276-YHQNS,Female,0,Yes,No,37,Yes,No,Fiber optic,No,Yes,Yes,Yes,No,No,One year,Yes,Electronic check,82.45,2852.68,No
1741-SADZH,Male,0,Yes,No,31,Yes,Yes,Fiber optic,No,Yes,Yes,No,No,No,Two year,No,Bank transfer (automatic),90.03,2501.76,No
3335-QQBQG,Male,0,No,No,12,Yes,No,Fiber optic,Yes,No,Yes,No,No,No,One year,Yes,Electronic check,84.58,865.25,No
3373-QWGOO,Female,0,Yes,No,16,Yes,Yes,Fiber optic,Yes,No,Yes,Yes,No,No,Month-to-month,Yes,Bank transfer (automatic),86.51,1338.18,No
2730-GBZNF,Male,1,No,No,11,Yes,No,Fiber optic,Yes,No,No,No,Yes,Yes,Month-to-month,Yes,Electronic check,100.05,1198.61,Yes
3880-RBOAD,Female,0,Yes,No,37,Yes,Yes,Fiber optic,No,No,Yes,Yes,No,No,Two year,Yes,Mailed check,92.48,3289.34,No
1512-WOHLL,Female,0,No,No,10,Yes,Yes,DSL,No,No,No,Yes,Yes,No,Month-to-month,Yes,Mailed check,67.75,714.08,Yes
3532-IJRXD,Female,0,No,No,0,Yes,No,No,No internet service,No internet service,No internet service,No internet service,No internet service,No internet service,Month-to-month,Yes,Bank transfer (automatic),27.85,,No
1324-KOZWK,Female,0,No,No,50,Yes,Yes,Fiber optic,No,Yes,No,Yes,No,No,Two year,No,Mailed check,89.71,4212.71,No
4195-HVSFK,Female,0,Yes,No,22,Yes,No,DSL,Yes,No,No,Yes,Yes,No,Month-to-month,No,Bank transfer (automatic),68.15,1505.07,No
3036-ZRUUK,Male,0,No,No,65,Yes,No,Fiber optic,No,No,No,No,No,No,Two year,Yes,Electronic check,70.55,4268.62,No
4455-BDSVV,Male,1,Yes,No,0,Yes,Yes,Fiber optic,Yes,No,Yes,Yes,Yes,No,Month-to-month,Yes,Electronic check,100.13,,Yes
0235-GYVMQ,Female,1,No,No,10,Yes,No,Fiber optic,No,Yes,Yes,No,No,Yes,Month-to-month,No,Credit card (automatic),88.22,967.41,Yes
1466-KIEXV,Female,0,Yes,No,21,Yes,Yes,DSL,No,No,Yes,No,Yes,Yes,Month-to-month,Yes,Electronic check,81.91,1679.18,Yes
4912-DIQJY,Female,0,No,No,18,Yes,Yes,No,No internet service,No internet service,No internet service,No internet service,No internet service,No internet service,Two year,No,Electronic check,35.08,584.76,No
4545-HZKWI,Female,0,No,No,2,Yes,No,Fiber optic,No,No,No,Yes,No,No,Month-to-month,Yes,Mailed check,77.43,169.29,Yes
0754-HGXQF,Male,1,No,No,20,Yes,No,Fiber optic,No,No,No,No,No,No,Month-to-month,Yes,Electronic check,71.03,1441.18,Yes
2753-JSCHC,Female,0,Yes,No,25,Yes,No,Fiber optic,Yes,No,Yes,No,No,Yes,Month-to-month,No,Credit card (automatic),84.23,2108.13,Yes
0095-ERUXP,Male,0,Yes,No,16,Yes,No,Fiber optic,Yes,Yes,No,No,No,Yes,Two year,Yes,Mailed check,88.1,1360.38,No
0027-GOEKR,Male,0,Yes,No,17,Yes,Yes,No,No internet service,No internet service,No internet service,No internet service,No internet service,No internet service,Month-to-month,Yes,Bank transfer (automatic),30.91,511.8,Yes
3090-TUCSD,Male,1,No,Yes,3,Yes,No,Fiber optic,Yes,No,Yes,No,No,Yes,Month-to-month,Yes,Electronic check,89.25,277.93,Yes
0076-NVLNL,Male,0,No,No,45,Yes,Yes,Fiber optic,Yes,No,No,No,Yes,Yes,Two year,Yes,Electronic check,104.59,4407.7,Yes
3572-TZWUI,Male,0,No,Yes,7,Yes,Yes,Fiber optic,Yes,Yes,No,No,No,No,Month-to-month,No,Electronic check,92.81,702.73,Yes
1571-ICTJR,Male,0,Yes,No,50,Yes,No,Fiber optic,No,Yes,No,No,Yes,No,Two year,Yes,Electronic check,79.08,3616.97,No
5060-DNICY,Female,1,No,Yes,17,Yes,No,No,No internet service,No internet service,No internet service,No internet service,No internet service,No internet service,Month-to-month,No,Credit card (automatic),30.05,482.91,No
4661-LNQFG,Male,0,No,No,29,No,No phone service,Fiber optic,No,Yes,Yes,No,Yes,No,Two year,Yes,Electronic check,77.13,2087.11,No
0040-ROZJK,Male,1,No,Yes,22,No,No phone service,Fiber optic,No,Yes,Yes,Yes,Yes,Yes,Month-to-month,No,Electronic check,93.77,2121.95,Yes
4076-CINTK,Female,0,No,Yes,16,Yes,No,Fiber optic,No,No,Yes,No,No,No,Month-to-month,Yes,Electronic check,75.83,1198.6,Yes
1479-OCKHT,Female,1,Yes,No,43,No,No phone service,No,No internet service,No internet service,No internet service,No internet service,No internet service,No internet service,Month-to-month,Yes,Electronic check,19.67,842.09,Yes
3430-LVPSO,Male,0,No,No,23,Yes,No,DSL,Yes,No,No,No,Yes,Yes,Month-to-month,Yes,Electronic check,71.65,1677.66,Yes
2242-MRCYY,Female,0,No,No,57,Yes,Yes,DSL,No,Yes,Yes,No,No,Yes,One year,No,Mailed check,78.13,4358.58,No
0523-KADWU,Female,0,Yes,No,17,Yes,Yes,Fiber optic,No,No,No,No,Yes,No,One year,Yes,Electronic check,80.82,1354.29,Yes
0657-ULJVO,Male,0,No,Yes,15,Yes,Yes,Fiber optic,No,No,No,No,No,No,Month-to-month,Yes,Mailed check,75.72,1056.88,Yes
3318-LXILQ,Female,0,Yes,No,45,Yes,Yes,Fiber optic,Yes,No,No,No,No,Yes,One year,No,Electronic check,90.4,3850.58,Yes
2978-OUKIB,Male,0,Yes,No,17,Yes,Yes,No,No internet service,No internet service,No internet service,No internet service,No internet service,No internet service,Month-to-month,No,Bank transfer (automatic),34.44,551.41,Yes
2291-FUALS,Female,0,No,No,67,Yes,Yes,DSL,No,No,No,No,No,Yes,Two year,Yes,Mailed check,62.22,3913.87,No
4353-XWHRQ,Male,0,No,No,0,Yes,No,Fiber optic,No,Yes,Yes,Yes,No,Yes,Month-to-month,Yes,Electronic check,96.93,,Yes
4436-QURDF,Female,1,Yes,No,18,Yes,No,No,No internet service,No internet service,No internet service,No internet service,No internet service,No internet service,Month-to-month,Yes,Credit card (automatic),27.94,521.38,No
0824-XVCFN,Female,0,No,No,14,Yes,Yes,No,No internet service,No internet service,No internet service,No internet service,No internet service,No internet service,Month-to-month,Yes,Electronic check,32.57,487.78,No
1534-DJLEJ,Female,0,Yes,No,11,Yes,Yes,Fiber optic,No,No,Yes,No,No,Yes,Month-to-month,Yes,Electronic check,90.05,1039.54,Yes
4866-WFVIH,Male,0,No,No,18,Yes,Yes,DSL,No,No,Yes,Yes,No,Yes,Month-to-month,No,Mailed check,76.45,1479.09,No
0132-XVAFZ,Male,1,Yes,No,41,Yes,No,DSL,Yes,Yes,No,No,No,No,Month-to-month,Yes,Bank transfer (automatic),67.17,2887.44,Yes
4466-EPAVJ,Male,0,Yes,No,62,Yes,No,DSL,No,No,No,No,Yes,No,Two year,Yes,Mailed check,62.41,3567.31,No
4732-VPBMD,Female,0,No,No,9,Yes,Yes,DSL,No,No,Yes,No,No,Yes,Month-to-month,Yes,Bank transfer (automatic),71.76,602.78,No
4587-MLIRO,Male,0,No,Yes,19,Yes,No,DSL,No,No,No,Yes,Yes,Yes,Month-to-month,Yes,Electronic check,70.9,1392.78,No
1958-AKKWU,Female,0,No,No,8,Yes,No,Fiber optic,No,Yes,Yes,No,Yes,No,One year,No,Electronic check,89.04,712.56,Yes
5254-GVWKP,Male,0,Yes,Yes,25,Yes,No,DSL,No,Yes,No,No,No,No,Month-to-month,Yes,Electronic check,51.83,1323.65,No
1826-CYQED,Female,0,No,No,38,Yes,Yes,Fiber optic,No,No,Yes,Yes,Yes,No,Two year,No,Mailed check,95.15,3277.55,Yes
0010-GRIGD,Female,1,No,No,22,Yes,No,DSL,Yes,No,Yes,No,No,No,Two year,Yes,Electronic check,56.18,1117.56,No
1267-GOLDG,Female,0,No,Yes,13,No,No phone service,DSL,No,Yes,Yes,No,Yes,Yes,Two year,Yes,Electronic check,79.9,999.55,Yes
5285-VPVWD,Female,0,Yes,Yes,5,Yes,No,DSL,No,Yes,No,No,No,No,Month-to-month,No,Credit card (automatic),53.42,250.38,No
0656-UMNAU,Female,0,Yes,Yes,36,Yes,Yes,No,No internet service,No internet service,No internet service,No internet service,No internet service,No internet service,Month-to-month,Yes,Electronic check,33.06,1145.09,No
5098-QGNTU,Male,0,Yes,Yes,21,Yes,Yes,DSL,Yes,No,No,No,Yes,No,Two year,No,Electronic check,74.74,1435.73,No
1392-TNIPY,Male,0,Yes,No,55,Yes,Yes,No,No internet service,No internet service,No internet service,No internet service,No internet service,No internet service,One year,No,Mailed check,30.38,1606.93,No
3340-SGFYE,Male,0,No,No,38,Yes,Yes,DSL,No,No,No,No,No,Yes,Month-to-month,Yes,Credit card (automatic),68.41,2635.89,Yes
3607-GRFUW,Male,0,Yes,No,34,No,No phone service,Fiber optic,Yes,Yes,No,Yes,No,No,Month-to-month,Yes,Bank transfer (automatic),79.42,2722.3,No
0797-XGCXS,Male,0,Yes,No,18,Yes,Yes,No,No internet service,No internet service,No internet service,No internet service,No internet service,No internet service,One year,No,Electronic check,30.86,523.52,No
4561-QOUUR,Male,0,No,No,7,Yes,Yes,Fiber optic,No,No,No,No,Yes,No,Month-to-month,Yes,Credit card (automatic),84.56,590.67,Yes
4084-VMSCZ,Male,0,Yes,No,58,Yes,Yes,Fiber optic,No,Yes,No,No,No,No,Two year,No,Credit card (automatic),86.26,4671.93,No
3164-UJFKL,Female,0,No,No,9,Yes,Yes,No,No internet service,No internet service,No internet service,No internet service,No internet service,No internet service,Month-to-month,Yes,Electronic check,36.56,325.95,Yes
3305-UTLPS,Female,1,Yes,Yes,17,Yes,No,No,No internet service,No internet service,No internet service,No internet service,No internet service,No internet service,Month-to-month,No,Electronic check,30.94,544.5,No
4899-SPEME,Female,0,No,No,15,Yes,Yes,Fiber optic,No,No,No,No,Yes,Yes,Month-to-month,Yes,Mailed check,91.65,1297.04,Yes
4463-PRKSV,Female,0,Yes,No,20,Yes,No,DSL,Yes,Yes,No,No,Yes,No,One year,No,Credit card (automatic),67.31,1269.6,No
4324-GFHCY,Male,1,Yes,Yes,51,No,No phone service,Fiber optic,No,Yes,No,Yes,Yes,No,Two year,No,Mailed check,86.08,4059.55,No
2913-MEUDV,Female,1,Yes,No,50,Yes,No,No,No internet service,No internet service,No internet service,No internet service,No internet service,No internet service,Two year,Yes,Credit card (automatic),22.81,1070.87,No
3761-SJAOE,Female,1,Yes,No,39,Yes,No,DSL,No,Yes,Yes,Yes,Yes,No,Two year,Yes,Mailed check,75.46,2848.33,No
1857-FEJIN,Female,0,No,Yes,36,Yes,Yes,Fiber optic,No,Yes,Yes,Yes,Yes,Yes,One year,No,Credit card (automatic),107.36,3845.69,No
0671-BSGMG,Male,0,Yes,No,9,Yes,Yes,DSL,Yes,No,No,No,No,Yes,Month-to-month,Yes,Credit card (automatic),71.97,629.83,No
4665-JOXXQ,Male,0,No,No,50,Yes,Yes,DSL,No,Yes,Yes,Yes,Yes,Yes,One year,No,Mailed check,87.82,4372.44,No
2617-IEUIB,Male,0,Yes,No,27,Yes,Yes,No,No internet service,No internet service,No internet service,No internet service,No internet service,No internet service,One year,No,Credit card (automatic),29.53,760.46,No
1896-OJCLO,Male,0,Yes,No,16,Yes,Yes,DSL,Yes,Yes,No,Yes,Yes,Yes,Month-to-month,Yes,Credit card (automatic),93.07,1483.34,No
2568-DLIFW,Male,0,Yes,No,1,Yes,No,Fiber optic,No,Yes,No,No,No,Yes,Month-to-month,No,Mailed check,81.16,48.7,Yes
0983-JHHGH,Female,0,Yes,No,7,Yes,No,No,No internet service,No internet service,No internet service,No internet service,No internet service,No internet service,Month-to-month,No,Credit card (automatic),26.17,180.89,No
0426-KVRBV,Male,0,No,Yes,53,Yes,No,No,No internet service,No internet service,No internet service,No internet service,No internet service,No internet service,Two year,Yes,Bank transfer (automatic),28.81,1402.94,No
1980-VFRDE,Female,0,No,No,53,Yes,No,DSL,No,Yes,No,No,Yes,No,Two year,Yes,Electronic check,66.05,3212.37,No
3096-SVCOU,Female,0,Yes,No,13,Yes,Yes,No,No internet service,No internet service,No internet service,No internet service,No internet service,No internet service,Two year,No,Credit card (automatic),32.25,370.89,No
0924-MEXNO,Male,1,No,No,34,Yes,Yes,Fiber optic,No,Yes,Yes,No,No,Yes,Month-to-month,Yes,Credit card (automatic),94.76,3268.33,Yes
0685-XIFZL,Male,0,Yes,No,0,Yes,No,Fiber optic,No,No,No,No,No,Yes,Month-to-month,No,Bank transfer (automatic),84.29,,No
1808-PEEEU,Female,1,No,Yes,56,Yes,No,Fiber optic,Yes,No,No,Yes,Yes,No,Two year,Yes,Electronic check,89.47,4659.77,Yes
2480-SQXOY,Male,1,No,No,19,Yes,Yes,DSL,Yes,No,No,No,Yes,No,Month-to-month,No,Bank transfer (automatic),75.1,1456.36,Yes
3100-QIRIY,Male,0,Yes,No,39,Yes,No,No,No internet service,No internet service,No internet service,No internet service,No internet service,No internet service,Two year,Yes,Electronic check,27.72,1011.89,No
0474-TEOWQ,Female,1,No,No,38,Yes,Yes,No,No internet service,No internet service,No internet service,No internet service,No internet service,No internet service,One year,Yes,Bank transfer (automatic),30.48,1106.44,No
5276-LUKCF,Female,1,Yes,No,43,Yes,Yes,DSL,No,No,Yes,Yes,Yes,No,Month-to-month,Yes,Mailed check,75.13,3206.65,No
1893-SMHVY,Male,1,No,No,11,Yes,Yes,Fiber optic,Yes,No,No,No,No,Yes,Month-to-month,Yes,Electronic check,90.03,909.53,Yes
0322-WZOIR,Male,0,Yes,No,26,Yes,Yes,No,No internet service,No internet service,No internet service,No internet service,No internet service,No internet service,Month-to-month,Yes,Mailed check,30.28,732.94,No
0694-ZMUQX,Female,1,Yes,No,19,Yes,No,DSL,Yes,Yes,Yes,No,Yes,No,Two year,No,Mailed check,77.5,1320.04,No
0165-QMZXW,Male,0,No,Yes,5,Yes,Yes,No,No internet service,No internet service,No internet service,No internet service,No internet service,No internet service,Month-to-month,No,Bank transfer (automatic),28.65,117.7,No
2668-MMSXO,Male,0,Yes,No,2,Yes,Yes,Fiber optic,Yes,Yes,No,No,No,Yes,Month-to-month,Yes,Bank transfer (automatic),101.31,113.99,Yes
3161-VZLXH,Male,0,No,No,11,Yes,Yes,Fiber optic,No,No,Yes,Yes,No,No,Month-to-month,Yes,Credit card (automatic),92.97,924.27,Yes
2421-IGFDR,Male,0,Yes,No,2,Yes,No,DSL,No,No,No,No,No,No,Month-to-month,Yes,Bank transfer (automatic),48.98,104.33,No
0417-GDQMS,Female,0,No,No,63,No,No phone service,Fiber optic,Yes,Yes,No,No,Yes,No,One year,No,Electronic check,86.32,5342.14,No
1468-REQMY,Female,0,Yes,No,3,Yes,Yes,Fiber optic,No,No,Yes,No,No,No,Month-to-month,Yes,Mailed check,76.94,253.92,Yes
2818-XRLYJ,Female,0,Yes,Yes,21,Yes,Yes,DSL,Yes,Yes,Yes,No,No,No,Month-to-month,Yes,Electronic check,70.38,1458.88,No
1538-NFXXT,Male,0,No,Yes,35,Yes,No,DSL,No,Yes,Yes,No,Yes,Yes,Two year,No,Bank transfer (automatic),84.03,2597.19,No
0272-XBQSR,Female,0,Yes,No,72,Yes,Yes,No,No internet service,No internet service,No internet service,No internet service,No internet service,No internet service,One year,Yes,Electronic check,29.36,2052.49,No
4186-BYHFW,Male,1,No,No,17,Yes,No,DSL,Yes,No,No,No,No,Yes,Month-to-month,Yes,Bank transfer (automatic),63.4,1035.06,Yes
4060-AXWWD,Male,1,Yes,No,47,Yes,No,Fiber optic,No,No,Yes,Yes,No,No,One year,No,Mailed check,79.64,3608.87,No
4239-MRMJJ,Male,1,No,Yes,18,No,No phone service,DSL,Yes,No,No,No,Yes,Yes,Month-to-month,Yes,Electronic check,67.34,1205.3,Yes
3260-ZTAPP,Male,0,Yes,Yes,14,Yes,Yes,Fiber optic,No,No,Yes,No,Yes,Yes,Month-to-month,Yes,Electronic check,104.66,1443.43,No
4828-SINBF,Male,0,No,No,40,Yes,No,Fiber optic,No,Yes,No,No,Yes,Yes,Month-to-month,No,Electronic check,90.9,3622.33,No
1500-XHMZT,Male,1,No,No,57,Yes,No,Fiber optic,Yes,Yes,No,No,No,No,Month-to-month,No,Mailed check,77.05,4343.05,Yes
4454-TVDDD,Male,0,No,Yes,9,Yes,Yes,Fiber optic,No,No,Yes,No,Yes,No,Month-to-month,Yes,Electronic check,94.12,686.09,No
1723-KFNFG,Female,0,Yes,No,5,Yes,No,Fiber optic,No,Yes,No,Yes,No,Yes,Month-to-month,Yes,Electronic check,86.64,446.78,Yes
2566-DLTAV,Male,0,No,Yes,29,Yes,No,DSL,Yes,No,No,Yes,No,No,Month-to-month,No,Credit card (automatic),56.2,1496.96,No
2941-ZGSXP,Male,0,No,No,9,Yes,Yes,DSL,No,Yes,No,No,No,No,Month-to-month,No,Bank transfer (automatic),60.95,538.39,Yes
4747-JCNCK,Male,1,Yes,No,28,Yes,No,DSL,No,Yes,No,No,No,Yes,Two year,Yes,Credit card (automatic),65.76,1626.76,No
2307-YWPZS,Male,0,Yes,Yes,7,Yes,No,Fiber optic,Yes,No,No,Yes,No,Yes,Month-to-month,Yes,Credit card (automatic),89.5,650.8,No
0289-TGPRA,Male,0,No,No,21,Yes,Yes,DSL,No,Yes,Yes,No,Yes,Yes,One year,No,Electronic check,83.81,1630.12,Yes
1834-PNJFC,Female,0,No,Yes,23,Yes,No,Fiber optic,Yes,Yes,No,No,No,Yes,Month-to-month,No,Bank transfer (automatic),86.16,2074.33,Yes
1687-CUPNK,Female,0,Yes,Yes,27,Yes,Yes,DSL,Yes,No,No,Yes,Yes,No,Month-to-month,Yes,Electronic check,75.1,2052.98,Yes
0037-TCHTE,Male,0,No,No,61,Yes,Yes,Fiber optic,No,No,No,No,No,No,Two year,No,Bank transfer (automatic),75.79,4275.91,No
4637-SFGVW,Female,1,No,No,44,Yes,Yes,DSL,Yes,Yes,No,No,Yes,Yes,One year,Yes,Electronic check,87.0,3735.29,Yes
1904-IVWBC,Male,0,Yes,Yes,7,No,No phone service,Fiber optic,No,Yes,No,Yes,No,Yes,Month-to-month,No,Credit card (automatic),79.53,529.66,Yes
3589-JCWTB,Female,0,Yes,No,28,No,No phone service,No,No internet service,No internet service,No internet service,No internet service,No internet service,No internet service,Two year,Yes,Credit card (automatic),18.0,442.16,No
5064-LQQOI,Female,0,Yes,No,4,Yes,No,Fiber optic,Yes,Yes,Yes,No,No,No,Month-to-month,Yes,Mailed check,83.3,464.36,No
3808-GYFMV,Male,0,No,Yes,68,Yes,Yes,DSL,Yes,No,Yes,No,Yes,No,One year,No,Electronic check,83.7,5306.42,No
1270-JPITK,Female,0,No,No,12,Yes,Yes,Fiber optic,No,Yes,No,No,Yes,No,Month-to-month,Yes,Mailed check,90.33,1051.72,Yes
2538-RDJTJ,Male,0,Yes,Yes,37,No,No phone service,Fiber optic,Yes,No,No,Yes,Yes,Yes,One year,No,Electronic check,92.82,3349.17,No
4686-FKIJU,Male,0,Yes,Yes,6,Yes,No,No,No internet service,No internet service,No internet service,No internet service,No internet service,No internet service,Month-to-month,Yes,Credit card (automatic),28.83,177.61,No
1114-NWBER,Female,0,No,No,22,Yes,No,Fiber optic,No,No,Yes,Yes,No,Yes,Month-to-month,No,Electronic check,86.9,1818.07,No
1404-IMLPC,Male,1,Yes,No,25,Yes,No,DSL,No,No,No,Yes,No,No,Month-to-month,Yes,Mailed check,51.51,1275.87,No
3553-WYVIM,Female,0,Yes,Yes,39,Yes,Yes,No,No internet service,No internet service,No internet service,No internet service,No internet service,No internet service,Month-to-month,No,Mailed check,31.8,1205.52,No
1742-NPVPV,Male,0,Yes,No,6,Yes,No,DSL,No,No,No,Yes,No,Yes,Month-to-month,Yes,Credit card (automatic),70.25,494.15,No
4770-KUAMV,Male,1,Yes,No,17,Yes,No,DSL,Yes,No,Yes,No,No,No,Two year,Yes,Electronic check,56.66,963.02,No
5214-YLJUC,Female,0,Yes,Yes,18,Yes,Yes,Fiber optic,No,No,No,No,No,Yes,Month-to-month,Yes,Mailed check,81.44,1473.72,No
3449-SYLPR,Female,1,No,No,25,Yes,No,Fiber optic,No,No,Yes,Yes,Yes,Yes,Two year,No,Bank transfer (automatic),101.53,2428.11,No
1153-DLXVO,Female,0,Yes,No,52,Yes,Yes,DSL,Yes,No,No,No,No,Yes,Two year,Yes,Mailed check,72.54,3504.4,No
4650-AJXEO,Female,0,No,Yes,3,Yes,Yes,Fiber optic,No,No,Yes,Yes,Yes,No,Month-to-month,Yes,Electronic check,95.99,331.9,Yes
4551-NWWDU,Male,1,Yes,Yes,23,Yes,Yes,No,No internet service,No internet service,No internet service,No internet service,No internet service,No internet service,Month-to-month,No,Electronic check,33.28,759.71,Yes
3855-BDERC,Male,0,No,Yes,61,Yes,No,No,No internet service,No internet service,No internet service,No internet service,No internet service,No internet service,Month-to-month,No,Mailed check,28.6,1774.1,No
0374-QWSBM,Male,0,Yes,No,17,Yes,No,Fiber optic,No,Yes,No,No,Yes,No,Month-to-month,Yes,Electronic check,84.98,1338.04,Yes
1621-QNHOG,Female,0,Yes,Yes,1,Yes,Yes,Fiber optic,No,No,No,No,No,No,Month-to-month,No,Credit card (automatic),77.68,185.37,No
2069-LBMSV,Male,0,No,No,22,Yes,Yes,DSL,Yes,No,No,Yes,Yes,Yes,Month-to-month,Yes,Mailed check,89.85,2054.88,No
5288-WRRJC,Female,0,Yes,No,53,Yes,Yes,DSL,No,No,Yes,Yes,No,No,Two year,No,Electronic check,67.35,3213.44,No
4606-RXSYZ,Male,0,Yes,Yes,24,Yes,No,Fiber optic,Yes,No,No,No,Yes,Yes,One year,Yes,Bank transfer (automatic),92.17,2245.11,No
3458-FDPXO,Female,1,Yes,No,13,Yes,Yes,DSL,No,No,Yes,No,No,No,Month-to-month,No,Electronic check,65.23,835.4,No
0520-OKRKP,Male,0,No,No,64,Yes,Yes,DSL,No,Yes,Yes,Yes,No,No,Two year,Yes,Electronic check,71.82,4224.49,No
2773-CQNRD,Male,0,No,Yes,67,Yes,No,No,No internet service,No internet service,No internet service,No internet service,No internet service,No internet service,Two year,Yes,Bank transfer (automatic),24.27,1496.7,No
1583-EZABC,Female,0,Yes,No,26,Yes,Yes,No,No internet service,No internet service,No internet service,No internet service,No internet service,No internet service,Month-to-month,Yes,Bank transfer (automatic),27.81,727.54,No
4145-ZHALY,Female,0,Yes,No,43,Yes,Yes,DSL,Yes,Yes,No,Yes,No,No,Month-to-month,No,Mailed check,76.13,3368.43,No
1840-NKLBM,Female,1,Yes,No,61,Yes,Yes,Fiber optic,No,No,No,Yes,Yes,Yes,Month-to-month,Yes,Electronic check,102.72,6279.03,Yes
1165-ZLKUP,Male,1,No,Yes,32,Yes,No,DSL,No,Yes,No,No,Yes,No,Month-to-month,No,Electronic check,64.19,2012.35,Yes
1729-IKBHW,Female,0,No,No,36,Yes,Yes,Fiber optic,Yes,Yes,Yes,No,Yes,Yes,Two year,Yes,Credit card (automatic),109.52,3736.24,Yes
2755-VYWJM,Female,0,No,No,27,Yes,Yes,DSL,Yes,Yes,No,Yes,Yes,No,Month-to-month,Yes,Mailed check,82.44,2193.06,No
4645-CVARC,Male,0,No,No,4,Yes,No,Fiber optic,No,No,Yes,No,No,Yes,Month-to-month,No,Electronic check,83.93,154.19,Yes
3802-ETUAW,Female,0,Yes,No,15,Yes,No,Fiber optic,Yes,No,Yes,No,No,Yes,One year,Yes,Electronic check,88.09,1354.03,No
1897-WHSNC,Male,0,Yes,No,17,Yes,Yes,Fiber optic,No,Yes,Yes,Yes,No,No,Month-to-month,Yes,Credit card (automatic),90.57,1524.34,Yes
3671-FKPGN,Male,0,No,Yes,7,Yes,No,DSL,Yes,Yes,No,No,No,Yes,Month-to-month,Yes,Electronic check,65.36,406.31,No
5127-SWOJD,Female,0,Yes,Yes,54,Yes,No,DSL,Yes,No,Yes,Yes,Yes,Yes,Two year,No,Credit card (automatic),84.6,4200.58,No
0217-SUMKS,Male,0,Yes,No,19,Yes,Yes,DSL,Yes,No,No,Yes,No,No,Month-to-month,Yes,Electronic check,66.17,1276.51,Yes
4922-ZCFAZ,Female,0,No,No,19,Yes,No,Fiber optic,No,Yes,Yes,No,Yes,No,Month-to-month,No,Bank transfer (automatic),85.47,1631.12,Yes
2819-QLVYT,Female,0,Yes,No,60,Yes,Yes,DSL,Yes,No,No,No,No,Yes,Two year,Yes,Credit card (automatic),66.18,3639.33,No
1598-OAFLA,Male,0,Yes,No,22,Yes,No,DSL,No,Yes,No,Yes,No,Yes,Two year,No,Credit card (automatic),69.55,1402.71,No
1070-HAXGH,Female,0,Yes,Yes,72,Yes,Yes,No,No internet service,No internet service,No internet service,No internet service,No internet service,No internet service,Month-to-month,Yes,Bank transfer (automatic),29.13,2099.82,No
3557-FDGXN,Female,1,No,No,29,Yes,No,Fiber optic,No,No,No,No,Yes,Yes,Month-to-month,Yes,Mailed check,90.5,2695.02,Yes
3935-EUUOO,Male,0,No,No,60,Yes,Yes,No,No internet service,No internet service,No internet service,No internet service,No internet service,No internet service,One year,No,Credit card (automatic),31.72,1906.25,No
0456-IFJFZ,Female,0,No,No,17,Yes,No,Fiber optic,No,No,No,Yes,No,No,One year,No,Bank transfer (automatic),78.24,1274.43,Yes
2074-ZIXFT,Female,1,No,No,59,Yes,Yes,No,No internet service,No internet service,No internet service,No internet service,No internet service,No internet service,Two year,Yes,Electronic check,31.98,1760.8,No
4218-ZUQSC,Female,0,No,No,32,No,No phone service,Fiber optic,Yes,No,No,No,No,Yes,Month-to-month,No,Electronic check,77.21,2504.46,Yes
3998-WYCKN,Female,1,Yes,No,6,Yes,No,Fiber optic,No,Yes,No,Yes,No,No,Month-to-month,No,Credit card (automatic),78.24,454.65,Yes
3906-GTHBN,Male,1,Yes,Yes,13,No,No phone service,DSL,No,Yes,Yes,Yes,Yes,Yes,Month-to-month,No,Bank transfer (automatic),82.5,1136.78,No
0958-OWMHZ,Female,1,Yes,No,56,Yes,Yes,DSL,No,No,Yes,Yes,Yes,No,Two year,No,Mailed check,76.63,4004.49,No
4300-AQCHI,Female,0,No,Yes,9,Yes,Yes,Fiber optic,Yes,No,No,No,Yes,Yes,One year,Yes,Credit card (automatic),101.52,904.42,No
1773-VANXJ,Female,0,No,No,10,Yes,No,No,No internet service,No internet service,No internet service,No internet service,No internet service,No internet service,Month-to-month,No,Electronic check,26.74,249.19,No
2658-WQGWI,Male,0,No,Yes,14,Yes,No,DSL,Yes,Yes,No,No,Yes,No,Month-to-month,Yes,Electronic check,69.12,990.03,Yes
4572-BDYWK,Female,0,Yes,No,2,Yes,No,Fiber optic,No,Yes,No,No,No,No,Month-to-month,No,Electronic check,72.17,220.73,No
3858-EQODV,Female,0,Yes,No,4,Yes,No,No,No internet service,No internet service,No internet service,No internet service,No internet service,No internet service,Month-to-month,Yes,Credit card (automatic),27.31,108.96,Yes
4772-OOPVF,Male,0,No,No,64,Yes,No,No,No internet service,No internet service,No internet service,No internet service,No internet service,No internet service,One year,Yes,Mailed check,19.14,1175.99,No
4445-DTAGI,Female,0,Yes,No,1,Yes,No,Fiber optic,Yes,Yes,Yes,Yes,No,Yes,Month-to-month,No,Electronic check,99.15,59.49,No
1320-ODQFQ,Female,1,Yes,No,52,Yes,Yes,DSL,No,Yes,Yes,Yes,No,Yes,Two year,Yes,Bank transfer (automatic),77.79,3775.66,No
4374-QNOAA,Male,0,No,No,19,Yes,No,Fiber optic,Yes,No,Yes,Yes,No,No,Month-to-month,No,Credit card (automatic),86.55,1674.02,No
4356-LABYK,Male,1,Yes,No,63,Yes,No,Fiber optic,No,No,Yes,No,No,Yes,One year,Yes,Bank transfer (automatic),83.22,5157.4,No
4359-VQFTL,Male,0,Yes,Yes,7,Yes,No,Fiber optic,No,Yes,No,No,No,Yes,Month-to-month,Yes,Mailed check,86.0,654.49,No
4778-GVVBD,Male,0,No,No,33,Yes,No,No,No internet service,No internet service,No internet service,No internet service,No internet service,No internet service,One year,Yes,Mailed check,26.37,873.01,No
3859-TZTZG,Female,0,Yes,No,3,Yes,Yes,No,No internet service,No internet service,No internet service,No internet service,No internet service,No internet service,Month-to-month,Yes,Electronic check,30.99,101.27,Yes
4745-HYCEW,Male,0,Yes,Yes,13,Yes,No,Fiber optic,No,No,No,No,No,No,Month-to-month,No,Electronic check,70.21,940.25,Yes
4530-JUPNN,Female,0,Yes,Yes,25,Yes,No,No,No internet service,No internet service,No internet service,No internet service,No internet service,No internet service,One year,Yes,Electronic check,26.36,627.35,Yes
1887-SRLCL,Female,0,Yes,No,60,Yes,No,Fiber optic,No,Yes,No,No,No,Yes,One year,No,Electronic check,79.9,4684.47,No
4953-RBJVK,Female,0,Yes,No,31,Yes,Yes,DSL,No,No,No,No,Yes,No,Two year,No,Electronic check,69.95,2000.91,Yes
0468-YSOYL,Male,1,No,No,27,Yes,No,Fiber optic,Yes,No,No,No,No,Yes,Month-to-month,Yes,Bank transfer (automatic),87.51,2271.08,Yes
3787-KCSPU,Female,0,No,Yes,37,Yes,Yes,No,No internet service,No internet service,No internet service,No internet service,No internet service,No internet service,One year,Yes,Mailed check,33.3,1214.6,No
2748-YAOYF,Male,0,No,No,65,Yes,No,Fiber optic,No,No,Yes,Yes,Yes,Yes,Two year,No,Electronic check,92.58,5598.77,No
1768-DJPEO,Male,0,No,No,16,Yes,Yes,No,No internet service,No internet service,No internet service,No internet service,No internet service,No internet service,Month-to-month,Yes,Electronic check,34.72,604.23,Yes
2835-XOTOK,Female,0,No,Yes,42,Yes,Yes,Fiber optic,Yes,Yes,Yes,No,Yes,No,Month-to-month,No,Mailed check,96.26,4021.18,No
0082-OPSHF,Male,0,No,No,7,Yes,No,DSL,Yes,No,No,No,No,No,Month-to-month,Yes,Electronic check,55.15,398.51,Yes
5157-QSVYB,Male,0,Yes,No,14,Yes,Yes,DSL,No,Yes,Yes,Yes,No,No,Month-to-month,No,Mailed check,70.73,951.67,No
2644-BTEIA,Male,0,Yes,Yes,26,Yes,No,DSL,Yes,Yes,Yes,Yes,Yes,Yes,Two year,No,Credit card (automatic),85.46,2068.75,No
3001-MVMHB,Male,0,Yes,No,72,Yes,Yes,No,No internet service,No internet service,No internet service,No internet service,No internet service,No internet service,Month-to-month,Yes,Mailed check,36.14,2611.08,No
5026-ITBCL,Female,1,No,Yes,35,Yes,Yes,Fiber optic,No,No,No,No,No,No,Two year,Yes,Mailed check,75.11,2461.78,No
3907-MTAWS,Male,0,No,No,33,Yes,No,No,No internet service,No internet service,No internet service,No internet service,No internet service,No internet service,Month-to-month,Yes,Mailed check,22.93,750.39,No
4841-WUGCH,Female,0,Yes,Yes,32,Yes,Yes,No,No internet service,No internet service,No internet service,No internet service,No internet service,No internet service,Month-to-month,No,Electronic check,27.79,900.85,No
0664-URKRB,Female,1,Yes,No,38,Yes,No,Fiber optic,No,No,Yes,Yes,No,Yes,Two year,No,Bank transfer (automatic),93.78,3379.94,Yes
0682-GURXT,Female,0,Yes,No,4,Yes,No,Fiber optic,Yes,Yes,No,Yes,Yes,No,Month-to-month,Yes,Mailed check,95.57,398.86,No
2916-IYZJR,Female,0,Yes,No,4,No,No phone service,DSL,Yes,No,Yes,No,No,No,Month-to-month,No,Electronic check,49.61,143.93,No
4943-MMCVO,Female,0,No,No,62,Yes,No,Fiber optic,No,Yes,No,No,No,No,Month-to-month,Yes,Mailed check,74.12,4646.17,Yes
2369-LLBCN,Male,0,No,No,22,Yes,No,No,No internet service,No internet service,No internet service,No internet service,No internet service,No internet service,One year,Yes,Mailed check,31.22,677.76,No
0751-VUTAH,Female,0,No,Yes,12,Yes,No,No,No internet service,No internet service,No internet service,No internet service,No internet service,No internet service,Month-to-month,No,Credit card (automatic),24.15,297.66,No
1098-AGJJS,Male,0,No,No,12,Yes,Yes,DSL,No,Yes,No,Yes,Yes,Yes,Month-to-month,Yes,Mailed check,84.54,983.19,Yes
1252-GRSBB,Male,0,No,No,5,Yes,Yes,Fiber optic,No,Yes,No,Yes,Yes,No,Month-to-month,Yes,Mailed check,102.24,416.1,Yes
2313-STTHC,Female,0,Yes,No,38,Yes,Yes,DSL,Yes,Yes,No,No,No,No,Two year,No,Electronic check,70.12,2500.42,No
2791-MVZBJ,Male,0,Yes,No,22,Yes,No,Fiber optic,No,No,No,Yes,Yes,Yes,Month-to-month,Yes,Credit card (automatic),92.89,2015.94,Yes
2136-SBMKP,Female,0,No,No,11,Yes,Yes,DSL,No,No,No,No,No,No,Month-to-month,No,Credit card (automatic),52.28,595.71,Yes
1118-GSRKX,Male,0,No,Yes,18,Yes,No,DSL,No,Yes,Yes,Yes,No,Yes,Month-to-month,No,Credit card (automatic),75.25,1250.16,No
2947-VHNHV,Male,1,No,No,23,Yes,No,DSL,No,Yes,No,Yes,No,No,Month-to-month,Yes,Credit card (automatic),57.17,1347.47,No
0883-GQBXK,Male,0,No,No,19,Yes,No,DSL,No,No,No,No,No,No,Month-to-month,Yes,Mailed check,52.34,1079.45,Yes
3720-OANTW,Female,1,Yes,No,3,Yes,No,Fiber optic,No,No,No,No,No,No,Month-to-month,No,Mailed check,70.54,153.13,No
3170-GEEIW,Female,0,No,Yes,9,Yes,Yes,Fiber optic,No,No,No,No,No,Yes,Month-to-month,No,Mailed check,81.02,778.43,Yes
5202-AANYK,Female,0,Yes,Yes,20,Yes,No,Fiber optic,No,No,No,Yes,Yes,Yes,Month-to-month,No,Credit card (automatic),91.35,1744.0,No
3673-LLKBZ,Male,0,Yes,No,49,No,No phone service,Fiber optic,Yes,Yes,No,Yes,Yes,No,Month-to-month,Yes,Mailed check,89.61,4386.68,No
4660-BRIIX,Male,0,No,No,35,Yes,Yes,Fiber optic,No,No,No,Yes,Yes,No,One year,Yes,Credit card (automatic),86.16,2966.74,No
3259-OWEDM,Male,0,No,No,26,Yes,No,Fiber optic,No,Yes,No,Yes,No,Yes,Two year,No,Electronic check,86.86,2103.29,Yes
4077-IJEZT,Male,0,Yes,No,38,Yes,No,DSL,No,Yes,Yes,Yes,No,Yes,Month-to-month,Yes,Bank transfer (automatic),77.15,2977.13,Yes
3129-EIGOV,Female,0,No,No,0,Yes,Yes,DSL,No,No,Yes,Yes,No,No,Month-to-month,No,Mailed check,65.37,,No
3541-RLFNH,Female,0,No,No,13,Yes,Yes,DSL,Yes,Yes,No,Yes,No,No,Month-to-month,Yes,Electronic check,73.59,982.13,Yes
1200-NKONQ,Female,1,No,No,22,Yes,No,Fiber optic,Yes,No,Yes,No,No,Yes,Month-to-month,Yes,Bank transfer (automatic),91.84,2148.1,Yes
4413-YGOFI,Female,0,No,No,67,Yes,No,Fiber optic,Yes,Yes,Yes,No,Yes,No,One year,No,Electronic check,92.58,5955.09,Yes
0151-POJIL,Male,0,No,No,15,Yes,Yes,Fiber optic,No,Yes,Yes,No,Yes,No,Month-to-month,No,Electronic check,98.76,1377.25,Yes
1545-TPZXJ,Female,0,Yes,Yes,22,Yes,No,No,No internet service,No internet service,No internet service,No internet service,No internet service,No internet service,Month-to-month,No,Bank transfer (automatic),26.26,558.14,No
1296-PKBNL,Female,0,No,Yes,1,Yes,No,DSL,No,Yes,No,No,Yes,No,Month-to-month,No,Credit card (automatic),64.02,67.33,Yes
4490-AFGLO,Female,0,Yes,No,30,Yes,Yes,DSL,No,Yes,No,No,Yes,Yes,Two year,Yes,Bank transfer (automatic),79.37,2144.86,No
1559-YKEZZ,Male,1,Yes,No,69,Yes,Yes,Fiber optic,No,No,Yes,No,No,No,Two year,Yes,Bank transfer (automatic),85.75,5500.84,No
0194-WCIQS,Female,0,Yes,Yes,50,No,No phone service,Fiber optic,No,Yes,No,Yes,No,No,Month-to-month,Yes,Mailed check,72.7,3646.7,No
1899-IBUXQ,Male,0,No,Yes,6,Yes,No,Fiber optic,Yes,No,No,No,Yes,No,Month-to-month,No,Electronic check,81.54,604.45,Yes
1802-WMDLB,Male,0,No,No,19,Yes,No,Fiber optic,No,No,Yes,Yes,No,No,Month-to-month,No,Credit card (automatic),84.53,1559.56,Yes
2129-GYNWM,Female,0,No,No,16,Yes,Yes,Fiber optic,Yes,No,No,No,Yes,Yes,Two year,Yes,Electronic check,102.03,1567.94,Yes
3417-BQCMD,Female,0,No,No,15,Yes,No,Fiber optic,No,No,No,No,Yes,Yes,Month-to-month,No,Bank transfer (automatic),86.98,1267.82,Yes
1868-MRBWW,Male,0,No,No,6,Yes,Yes,No,No internet service,No internet service,No internet service,No internet service,No internet service,No internet service,Month-to-month,No,Bank transfer (automatic),30.79,191.68,Yes
2636-IKBHM,Male,1,No,No,14,Yes,No,No,No internet service,No internet service,No internet service,No internet service,No internet service,No internet service,Month-to-month,Yes,Electronic check,21.49,288.18,Yes
3378-NAGWD,Female,0,Yes,No,65,Yes,Yes,DSL,Yes,Yes,Yes,No,No,No,Two year,No,Bank transfer (automatic),74.36,4469.35,No
4052-LBPUX,Female,0,Yes,No,26,Yes,Yes,DSL,Yes,Yes,No,No,No,Yes,One year,Yes,Bank transfer (automatic),75.98,1806.34,No
2637-XTLNA,Male,0,Yes,No,18,Yes,Yes,No,No internet service,No internet service,No internet service,No internet service,No internet service,No internet service,Month-to-month,No,Electronic check,31.01,538.67,Yes
4741-BLXSD,Male,0,Yes,Yes,17,Yes,No,Fiber optic,No,Yes,No,Yes,Yes,Yes,Two year,Yes,Bank transfer (automatic),101.8,1544.46,No
2993-FNINR,Male,0,No,Yes,44,Yes,No,No,No internet service,No internet service,No internet service,No internet service,No internet service,No internet service,One year,Yes,Mailed check,28.23,1192.75,No
0772-TOYDI,Female,0,Yes,No,3,Yes,Yes,Fiber optic,No,No,Yes,No,No,No,Month-to-month,Yes,Electronic check,82.22,291.33,Yes
4313-GWEPV,Female,0,No,Yes,52,Yes,No,Fiber optic,No,No,No,No,Yes,No,Two year,Yes,Mailed check,77.24,3767.38,No
4140-SFMMF,Male,0,No,No,34,Yes,No,Fiber optic,No,No,No,Yes,No,Yes,Two year,Yes,Bank transfer (automatic),85.66,2622.95,No
3890-LRPLZ,Male,1,Yes,No,34,Yes,No,Fiber optic,Yes,No,No,No,Yes,No,One year,Yes,Bank transfer (automatic),82.14,2788.54,No
3186-DXRFN,Male,0,No,Yes,20,Yes,No,DSL,No,Yes,No,Yes,No,No,One year,Yes,Bank transfer (automatic),58.86,1101.62,No
0674-OEETU,Female,0,Yes,Yes,17,Yes,No,Fiber optic,Yes,No,Yes,No,No,Yes,Two year,No,Mailed check,87.63,1407.22,No
1957-AGYWI,Male,0,No,Yes,22,Yes,No,Fiber optic,Yes,No,Yes,No,Yes,Yes,Two year,No,Mailed check,95.06,1949.81,Yes
4377-LEOLR,Female,0,Yes,Yes,28,Yes,Yes,Fiber optic,No,Yes,No,No,No,No,Month-to-month,No,Credit card (automatic),79.22,2279.6,No
1336-YMYTB,Male,0,Yes,No,64,Yes,No,Fiber optic,No,Yes,Yes,No,Yes,No,Two year,No,Electronic check,91.18,5437.24,No
0698-FIOJE,Female,1,No,No,7,Yes,No,Fiber optic,Yes,Yes,No,Yes,No,No,Month-to-month,Yes,Mailed check,92.44,665.33,Yes
5051-KQVTR,Female,0,Yes,No,63,Yes,Yes,Fiber optic,No,No,No,Yes,No,No,One year,Yes,Mailed check,79.94,4953.11,No
2160-WFTFC,Male,0,No,Yes,29,Yes,Yes,Fiber optic,No,No,No,No,Yes,Yes,Two year,Yes,Electronic check,92.7,2565.26,No
1761-NZSTW,Female,0,No,Yes,46,Yes,No,Fiber optic,Yes,Yes,No,No,Yes,Yes,Month-to-month,Yes,Credit card (automatic),96.18,4413.62,No
1644-NZLIB,Male,0,No,No,33,Yes,No,Fiber optic,No,No,Yes,No,No,Yes,Two year,No,Electronic check,83.25,2480.22,No
4944-WQTTE,Male,0,No,No,66,Yes,No,Fiber optic,Yes,No,No,No,No,No,Two year,Yes,Mailed check,73.69,4471.74,No
2116-IROLZ,Male,0,Yes,No,0,Yes,Yes,No,No internet service,No internet service,No internet service,No internet service,No internet service,No internet service,Month-to-month,No,Credit card (automatic),33.43,,No
4902-DNEDY,Female,0,No,No,41,Yes,Yes,Fiber optic,No,No,Yes,No,Yes,Yes,Two year,No,Bank transfer (automatic),100.44,3960.59,Yes
1488-XGCRY,Male,0,Yes,No,40,Yes,Yes,Fiber optic,No,Yes,Yes,No,Yes,No,One year,No,Credit card (automatic),103.21,3961.55,No
1617-DHKSO,Female,0,Yes,Yes,9,No,No phone service,DSL,No,Yes,No,No,No,No,Month-to-month,Yes,Electronic check,49.65,442.4,No
0762-HSKGC,Female,0,Yes,Yes,22,Yes,No,Fiber optic,No,Yes,Yes,No,Yes,Yes,Two year,Yes,Electronic check,102.21,2189.5,Yes
3741-PEOMC,Female,0,No,No,14,Yes,Yes,No,No internet service,No internet service,No internet service,No internet service,No internet service,No internet service,Month-to-month,No,Mailed check,26.76,373.18,No
4049-HLVNW,Male,0,Yes,No,57,Yes,Yes,Fiber optic,Yes,Yes,Yes,No,No,Yes,One year,No,Electronic check,104.7,5727.56,No
1842-DZBXO,Male,0,Yes,Yes,62,Yes,Yes,DSL,Yes,Yes,Yes,Yes,No,Yes,Two year,Yes,Credit card (automatic),91.56,5154.22,No
2215-SSYND,Male,0,Yes,No,2,Yes,No,Fiber optic,No,Yes,Yes,Yes,No,No,Month-to-month,Yes,Mailed check,87.2,153.52,No
4737-UYLUQ,Male,1,No,No,14,Yes,No,No,No internet service,No internet service,No internet service,No internet service,No internet service,No internet service,Two year,Yes,Electronic check,24.66,336.38,No
3700-QTANU,Male,0,Yes,No,22,Yes,No,Fiber optic,No,Yes,Yes,Yes,Yes,Yes,Month-to-month,Yes,Electronic check,98.69,2099.37,No
3253-UEHIN,Female,0,Yes,No,65,Yes,No,No,No internet service,No internet service,No internet service,No internet service,No internet service,No internet service,Month-to-month,Yes,Mailed check,27.78,1799.51,No
1536-LFJIJ,Male,0,No,No,3,Yes,No,No,No internet service,No internet service,No internet service,No internet service,No internet service,No internet service,Month-to-month,No,Electronic check,24.26,99.81,No
3850-EKARP,Male,0,No,No,18,Yes,Yes,DSL,No,No,No,No,Yes,Yes,One year,Yes,Bank transfer (automatic),77.12,1298.56,No
2384-PKQXN,Male,1,Yes,No,51,Yes,Yes,DSL,Yes,Yes,No,No,Yes,No,Two year,Yes,Electronic check,76.94,3583.3,No
4171-YIBWM,Female,0,No,Yes,27,Yes,Yes,Fiber optic,No,Yes,Yes,No,Yes,No,Month-to-month,Yes,Credit card (automatic),99.38,2721.86,Yes
4331-AHBDI,Male,0,No,No,53,Yes,No,Fiber optic,No,No,Yes,Yes,Yes,No,One year,Yes,Mailed check,90.71,4619.78,No
2288-WYCQP,Female,0,No,No,8,Yes,No,Fiber optic,Yes,Yes,Yes,No,No,Yes,Month-to-month,No,Mailed check,95.55,689.04,No
2542-EOYWQ,Female,0,No,No,6,Yes,No,Fiber optic,Yes,No,No,Yes,No,No,Month-to-month,No,Electronic check,81.65,577.9,Yes
2764-AENVB,Male,0,No,Yes,13,No,No phone service,No,No internet service,No internet service,No internet service,No internet service,No internet service,No internet service,Month-to-month,No,Electronic check,23.15,296.06,Yes
2012-QWDSF,Female,1,No,No,18,Yes,Yes,DSL,No,No,Yes,Yes,Yes,Yes,Month-to-month,Yes,Mailed check,82.81,1416.26,No
4884-MUZVP,Female,0,Yes,No,68,Yes,No,DSL,Yes,No,Yes,Yes,No,Yes,Month-to-month,Yes,Credit card (automatic),76.78,5167.68,No
4026-OPENR,Female,0,Yes,No,13,Yes,Yes,DSL,Yes,No,No,No,Yes,Yes,Month-to-month,Yes,Mailed check,74.76,994.77,No
0328-NBTZS,Male,0,Yes,No,19,Yes,Yes,No,No internet service,No internet service,No internet service,No internet service,No internet service,No internet service,Month-to-month,Yes,Electronic check,32.01,607.48,No
2063-DEEDO,Male,1,No,Yes,66,Yes,No,No,No internet service,No internet service,No internet service,No internet service,No internet service,No internet service,One year,Yes,Electronic check,31.01,1976.83,Yes
2321-TMLTR,Female,1,No,Yes,31,Yes,No,DSL,No,Yes,No,Yes,Yes,Yes,Month-to-month,No,Mailed check,73.58,2316.48,Yes
4105-CTHFG,Male,0,No,Yes,48,Yes,Yes,No,No internet service,No internet service,No internet service,No internet service,No internet service,No internet service,Two year,Yes,Electronic check,34.16,1523.68,No
2295-DWDWR,Male,1,Yes,Yes,59,No,No phone service,No,No internet service,No internet service,No internet service,No internet service,No internet service,No internet service,Two year,Yes,Mailed check,20.86,1167.88,No
4336-SKIYL,Male,0,No,No,47,Yes,Yes,Fiber optic,Yes,No,No,No,No,Yes,Two year,No,Credit card (automatic),93.55,4234.47,No
2530-GUOKF,Male,0,Yes,No,15,Yes,No,No,No internet service,No internet service,No internet service,No internet service,No internet service,No internet service,One year,Yes,Mailed check,25.17,353.47,Yes
0900-XYGMK,Female,0,Yes,No,1,Yes,Yes,No,No internet service,No internet service,No internet service,No internet service,No internet service,No internet service,Month-to-month,No,Electronic check,34.89,46.6,No
4090-GXTJE,Female,1,No,No,2,Yes,No,Fiber optic,No,No,Yes,No,No,No,Month-to-month,Yes,Mailed check,72.47,159.17,Yes
3537-AHYAI,Female,0,Yes,No,55,Yes,Yes,DSL,Yes,Yes,Yes,No,Yes,Yes,One year,Yes,Bank transfer (automatic),91.52,4928.17,No
2045-PFKKB,Female,0,No,No,8,Yes,Yes,DSL,No,No,No,No,No,Yes,Month-to-month,No,Credit card (automatic),68.72,537.43,No
4893-MYZXZ,Male,0,Yes,No,50,Yes,No,Fiber optic,No,Yes,No,Yes,No,No,Two year,No,Credit card (automatic),80.29,3658.61,No
1923-WMNAV,Male,0,No,Yes,71,Yes,No,Fiber optic,No,Yes,Yes,Yes,No,Yes,Two year,No,Electronic check,97.14,6490.55,No
4187-TQVSP,Female,1,Yes,No,5,Yes,Yes,No,No internet service,No internet service,No internet service,No internet service,No internet service,No internet service,Month-to-month,Yes,Credit card (automatic),36.03,177.3,No
1408-ALKDU,Male,0,Yes,No,12,Yes,Yes,Fiber optic,No,Yes,No,No,No,Yes,Month-to-month,Yes,Credit card (automatic),95.62,1219.32,Yes
3837-KOXSH,Male,0,No,No,34,Yes,Yes,Fiber optic,No,No,Yes,Yes,Yes,No,Two year,No,Credit card (automatic),91.64,2938.94,No
5052-HQZNW,Female,0,No,No,41,Yes,Yes,Fiber optic,Yes,No,No,No,No,No,One year,No,Credit card (automatic),82.18,3349.48,No
2267-VCXZM,Male,0,No,No,0,Yes,No,Fiber optic,No,Yes,Yes,No,No,No,Two year,Yes,Electronic check,80.94,,Yes
1400-KRMFH,Male,0,Yes,Yes,1,Yes,No,DSL,Yes,Yes,Yes,No,No,Yes,Month-to-month,Yes,Electronic check,70.93,123.62,No
0408-DHLXH,Female,0,Yes,Yes,16,Yes,No,Fiber optic,Yes,Yes,Yes,Yes,No,No,Month-to-month,No,Electronic check,86.6,1374.73,Yes
0138-VCLOC,Male,0,No,No,55,Yes,No,Fiber optic,Yes,No,No,No,No,Yes,One year,No,Electronic check,83.32,4492.14,No
1494-PXGJN,Female,0,No,Yes,31,Yes,Yes,DSL,No,Yes,No,Yes,No,Yes,Month-to-month,No,Bank transfer (automatic),72.3,2285.32,Yes
3222-YUUHV,Male,1,Yes,No,52,Yes,No,DSL,No,No,Yes,No,No,No,One year,Yes,Electronic check,51.67,2647.46,No
2701-OWZVT,Female,0,Yes,Yes,21,Yes,No,DSL,Yes,No,No,No,No,No,One year,Yes,Bank transfer (automatic),55.32,1194.19,No
5286-ISWXZ,Male,1,No,No,28,No,No phone service,Fiber optic,No,Yes,Yes,No,No,No,One year,No,Bank transfer (automatic),68.81,1841.09,No
4921-WQVWQ,Female,0,No,Yes,65,Yes,Yes,Fiber optic,No,No,Yes,No,Yes,Yes,Two year,Yes,Electronic check,100.38,6113.74,No
3586-KSKXS,Female,0,Yes,No,23,Yes,Yes,DSL,Yes,No,No,No,Yes,No,Month-to-month,No,Bank transfer (automatic),75.11,1736.05,No
1068-KCIKK,Female,0,Yes,No,3,Yes,Yes,DSL,No,Yes,No,No,Yes,No,Month-to-month,Yes,Electronic check,70.7,155.67,Yes
1711-WGDJQ,Male,0,No,Yes,33,Yes,Yes,Fiber optic,No,No,Yes,No,Yes,No,Month-to-month,No,Electronic check,85.63,2808.17,Yes
3944-RREBG,Male,0,No,No,26,Yes,No,DSL,No,Yes,Yes,No,Yes,Yes,Two year,No,Mailed check,77.01,1816.64,No
2017-PYDJM,Male,0,No,Yes,20,Yes,Yes,DSL,Yes,No,No,No,No,Yes,Month-to-month,Yes,Electronic check,71.6,1467.58,Yes
1154-NBQTK,Male,0,No,No,7,Yes,Yes,DSL,No,No,Yes,No,Yes,No,Month-to-month,No,Credit card (automatic),73.15,529.98,Yes
0482-EQMNZ,Male,0,No,Yes,1,Yes,Yes,Fiber optic,No,Yes,Yes,No,Yes,Yes,Month-to-month,Yes,Credit card (automatic),106.62,63.97,Yes
2738-XFZFI,Female,0,Yes,No,71,Yes,Yes,DSL,Yes,No,No,Yes,Yes,No,Two year,No,Mailed check,70.46,4650.24,No
5017-SBKIU,Male,0,Yes,No,26,Yes,No,No,No internet service,No internet service,No internet service,No internet service,No internet service,No internet service,Month-to-month,Yes,Credit card (automatic),30.77,784.92,No
4514-OZJPO,Male,1,No,Yes,20,Yes,No,Fiber optic,No,Yes,Yes,No,Yes,No,Month-to-month,No,Credit card (automatic),86.57,1600.63,No
2039-LTXBI,Male,0,Yes,No,72,No,No phone service,Fiber optic,No,Yes,Yes,Yes,No,No,Month-to-month,No,Bank transfer (automatic),76.57,5609.69,No
3503-QDYQX,Female,0,No,No,33,Yes,No,No,No internet service,No internet service,No internet service,No internet service,No internet service,No internet service,One year,No,Electronic check,32.04,976.95,No
3988-ADFER,Female,0,Yes,No,8,Yes,Yes,No,No internet service,No internet service,No internet service,No internet service,No internet service,No internet service,Month-to-month,Yes,Electronic check,33.32,247.63,No
2708-DPLNQ,Female,0,No,No,5,Yes,Yes,Fiber optic,No,Yes,No,No,Yes,No,Month-to-month,Yes,Mailed check,86.26,504.81,Yes
3938-WCDMS,Female,0,No,No,35,Yes,Yes,DSL,No,Yes,Yes,Yes,Yes,No,One year,Yes,Electronic check,80.33,2747.94,Yes
2065-TKDXC,Male,0,Yes,No,3,Yes,No,No,No internet service,No internet service,No internet service,No internet service,No internet service,No internet service,Month-to-month,Yes,Bank transfer (automatic),23.08,63.95,No
3107-CNKEI,Male,0,No,No,28,Yes,Yes,Fiber optic,No,Yes,Yes,Yes,No,Yes,Two year,Yes,Credit card (automatic),100.19,2619.02,No
4282-DLLNG,Female,0,No,No,20,Yes,Yes,No,No internet service,No internet service,No internet service,No internet service,No internet service,No internet service,Month-to-month,Yes,Credit card (automatic),31.17,637.65,Yes
4779-DIGRN,Female,0,Yes,No,28,Yes,Yes,DSL,Yes,No,Yes,No,No,No,One year,No,Electronic check,69.47,1981.88,No
0137-ZRINS,Male,0,No,No,68,No,No phone service,DSL,No,Yes,Yes,Yes,Yes,Yes,Two year,No,Bank transfer (automatic),75.02,4752.91,No
3251-CUUEY,Male,1,No,No,58,No,No phone service,DSL,No,Yes,No,No,Yes,No,One year,No,Mailed check,56.43,3144.74,Yes
2370-SHDWD,Male,0,No,No,42,Yes,No,DSL,No,No,Yes,No,Yes,No,Month-to-month,Yes,Electronic check,63.65,2565.05,Yes
2157-XWSVD,Female,0,No,No,59,Yes,Yes,Fiber optic,No,No,No,No,Yes,No,Two year,Yes,Electronic check,84.74,4857.7,No
2361-XPXQQ,Female,0,No,Yes,27,Yes,No,No,No internet service,No internet service,No internet service,No internet service,No internet service,No internet service,Month-to-month,No,Electronic check,28.92,761.19,No
3401-XXPCX,Female,0,No,No,67,Yes,No,No,No internet service,No internet service,No internet service,No internet service,No internet service,No internet service,One year,No,Bank transfer (automatic),25.14,1638.34,No
1642-QYZXR,Female,0,No,Yes,57,Yes,No,No,No internet service,No internet service,No internet service,No internet service,No internet service,No internet service,Two year,No,Mailed check,25.22,1320.62,No
4333-OAXYG,Female,1,No,No,71,Yes,Yes,No,No internet service,No internet service,No internet service,No internet service,No internet service,No internet service,Two year,No,Mailed check,32.86,2176.08,No
2823-CCIXY,Male,0,No,No,35,Yes,Yes,No,No internet service,No internet service,No internet service,No internet service,No internet service,No internet service,Month-to-month,Yes,Mailed check,34.89,1218.41,No
2247-JFPHZ,Female,0,No,No,53,No,No phone service,Fiber optic,Yes,No,Yes,No,No,No,Month-to-month,No,Bank transfer (automatic),69.47,3784.99,Yes
2758-XMMRI,Female,0,No,No,2,Yes,Yes,No,No internet service,No internet service,No internet service,No internet service,No internet service,No internet service,Month-to-month,Yes,Bank transfer (automatic),32.91,70.28,No
1282-FMFXZ,Female,0,No,Yes,48,Yes,Yes,DSL,Yes,Yes,Yes,No,No,No,Two year,Yes,Electronic check,65.52,2978.16,No
2318-WGIUC,Male,1,Yes,No,68,Yes,Yes,No,No internet service,No internet service,No internet service,No internet service,No internet service,No internet service,Two year,Yes,Bank transfer (automatic),34.11,2158.33,No
3752-SHYFV,Male,0,No,No,68,Yes,Yes,Fiber optic,No,No,Yes,No,No,Yes,One year,Yes,Electronic check,92.69,6000.21,No
1306-MJSJO,Male,0,No,Yes,36,Yes,Yes,No,No internet service,No internet service,No internet service,No internet service,No internet service,No internet service,One year,No,Mailed check,31.01,1060.99,No
2929-LEBXZ,Male,0,No,No,60,Yes,Yes,No,No internet service,No internet service,No internet service,No internet service,No internet service,No internet service,Two year,Yes,Electronic check,27.16,1495.93,No
0633-GZZJY,Male,0,Yes,No,36,Yes,Yes,Fiber optic,Yes,No,Yes,No,Yes,Yes,Month-to-month,Yes,Electronic check,110.79,4135.65,Yes
4127-DCQNX,Female,0,Yes,No,11,Yes,No,No,No internet service,No internet service,No internet service,No internet service,No internet service,No internet service,Month-to-month,Yes,Credit card (automatic),29.62,293.92,No
1034-FHAKS,Male,1,Yes,Yes,2,Yes,No,DSL,No,No,No,Yes,Yes,Yes,Month-to-month,No,Electronic check,75.18,160.22,No
1954-RUHBW,Female,0,Yes,Yes,13,Yes,No,Fiber optic,No,No,Yes,No,Yes,No,Two year,Yes,Mailed check,85.1,1090.11,No
5088-EEYMM,Female,0,No,No,12,Yes,Yes,DSL,Yes,No,No,No,No,Yes,Two year,Yes,Mailed check,73.03,747.94,No
4167-CJFZR,Male,0,Yes,No,22,Yes,No,Fiber optic,Yes,No,No,No,No,Yes,Month-to-month,No,Mailed check,86.49,1847.38,No
3025-YCOKU,Female,0,No,No,5,Yes,No,DSL,No,No,No,No,Yes,No,Month-to-month,No,Electronic check,63.99,350.54,Yes
2870-EDFHZ,Male,0,Yes,Yes,35,Yes,No,DSL,Yes,No,Yes,No,Yes,No,Two year,Yes,Credit card (automatic),73.42,2273.8,No
3028-EBUIE,Male,0,No,No,0,Yes,Yes,DSL,Yes,Yes,Yes,Yes,No,Yes,Month-to-month,Yes,Bank transfer (automatic),86.16,,No
3864-MKICU,Male,0,Yes,No,8,Yes,No,Fiber optic,No,No,Yes,No,Yes,Yes,Month-to-month,No,Credit card (automatic),93.89,790.26,No
0428-TTIJH,Male,0,No,No,0,Yes,No,No,No internet service,No internet service,No internet service,No internet service,No internet service,No internet service,Two year,No,Electronic check,22.48,,No
3570-GYGCU,Female,0,No,No,37,Yes,Yes,Fiber optic,No,Yes,Yes,No,No,No,One year,No,Bank transfer (automatic),90.37,3318.37,Yes
2098-IZWZJ,Male,0,No,No,7,Yes,Yes,No,No internet service,No internet service,No internet service,No internet service,No internet service,No internet service,Month-to-month,Yes,Bank transfer (automatic),34.59,218.41,Yes
4734-JTYOO,Male,0,No,Yes,16,Yes,No,Fiber optic,Yes,No,No,Yes,Yes,No,Month-to-month,No,Electronic check,90.97,1335.08,No
3928-BKGLU,Male,0,Yes,Yes,50,Yes,Yes,DSL,Yes,No,Yes,No,Yes,No,One year,Yes,Credit card (automatic),76.31,3714.42,No
4519-KCFRA,Female,0,Yes,No,45,Yes,No,DSL,No,Yes,No,Yes,No,Yes,Month-to-month,No,Credit card (automatic),71.6,3259.49,No
4651-XSLDR,Female,0,Yes,Yes,38,Yes,Yes,Fiber optic,No,No,No,Yes,Yes,Yes,Two year,No,Mailed check,102.98,3648.35,No
1194-FQGZN,Female,0,Yes,Yes,50,Yes,No,Fiber optic,Yes,No,No,No,No,Yes,Two year,Yes,Bank transfer (automatic),79.5,3776.84,No
3913-DVQGT,Male,0,Yes,No,22,Yes,Yes,Fiber optic,Yes,No,No,Yes,Yes,Yes,One year,No,Bank transfer (automatic),105.03,2127.93,No
2079-KOPGW,Female,0,Yes,No,70,Yes,No,Fiber optic,No,Yes,Yes,No,No,No,Two year,No,Electronic check,81.55,5283.61,No
2320-CYNPC,Female,0,No,Yes,1,Yes,Yes,DSL,Yes,No,No,Yes,No,Yes,Month-to-month,Yes,Electronic check,72.34,43.4,No
0341-NNSGW,Male,0,Yes,No,33,Yes,No,DSL,No,No,No,No,No,Yes,Month-to-month,Yes,Bank transfer (automatic),60.79,2000.64,No
1095-XNYQW,Female,0,No,Yes,47,Yes,Yes,Fiber optic,Yes,No,Yes,No,Yes,No,Month-to-month,No,Electronic check,97.22,4512.09,No
3494-DXRSE,Male,0,Yes,No,43,Yes,Yes,DSL,Yes,No,Yes,Yes,No,No,Two year,Yes,Bank transfer (automatic),72.54,2893.6,No
0361-QLKJO,Female,0,No,Yes,30,Yes,Yes,Fiber optic,Yes,No,No,No,Yes,No,One year,Yes,Credit card (automatic),96.7,2658.37,No
3642-CSUMN,Female,1,No,Yes,19,Yes,Yes,Fiber optic,No,Yes,No,Yes,No,No,Month-to-month,Yes,Credit card (automatic),91.08,1767.57,Yes
3638-FFXGC,Female,0,Yes,No,8,Yes,Yes,DSL,No,Yes,Yes,No,Yes,Yes,Month-to-month,Yes,Mailed check,84.47,618.89,Yes
2188-XZVUF,Male,0,Yes,No,32,Yes,Yes,DSL,Yes,No,Yes,No,Yes,Yes,One year,Yes,Credit card (automatic),82.43,2543.01,No
1337-GSMZY,Male,0,No,Yes,26,Yes,Yes,Fiber optic,Yes,No,No,Yes,No,No,Two year,No,Electronic check,89.26,2148.05,No
0846-ULQUX,Female,1,Yes,No,11,Yes,Yes,No,No internet service,No internet service,No internet service,No internet service,No internet service,No internet service,Month-to-month,Yes,Electronic check,35.12,343.27,Yes
5010-BRAMZ,Male,0,Yes,Yes,13,Yes,Yes,Fiber optic,No,No,Yes,No,No,No,Month-to-month,No,Mailed check,80.7,1048.09,Yes
0247-ZKFTC,Female,0,No,No,16,Yes,No,DSL,No,No,Yes,No,Yes,Yes,Month-to-month,Yes,Credit card (automatic),74.83,1085.71,Yes
3320-XNKNF,Male,0,No,Yes,56,Yes,No,Fiber optic,No,No,No,No,Yes,Yes,Two year,Yes,Electronic check,94.62,4920.58,Yes
5078-UKJVK,Female,0,Yes,No,31,Yes,Yes,Fiber optic,No,Yes,No,Yes,No,No,Month-to-month,No,Mailed check,82.77,2365.19,Yes
3012-EPQSA,Female,0,Yes,No,21,Yes,Yes,Fiber optic,Yes,Yes,Yes,No,Yes,Yes,One year,Yes,Credit card (automatic),114.33,2352.49,Yes
3358-BXYNA,Male,0,No,No,15,Yes,Yes,Fiber optic,No,Yes,No,No,Yes,Yes,One year,Yes,Electronic check,99.93,1433.41,No
0209-DUWXS,Female,0,Yes,No,3,Yes,No,Fiber optic,No,Yes,No,Yes,Yes,No,Month-to-month,Yes,Credit card (automatic),89.52,162.21,Yes
4330-OCWZK,Female,0,Yes,Yes,16,Yes,Yes,DSL,No,Yes,No,Yes,No,No,Two year,Yes,Credit card (automatic),70.56,945.23,No
4338-KBCGO,Male,0,No,No,60,Yes,Yes,DSL,No,Yes,No,No,No,No,Two year,No,Mailed check,62.28,3495.81,No
4635-UWVCS,Female,1,No,No,2,Yes,Yes,Fiber optic,No,No,Yes,No,No,No,Month-to-month,Yes,Bank transfer (automatic),85.95,229.8,Yes
3073-RYXWB,Male,0,No,Yes,15,Yes,Yes,Fiber optic,No,Yes,Yes,No,No,No,Two year,Yes,Bank transfer (automatic),87.36,1295.6,No
2596-YUKAA,Female,0,Yes,No,7,Yes,No,No,No internet service,No internet service,No internet service,No internet service,No internet service,No internet service,Month-to-month,No,Bank transfer (automatic),31.2,240.35,No
1180-NLTPW,Male,0,Yes,No,8,Yes,No,No,No internet service,No internet service,No internet service,No internet service,No internet service,No internet service,One year,Yes,Mailed check,27.08,204.45,No
3207-BYELX,Male,0,No,Yes,3,No,No phone service,Fiber optic,No,No,No,Yes,No,Yes,Month-to-month,No,Electronic check,72.58,213.51,Yes
4172-VHPMF,Male,0,No,Yes,46,Yes,Yes,Fiber optic,Yes,No,No,No,No,Yes,Two year,Yes,Electronic check,90.29,3892.92,No
3964-QIDFH,Female,0,Yes,No,10,Yes,Yes,Fiber optic,No,Yes,Yes,No,Yes,Yes,Month-to-month,Yes,Electronic check,104.09,1106.91,Yes
4072-DEMER,Female,0,Yes,Yes,50,Yes,Yes,DSL,Yes,Yes,Yes,No,Yes,Yes,Two year,Yes,Bank transfer (automatic),89.58,4072.88,No
2385-QFQBY,Female,0,Yes,No,27,Yes,Yes,Fiber optic,No,Yes,No,No,No,Yes,One year,Yes,Credit card (automatic),89.6,2425.77,No
2926-PBOIA,Male,1,No,No,7,Yes,No,No,No internet service,No internet service,No internet service,No internet service,No internet service,No internet service,Month-to-month,Yes,Credit card (automatic),28.21,200.58,Yes
0741-PLOWV,Female,0,Yes,No,55,Yes,No,Fiber optic,No,No,No,Yes,Yes,Yes,Two year,No,Bank transfer (automatic),92.03,4824.68,No
1148-RHTPG,Male,0,No,No,51,Yes,Yes,Fiber optic,No,Yes,No,No,No,No,One year,No,Bank transfer (automatic),84.29,4119.19,No
4739-KGXLF,Female,0,No,No,9,Yes,No,DSL,Yes,No,Yes,No,No,Yes,Month-to-month,Yes,Bank transfer (automatic),69.76,647.26,Yes
0554-QHPBZ,Female,1,Yes,Yes,27,Yes,No,No,No internet service,No internet service,No internet service,No internet service,No internet service,No internet service,Two year,Yes,Credit card (automatic),22.52,560.08,No
3108-OMLGG,Female,1,Yes,Yes,72,Yes,Yes,No,No internet service,No internet service,No internet service,No internet service,No internet service,No internet service,Month-to-month,No,Bank transfer (automatic),28.29,2023.81,No
4700-RLLFW,Female,0,No,No,3,Yes,No,DSL,No,No,Yes,Yes,No,No,Month-to-month,Yes,Electronic check,56.0,77.04,No
2912-CXFAQ,Female,0,Yes,No,35,Yes,Yes,Fiber optic,No,No,No,Yes,No,No,Two year,Yes,Electronic check,82.68,2578.18,No
3219-RYYVJ,Female,0,No,No,2,Yes,Yes,DSL,No,Yes,No,No,No,Yes,Month-to-month,No,Credit card (automatic),73.2,247.69,No
1086-LKOSH,Male,1,No,No,41,Yes,No,Fiber optic,No,No,Yes,No,Yes,No,One year,No,Bank transfer (automatic),85.41,3409.67,No
1184-TSUHS,Female,0,Yes,No,9,Yes,No,Fiber optic,Yes,Yes,Yes,No,No,Yes,Month-to-month,Yes,Electronic check,97.07,918.14,Yes
1543-XPLNV,Male,0,No,Yes,72,Yes,No,No,No internet service,No internet service,No internet service,No internet service,No internet service,No internet service,Month-to-month,Yes,Bank transfer (automatic),20.91,1509.93,No
3911-NJEOV,Female,0,Yes,Yes,0,Yes,Yes,Fiber optic,Yes,Yes,Yes,Yes,No,Yes,Two year,Yes,Electronic check,111.94,,Yes
4053-DSCYJ,Male,0,No,No,22,Yes,No,Fiber optic,Yes,No,No,No,No,Yes,Month-to-month,Yes,Electronic check,82.77,1902.94,Yes
3087-NJYDB,Male,0,Yes,No,2,Yes,Yes,DSL,Yes,No,No,No,Yes,Yes,Month-to-month,No,Bank transfer (automatic),79.3,234.89,No
4997-QHCYD,Male,0,No,No,9,Yes,No,No,No internet service,No internet service,No internet service,No internet service,No internet service,No internet service,Month-to-month,Yes,Bank transfer (automatic),19.82,150.34,No
2851-MJRRP,Male,0,No,No,29,Yes,Yes,Fiber optic,Yes,Yes,No,Yes,No,No,Month-to-month,No,Bank transfer (automatic),93.04,2579.46,No
4212-GHAXF,Male,1,Yes,No,14,Yes,No,DSL,Yes,No,Yes,No,No,No,One year,No,Electronic check,59.47,724.23,No
4711-LFYCK,Female,0,Yes,Yes,61,No,No phone service,DSL,No,Yes,Yes,No,Yes,Yes,Month-to-month,Yes,Bank transfer (automatic),66.03,3987.24,No
4071-FMOZS,Male,0,Yes,No,69,No,No phone service,Fiber optic,Yes,No,Yes,No,No,No,One year,No,Mailed check,76.42,5073.32,Yes
4972-HIGRV,Female,0,Yes,No,21,Yes,No,Fiber optic,Yes,No,Yes,Yes,No,No,One year,No,Electronic check,83.65,1728.75,No
1682-TMLXQ,Male,0,Yes,No,37,Yes,No,DSL,Yes,No,No,Yes,Yes,No,Month-to-month,No,Electronic check,68.81,2625.54,No
0909-QTBAO,Female,0,Yes,Yes,26,No,No phone service,Fiber optic,No,No,Yes,Yes,Yes,No,Month-to-month,No,Bank transfer (automatic),89.65,2295.58,No
2605-PEHTU,Male,0,Yes,No,62,Yes,No,No,No internet service,No internet service,No internet service,No internet service,No internet service,No internet service,Two year,No,Electronic check,29.49,1653.98,No
0985-ZURKG,Female,1,Yes,No,30,Yes,No,Fiber optic,Yes,No,No,No,Yes,Yes,Month-to-month,Yes,Electronic check,95.2,2841.01,Yes
4082-GMYTW,Female,1,No,No,6,Yes,Yes,DSL,No,Yes,Yes,Yes,Yes,No,Month-to-month,No,Mailed check,80.47,508.88,No
1428-MQIFW,Male,0,Yes,No,66,Yes,No,Fiber optic,Yes,No,Yes,Yes,Yes,Yes,One year,No,Credit card (automatic),103.76,6656.68,No
0948-QBOCV,Male,0,Yes,No,1,Yes,No,Fiber optic,No,No,No,Yes,Yes,No,Month-to-month,Yes,Electronic check,90.51,224.33,Yes
0144-FWWLF,Female,0,No,No,19,Yes,Yes,Fiber optic,No,No,No,No,No,Yes,Month-to-month,Yes,Mailed check,87.58,1560.54,Yes
1666-VKUYC,Female,0,Yes,Yes,2,Yes,Yes,No,No internet service,No internet service,No internet service,No internet service,No internet service,No internet service,Month-to-month,Yes,Mailed check,33.86,86.91,Yes
4260-GUYZV,Male,0,Yes,No,41,Yes,No,Fiber optic,No,No,No,Yes,No,No,Two year,No,Mailed check,74.78,2915.08,No
2013-HCLFG,Male,0,Yes,No,72,Yes,No,DSL,Yes,Yes,Yes,Yes,No,Yes,Month-to-month,No,Electronic check,69.23,4980.68,No
3327-JIKHP,Male,0,No,No,29,Yes,No,No,No internet service,No internet service,No internet service,No internet service,No internet service,No internet service,One year,No,Electronic check,26.92,768.22,No
3198-BOLRV,Male,0,Yes,No,22,Yes,No,No,No internet service,No internet service,No internet service,No internet service,No internet service,No internet service,Month-to-month,Yes,Bank transfer (automatic),24.02,548.34,No
0096-FJOQK,Male,0,Yes,Yes,3,Yes,No,Fiber optic,No,No,No,No,Yes,Yes,Month-to-month,Yes,Electronic check,90.78,187.79,Yes
2599-REFIZ,Male,0,Yes,Yes,71,Yes,No,Fiber optic,No,No,Yes,No,No,Yes,One year,No,Bank transfer (automatic),82.25,5727.08,Yes
3991-ECBUO,Female,0,Yes,No,17,Yes,No,DSL,No,No,No,No,Yes,No,Month-to-month,No,Mailed check,57.79,974.08,Yes
3188-XQAXU,Male,0,No,Yes,46,Yes,No,Fiber optic,Yes,No,No,No,No,No,Two year,No,Bank transfer (automatic),73.22,3142.28,No
4104-YEMFI,Male,0,No,Yes,7,No,No phone service,Fiber optic,No,Yes,Yes,Yes,Yes,No,Month-to-month,Yes,Electronic check,87.88,657.56,Yes
4345-UQDZY,Male,1,Yes,No,7,Yes,Yes,No,No internet service,No internet service,No internet service,No internet service,No internet service,No internet service,Month-to-month,No,Mailed check,31.04,225.74,No
3661-KFZGI,Male,0,Yes,No,45,Yes,No,Fiber optic,No,Yes,No,Yes,No,No,One year,No,Mailed check,82.59,3592.14,No
2305-KDZXB,Male,0,No,No,23,Yes,Yes,DSL,Yes,Yes,No,Yes,No,Yes,Month-to-month,Yes,Credit card (automatic),81.33,1889.93,Yes
3745-DKNFU,Female,0,No,Yes,17,Yes,No,DSL,No,No,Yes,No,No,Yes,Month-to-month,No,Bank transfer (automatic),65.41,1126.91,Yes
1186-RJMZU,Male,1,No,No,69,Yes,Yes,DSL,Yes,No,Yes,No,Yes,Yes,Two year,No,Mailed check,83.79,5286.6,No
3322-UWBDR,Female,0,No,No,8,Yes,Yes,No,No internet service,No internet service,No internet service,No internet service,No internet service,No internet service,Month-to-month,Yes,Bank transfer (automatic),33.87,289.37,No
2257-JOKYZ,Female,0,No,No,60,Yes,No,Fiber optic,No,No,Yes,Yes,Yes,No,Two year,No,Mailed check,90.6,4994.91,No
4087-WFQHJ,Male,0,Yes,Yes,63,Yes,No,Fiber optic,No,No,Yes,No,No,No,Two year,Yes,Bank transfer (automatic),74.57,4374.25,No
4801-YTUEK,Male,1,No,Yes,8,Yes,Yes,DSL,Yes,No,Yes,No,Yes,Yes,Month-to-month,Yes,Mailed check,86.6,602.3,Yes
2025-KOUXX,Female,0,Yes,No,70,Yes,Yes,Fiber optic,No,No,No,No,No,Yes,Two year,Yes,Credit card (automatic),82.81,5341.09,No
2731-AZLZP,Female,0,No,No,7,No,No phone service,DSL,Yes,No,Yes,No,No,No,Month-to-month,Yes,Bank transfer (automatic),57.46,388.28,Yes
3872-YPGBU,Male,0,No,No,10,Yes,No,Fiber optic,No,Yes,No,No,No,No,Month-to-month,Yes,Electronic check,73.45,689.83,Yes
1417-NPFVE,Male,0,Yes,No,10,Yes,Yes,DSL,No,Yes,Yes,No,No,No,Month-to-month,Yes,Credit card (automatic),68.9,754.02,Yes
2925-QHOPG,Female,0,No,Yes,70,Yes,No,DSL,No,No,Yes,Yes,Yes,Yes,Two year,Yes,Bank transfer (automatic),81.55,5369.23,No
1513-YAUKW,Female,0,Yes,Yes,21,Yes,Yes,No,No internet service,No internet service,No internet service,No internet service,No internet service,No internet service,One year,Yes,Bank transfer (automatic),31.27,623.14,No
2822-AXNOI,Female,0,Yes,No,0,Yes,Yes,No,No internet service,No internet service,No internet service,No internet service,No internet service,No internet service,Month-to-month,No,Electronic check,27.0,,No
2193-XUFVQ,Female,0,Yes,Yes,3,Yes,Yes,DSL,No,Yes,Yes,Yes,No,Yes,Month-to-month,Yes,Credit card (automatic),87.38,408.37,Yes
3578-KHYKP,Male,0,Yes,No,0,No,No phone service,Fiber optic,No,No,Yes,No,Yes,Yes,One year,Yes,Electronic check,82.26,,No
0480-PSJDZ,Male,0,Yes,No,22,Yes,No,No,No internet service,No internet service,No internet service,No internet service,No internet service,No internet service,Month-to-month,Yes,Mailed check,31.41,681.89,Yes
1725-IRWOF,Female,0,Yes,No,40,Yes,Yes,Fiber optic,No,Yes,Yes,No,No,Yes,Two year,No,Credit card (automatic),100.04,3674.54,No
0910-JEWJQ,Male,0,No,No,21,Yes,Yes,DSL,No,Yes,No,No,Yes,Yes,Month-to-month,No,Bank transfer (automatic),81.14,1750.75,Yes
4588-EIDHE,Female,0,Yes,No,10,Yes,No,Fiber optic,No,No,No,Yes,Yes,Yes,Month-to-month,No,Bank transfer (automatic),86.11,915.35,Yes
2092-GGEWN,Male,0,Yes,No,24,Yes,No,Fiber optic,No,Yes,Yes,No,Yes,No,Month-to-month,Yes,Mailed check,88.12,2107.22,Yes
4575-MCXKM,Male,0,No,Yes,7,Yes,No,No,No internet service,No internet service,No internet service,No internet service,No internet service,No internet service,Month-to-month,Yes,Bank transfer (automatic),23.91,198.29,No
2924-RXUUB,Female,0,Yes,No,25,Yes,Yes,No,No internet service,No internet service,No internet service,No internet service,No internet service,No internet service,One year,No,Mailed check,33.17,823.08,No
1091-AOXJN,Female,0,Yes,No,13,Yes,Yes,DSL,No,No,No,Yes,Yes,Yes,Month-to-month,Yes,Electronic check,82.37,1029.24,No
4896-GQVPB,Female,1,No,No,33,Yes,No,Fiber optic,No,Yes,No,No,Yes,Yes,Month-to-month,Yes,Mailed check,90.34,3006.84,Yes
1375-KMIKL,Male,0,No,Yes,6,Yes,No,Fiber optic,No,No,Yes,No,Yes,Yes,Month-to-month,No,Mailed check,91.31,514.36,Yes
4103-CMAYU,Male,1,Yes,No,16,Yes,Yes,DSL,No,No,Yes,No,Yes,Yes,Two year,No,Mailed check,78.46,1275.68,No
3577-WBUJX,Female,0,Yes,No,69,Yes,Yes,No,No internet service,No internet service,No internet service,No internet service,No internet service,No internet service,Two year,Yes,Mailed check,31.56,2081.56,No
1955-MCRAI,Female,0,Yes,No,10,Yes,No,Fiber optic,Yes,Yes,Yes,No,Yes,Yes,Month-to-month,No,Electronic check,101.74,1052.89,Yes
1964-QANJT,Female,0,Yes,No,53,Yes,Yes,No,No internet service,No internet service,No internet service,No internet service,No internet service,No internet service,One year,Yes,Credit card (automatic),30.58,1606.29,No
3267-XJWBJ,Male,0,No,Yes,49,Yes,No,No,No internet service,No internet service,No internet service,No internet service,No internet service,No internet service,One year,No,Credit card (automatic),25.62,1268.03,No
2910-MMKPM,Male,0,No,Yes,12,Yes,Yes,DSL,No,Yes,No,No,No,No,Month-to-month,No,Credit card (automatic),58.14,733.98,Yes
1984-CDMOU,Female,0,No,Yes,51,Yes,No,Fiber optic,Yes,Yes,No,Yes,No,No,One year,Yes,Credit card (automatic),87.78,4458.53,No
0044-BHICN,Female,0,Yes,No,61,Yes,Yes,DSL,No,No,Yes,Yes,Yes,No,Month-to-month,Yes,Bank transfer (automatic),71.33,4412.82,No
5291-TOJDY,Female,1,Yes,Yes,1,Yes,Yes,Fiber optic,No,No,No,No,Yes,Yes,Month-to-month,No,Electronic check,94.81,146.85,Yes
2398-JWTBP,Female,0,Yes,No,66,Yes,No,Fiber optic,No,No,Yes,No,No,Yes,One year,Yes,Credit card (automatic),85.76,5501.75,No
1420-SAZOT,Female,0,No,Yes,38,Yes,No,No,No internet service,No internet service,No internet service,No internet service,No internet service,No internet service,Month-to-month,Yes,Bank transfer (automatic),26.37,1001.64,No
0917-VAYBX,Female,0,No,No,10,Yes,No,No,No internet service,No internet service,No internet service,No internet service,No internet service,No internet service,Month-to-month,Yes,Electronic check,28.75,339.64,No
0499-IYSOM,Female,0,No,No,16,No,No phone service,Fiber optic,No,Yes,Yes,No,Yes,Yes,Month-to-month,No,Bank transfer (automatic),88.23,1520.96,Yes
0689-MQEQV,Male,0,No,No,28,No,No phone service,No,No internet service,No internet service,No internet service,No internet service,No internet service,No internet service,One year,Yes,Credit card (automatic),18.0,475.65,No
2747-KDJQF,Male,0,No,Yes,23,Yes,No,DSL,Yes,Yes,No,Yes,Yes,No,Month-to-month,No,Bank transfer (automatic),74.57,1632.03,Yes
1142-IKUNT,Male,0,No,No,27,Yes,No,Fiber optic,No,Yes,No,No,Yes,Yes,Month-to-month,Yes,Electronic check,90.69,2453.74,Yes
2476-URVMT,Female,0,No,No,2,Yes,Yes,No,No internet service,No internet service,No internet service,No internet service,No internet service,No internet service,Month-to-month,No,Electronic check,29.18,69.79,Yes
4512-VRVNC,Female,0,No,No,53,Yes,Yes,DSL,No,No,No,Yes,Yes,No,Month-to-month,Yes,Mailed check,69.39,3548.29,No
2366-STYBH,Male,0,Yes,No,22,Yes,No,DSL,No,No,Yes,No,Yes,Yes,Month-to-month,Yes,Credit card (automatic),75.46,1589.98,Yes
3192-ZTXTC,Male,0,Yes,No,33,Yes,No,DSL,No,No,No,No,Yes,Yes,One year,Yes,Electronic check,63.6,1952.59,Yes
2239-GENDZ,Female,1,No,No,1,Yes,No,No,No internet service,No internet service,No internet service,No internet service,No internet service,No internet service,Month-to-month,Yes,Electronic check,25.41,15.25,Yes
0234-KVPDH,Male,0,Yes,Yes,35,Yes,Yes,DSL,No,No,Yes,No,No,Yes,Two year,Yes,Electronic check,72.68,2348.63,No
1910-TGICA,Male,0,No,No,44,Yes,Yes,DSL,No,No,Yes,No,Yes,Yes,One year,Yes,Mailed check,75.88,3179.41,No
4634-AKHVA,Male,0,Yes,Yes,7,Yes,No,No,No internet service,No internet service,No internet service,No internet service,No internet service,No internet service,Month-to-month,Yes,Mailed check,23.37,168.17,No
0032-YNVHH,Male,0,No,Yes,53,Yes,No,Fiber optic,Yes,No,No,Yes,No,Yes,Two year,No,Mailed check,93.85,4522.73,No
3501-ZULBA,Female,0,Yes,No,6,Yes,Yes,DSL,No,Yes,No,No,Yes,Yes,One year,Yes,Mailed check,76.93,513.84,No
3050-DDOKU,Female,0,No,No,22,Yes,Yes,No,No internet service,No internet service,No internet service,No internet service,No internet service,No internet service,Month-to-month,No,Credit card (automatic),32.28,723.53,No
3966-AJUAP,Female,0,Yes,No,23,No,No phone service,DSL,Yes,No,No,Yes,No,No,One year,Yes,Credit card (automatic),52.87,1173.21,No
0269-WGDRN,Female,1,Yes,No,4,Yes,No,Fiber optic,Yes,No,No,Yes,Yes,Yes,Month-to-month,No,Electronic check,98.88,455.8,Yes
4129-TBUGE,Male,1,Yes,No,51,Yes,No,Fiber optic,Yes,No,Yes,Yes,Yes,No,One year,Yes,Electronic check,91.55,4497.57,No
0999-NMNNS,Female,1,No,Yes,13,Yes,Yes,No,No internet service,No internet service,No internet service,No internet service,No internet service,No internet service,Month-to-month,Yes,Electronic check,34.67,436.21,Yes
0455-YCDTI,Female,1,Yes,No,25,No,No phone service,DSL,No,No,No,No,Yes,No,Month-to-month,Yes,Electronic check,52.47,1290.18,Yes
3461-MQKQH,Female,0,Yes,No,59,Yes,No,No,No internet service,No internet service,No internet service,No internet service,No internet service,No internet service,Two year,Yes,Bank transfer (automatic),25.61,1404.03,No
0509-JUZLJ,Male,0,No,No,21,Yes,No,Fiber optic,No,Yes,Yes,No,No,Yes,One year,Yes,Electronic check,92.78,1994.86,Yes
1518-PAVME,Female,0,Yes,Yes,35,Yes,Yes,Fiber optic,No,No,Yes,Yes,Yes,No,Month-to-month,Yes,Electronic check,97.33,3445.5,No
4796-OSKRQ,Male,0,Yes,No,68,Yes,Yes,Fiber optic,Yes,Yes,No,Yes,No,No,Month-to-month,Yes,Electronic check,95.35,6539.26,Yes
4153-JMKGG,Male,1,No,No,53,Yes,Yes,Fiber optic,No,No,No,No,No,No,One year,Yes,Credit card (automatic),76.21,3816.96,No
3195-UWZHG,Female,0,No,No,2,Yes,Yes,No,No internet service,No internet service,No internet service,No internet service,No internet service,No internet service,Month-to-month,No,Credit card (automatic),30.51,84.98,Yes
4537-REOXY,Female,0,Yes,No,18,Yes,No,DSL,Yes,Yes,No,No,No,Yes,One year,Yes,Mailed check,71.27,1188.96,No
4432-FUETF,Female,0,Yes,No,55,Yes,No,Fiber optic,Yes,Yes,Yes,No,No,Yes,Two year,Yes,Bank transfer (automatic),99.6,4976.96,No
4726-IKSNO,Male,0,No,Yes,10,No,No phone service,Fiber optic,No,No,Yes,Yes,Yes,No,Month-to-month,No,Credit card (automatic),76.01,721.39,Yes
2399-GBIXQ,Male,0,No,Yes,57,Yes,Yes,DSL,Yes,No,No,No,Yes,No,Two year,No,Mailed check,73.67,3916.96,No
0067-DIMLP,Female,0,Yes,No,16,Yes,No,DSL,No,No,Yes,No,Yes,No,Month-to-month,Yes,Credit card (automatic),64.56,998.56,Yes
0169-FIHGQ,Male,0,No,No,30,Yes,No,Fiber optic,No,Yes,Yes,No,Yes,Yes,Two year,No,Electronic check,95.85,2600.88,Yes
3167-ADZEA,Male,1,No,No,12,Yes,No,Fiber optic,Yes,Yes,No,No,Yes,Yes,One year,Yes,Mailed check,98.37,1024.41,No
0870-HJZJO,Male,0,Yes,No,61,Yes,Yes,No,No internet service,No internet service,No internet service,No internet service,No internet service,No internet service,Two year,Yes,Mailed check,31.79,1782.63,No
1673-LDRVS,Male,0,No,No,37,Yes,Yes,No,No internet service,No internet service,No internet service,No internet service,No internet service,No internet service,Two year,No,Credit card (automatic),33.55,1153.99,No
0556-CUJKE,Female,0,No,No,72,Yes,Yes,DSL,No,No,No,No,Yes,Yes,Month-to-month,Yes,Bank transfer (automatic),76.12,5413.67,Yes
2968-DGDYG,Female,0,No,No,16,Yes,No,Fiber optic,No,No,Yes,No,No,Yes,One year,No,Mailed check,87.08,1418.72,No
1601-MFPPW,Male,0,No,No,21,Yes,Yes,Fiber optic,Yes,No,No,No,Yes,No,Two year,Yes,Mailed check,86.78,1650.32,No
0681-UJBPU,Female,1,Yes,Yes,31,Yes,Yes,DSL,No,No,No,No,No,Yes,One year,No,Credit card (automatic),68.62,2073.51,No
4348-JTWZH,Female,0,No,No,9,Yes,Yes,DSL,Yes,No,No,No,No,Yes,Month-to-month,Yes,Mailed check,66.8,574.62,Yes
2772-NSXVQ,Female,0,Yes,Yes,52,Yes,Yes,DSL,Yes,No,No,Yes,Yes,Yes,Month-to-month,No,Electronic check,84.55,4453.33,No
1328-VEHIG,Male,0,Yes,Yes,27,Yes,No,DSL,No,No,Yes,No,No,No,Two year,No,Bank transfer (automatic),58.44,1492.31,No
2707-QHGDY,Female,0,Yes,No,21,Yes,Yes,No,No internet service,No internet service,No internet service,No internet service,No internet service,No internet service,One year,Yes,Bank transfer (automatic),33.21,654.44,No
1268-JWUHK,Female,1,No,No,31,Yes,Yes,Fiber optic,No,No,Yes,No,No,Yes,Month-to-month,No,Bank transfer (automatic),91.32,2948.11,Yes
1737-DNZAQ,Male,1,No,No,47,Yes,No,DSL,No,Yes,Yes,No,Yes,No,Two year,Yes,Mailed check,70.37,3062.73,No
0338-WITJU,Female,0,Yes,Yes,8,Yes,Yes,DSL,Yes,No,Yes,No,No,Yes,Month-to-month,Yes,Credit card (automatic),74.83,637.2,No
1806-MKJRR,Female,0,Yes,No,44,Yes,Yes,DSL,No,No,No,No,No,No,One year,Yes,Credit card (automatic),62.22,2621.77,No
0026-YCGOK,Male,0,No,No,22,Yes,Yes,DSL,Yes,No,Yes,No,Yes,No,One year,Yes,Electronic check,72.57,1552.59,No
2477-SSKXV,Male,0,Yes,No,0,Yes,Yes,No,No internet service,No internet service,No internet service,No internet service,No internet service,No internet service,Two year,Yes,Electronic check,30.78,,Yes
2080-YXFUZ,Female,1,Yes,No,3,Yes,No,DSL,No,No,No,Yes,Yes,No,Month-to-month,No,Mailed check,65.62,200.49,No
3447-MPFJB,Male,0,No,No,65,Yes,No,Fiber optic,Yes,No,No,Yes,No,No,One year,Yes,Credit card (automatic),76.68,4804.47,No
3214-OVMIJ,Female,1,No,Yes,63,No,No phone service,Fiber optic,No,No,No,Yes,Yes,Yes,Two year,Yes,Credit card (automatic),81.98,4796.95,No
0429-JVUFS,Female,1,Yes,Yes,43,Yes,No,DSL,No,No,Yes,No,Yes,No,Month-to-month,No,Electronic check,66.0,2793.09,No
4784-XHYVL,Female,0,No,No,60,Yes,No,No,No internet service,No internet service,No internet service,No internet service,No internet service,No internet service,One year,No,Electronic check,25.41,1508.62,No
2413-IETWE,Female,0,No,Yes,27,Yes,No,Fiber optic,Yes,No,No,Yes,No,No,One year,No,Electronic check,85.73,2173.63,No
0636-VKODN,Male,0,No,No,18,Yes,Yes,Fiber optic,Yes,No,Yes,Yes,Yes,No,Month-to-month,Yes,Electronic check,102.49,1921.15,No
1856-LQJYZ,Female,0,No,Yes,41,Yes,Yes,Fiber optic,No,Yes,No,No,Yes,Yes,One year,Yes,Electronic check,102.68,4075.31,No
2416-DZUCL,Male,0,No,No,64,Yes,Yes,Fiber optic,No,No,Yes,No,Yes,Yes,Two year,Yes,Credit card (automatic),99.99,5908.38,No
4620-NXFLW,Male,1,No,No,9,No,No phone service,DSL,No,No,Yes,No,No,No,Month-to-month,No,Credit card (automatic),44.23,423.12,Yes
4874-GTGHV,Female,0,No,No,72,Yes,Yes,No,No internet service,No internet service,No internet service,No internet service,No internet service,No internet service,Month-to-month,No,Mailed check,31.49,2289.86,No
2078-DMWQW,Male,1,No,No,72,Yes,No,DSL,No,No,Yes,No,Yes,No,Month-to-month,Yes,Electronic check,62.49,4573.29,No
4283-ZLHCS,Female,0,No,No,3,Yes,No,Fiber optic,Yes,Yes,Yes,No,No,No,Month-to-month,Yes,Electronic check,88.49,231.76,No
4693-LNXPD,Male,0,No,Yes,34,Yes,No,DSL,No,No,Yes,Yes,Yes,Yes,Two year,Yes,Bank transfer (automatic),84.14,2671.19,No
3949-VCXXG,Female,0,Yes,No,16,Yes,Yes,Fiber optic,No,No,Yes,No,No,No,Month-to-month,Yes,Mailed check,84.2,1475.33,Yes
1425-KDLRD,Male,0,No,No,20,Yes,No,Fiber optic,No,No,No,Yes,Yes,Yes,Month-to-month,Yes,Mailed check,90.08,1824.61,No
1844-VKIZS,Male,0,No,No,9,Yes,Yes,No,No internet service,No internet service,No internet service,No internet service,No internet service,No internet service,Month-to-month,Yes,Bank transfer (automatic),29.39,271.41,Yes
4094-QCADM,Male,0,No,No,47,Yes,Yes,Fiber optic,Yes,Yes,No,No,Yes,No,One year,Yes,Electronic check,94.76,4292.11,Yes
0503-RRBGV,Male,0,No,No,28,Yes,Yes,Fiber optic,No,No,Yes,No,No,Yes,Month-to-month,No,Electronic check,95.13,2519.45,Yes
0833-AXXTV,Male,0,No,Yes,3,Yes,No,DSL,No,No,No,No,Yes,Yes,Month-to-month,Yes,Credit card (automatic),63.62,145.63,Yes
2231-RZRPY,Male,1,Yes,No,20,Yes,No,Fiber optic,No,Yes,Yes,No,Yes,No,Month-to-month,No,Electronic check,91.78,1731.06,Yes
1293-XHRBU,Female,0,No,No,49,Yes,Yes,DSL,No,No,Yes,Yes,Yes,Yes,Two year,Yes,Mailed check,83.21,3625.85,No
4149-XGASV,Male,0,No,Yes,3,No,No phone service,Fiber optic,No,Yes,Yes,Yes,Yes,Yes,Month-to-month,Yes,Mailed check,95.39,294.53,Yes
0422-DEWIX,Male,1,Yes,No,6,Yes,No,Fiber optic,Yes,No,No,Yes,No,No,Month-to-month,No,Mailed check,83.08,599.67,No
1937-PKVKH,Male,0,Yes,No,44,Yes,Yes,DSL,Yes,Yes,No,Yes,Yes,Yes,Two year,Yes,Electronic check,88.21,3674.27,No
4349-BPWNV,Female,0,No,No,45,Yes,Yes,Fiber optic,No,Yes,No,No,No,Yes,Two year,Yes,Electronic check,90.39,3633.52,Yes
3506-QBICK,Female,0,No,Yes,16,Yes,No,Fiber optic,No,No,Yes,No,Yes,Yes,One year,No,Electronic check,95.14,1609.37,Yes
2626-MUPKO,Female,0,No,No,3,Yes,No,Fiber optic,No,No,No,No,No,Yes,Month-to-month,No,Bank transfer (automatic),82.52,208.94,Yes
1094-HMXRW,Female,0,Yes,No,5,Yes,Yes,Fiber optic,No,Yes,Yes,Yes,No,No,Month-to-month,No,Credit card (automatic),92.17,561.3,Yes
2203-FOOVV,Female,0,No,No,62,Yes,No,No,No internet service,No internet service,No internet service,No internet service,No internet service,No internet service,Two year,No,Electronic check,22.68,1283.48,No
3965-AYFRR,Male,0,No,No,15,Yes,Yes,No,No internet service,No internet service,No internet service,No internet service,No internet service,No internet service,Month-to-month,Yes,Mailed check,36.36,523.89,No
0697-HKOSR,Male,0,Yes,No,61,Yes,Yes,No,No internet service,No internet service,No internet service,No internet service,No internet service,No internet service,Two year,Yes,Bank transfer (automatic),38.39,2198.5,No
0835-MHSHS,Female,0,No,Yes,10,Yes,No,No,No internet service,No internet service,No internet service,No internet service,No internet service,No internet service,One year,Yes,Electronic check,27.86,249.97,Yes
3555-DHGAO,Male,0,No,No,6,Yes,Yes,DSL,No,No,No,Yes,Yes,Yes,Month-to-month,No,Electronic check,81.95,568.59,Yes
5237-MCCLC,Male,0,Yes,No,36,Yes,Yes,DSL,Yes,No,Yes,Yes,No,No,Month-to-month,No,Bank transfer (automatic),70.93,2619.94,No
0526-JNANG,Female,0,No,No,19,Yes,Yes,DSL,No,No,No,No,No,No,Two year,Yes,Electronic check,59.46,1058.57,No
0130-DFKOX,Female,0,Yes,Yes,38,Yes,Yes,DSL,No,No,No,No,No,Yes,Two year,No,Mailed check,68.48,2380.35,No
4515-HIGLS,Female,0,No,Yes,17,Yes,No,No,No internet service,No internet service,No internet service,No internet service,No internet service,No internet service,Month-to-month,No,Mailed check,30.11,510.38,Yes
5201-BAROZ,Male,0,No,No,43,Yes,No,Fiber optic,No,Yes,Yes,No,Yes,Yes,One year,Yes,Credit card (automatic),98.39,4070.27,No
0630-DKPTC,Male,0,No,No,3,Yes,Yes,Fiber optic,No,No,No,No,No,No,Month-to-month,Yes,Electronic check,82.61,315.47,Yes
3117-UVXJI,Female,1,No,No,31,Yes,No,DSL,No,No,Yes,Yes,No,Yes,Month-to-month,Yes,Electronic check,68.06,2115.13,No
2591-LYTAA,Female,1,No,No,62,Yes,No,No,No internet service,No internet service,No internet service,No internet service,No internet service,No internet service,One year,Yes,Electronic check,24.01,1468.24,No
4414-ZAQUN,Female,1,No,No,4,Yes,No,DSL,No,Yes,No,Yes,Yes,Yes,Month-to-month,Yes,Credit card (automatic),77.3,272.91,Yes
4272-YFGAY,Female,0,No,No,21,Yes,Yes,No,No internet service,No internet service,No internet service,No internet service,No internet service,No internet service,Month-to-month,No,Credit card (automatic),28.41,615.12,Yes
1247-GQRVL,Female,0,No,Yes,57,Yes,Yes,Fiber optic,Yes,Yes,No,No,Yes,Yes,One year,Yes,Mailed check,111.25,5975.25,Yes
0280-GCCED,Male,0,No,No,32,Yes,Yes,No,No internet service,No internet service,No internet service,No internet service,No internet service,No internet service,Month-to-month,Yes,Mailed check,31.67,970.23,Yes
2546-JLJUI,Female,0,Yes,Yes,38,Yes,Yes,DSL,No,Yes,No,No,No,No,Two year,Yes,Electronic check,63.59,2248.85,No
1762-YLVKL,Female,1,Yes,No,39,Yes,No,Fiber optic,Yes,No,No,No,Yes,Yes,Month-to-month,Yes,Electronic check,91.18,3560.52,Yes
3811-SUSZE,Female,1,Yes,No,5,Yes,No,Fiber optic,Yes,No,No,Yes,No,No,Month-to-month,Yes,Mailed check,81.49,447.72,No
3857-KSFEF,Male,0,No,No,25,Yes,No,Fiber optic,No,Yes,Yes,Yes,Yes,No,Month-to-month,Yes,Bank transfer (automatic),92.64,2261.48,Yes
0061-LXLCR,Female,0,Yes,No,52,Yes,Yes,DSL,No,No,Yes,No,Yes,Yes,One year,Yes,Credit card (automatic),79.02,4123.13,No
4936-UQYMJ,Male,0,Yes,No,57,Yes,Yes,No,No internet service,No internet service,No internet service,No internet service,No internet service,No internet service,Two year,Yes,Credit card (automatic),36.26,1971.57,No
3275-XWMTO,Male,0,No,No,16,Yes,Yes,DSL,Yes,No,No,Yes,Yes,Yes,Month-to-month,No,Electronic check,89.32,1362.58,No
2178-HFQFA,Female,0,No,No,7,Yes,Yes,Fiber optic,No,Yes,Yes,Yes,Yes,No,Month-to-month,Yes,Credit card (automatic),101.44,802.02,Yes
1726-AXUCB,Male,0,Yes,No,28,No,No phone service,DSL,No,No,Yes,No,No,No,Month-to-month,Yes,Mailed check,52.69,1422.39,Yes
4284-GTLXG,Female,0,No,No,38,Yes,Yes,DSL,Yes,Yes,Yes,Yes,No,No,Two year,No,Bank transfer (automatic),78.11,2775.11,No
4142-MYGKL,Male,0,No,Yes,4,Yes,Yes,Fiber optic,No,No,No,No,Yes,No,Month-to-month,No,Electronic check,87.17,243.0,Yes
4021-BVDBQ,Male,0,No,No,57,Yes,Yes,Fiber optic,Yes,Yes,Yes,No,Yes,Yes,Two year,Yes,Electronic check,111.54,5904.28,No
4640-CAFGT,Male,0,No,Yes,46,Yes,No,Fiber optic,Yes,No,Yes,Yes,Yes,No,Two year,Yes,Credit card (automatic),97.37,4290.3,Yes
0528-BPKOS,Male,0,Yes,No,7,Yes,No,Fiber optic,No,No,Yes,No,Yes,No,Month-to-month,Yes,Mailed check,87.45,540.52,Yes
0048-JYQDC,Female,0,Yes,No,58,Yes,Yes,Fiber optic,Yes,Yes,Yes,Yes,No,No,Month-to-month,Yes,Bank transfer (automatic),101.27,5926.64,No
4744-LTJHR,Female,0,No,No,66,Yes,No,Fiber optic,Yes,No,Yes,No,No,Yes,Month-to-month,Yes,Electronic check,87.19,5740.13,No
2003-ZGKDS,Female,0,No,Yes,44,Yes,Yes,Fiber optic,No,Yes,No,No,No,Yes,Month-to-month,Yes,Mailed check,95.59,4305.9,No
1596-HECYX,Female,0,Yes,No,69,Yes,No,No,No internet service,No internet service,No internet service,No internet service,No internet service,No internet service,Month-to-month,Yes,Mailed check,18.34,1252.27,No
0717-QXKQF,Female,0,Yes,No,13,Yes,No,DSL,Yes,Yes,Yes,No,No,Yes,Month-to-month,Yes,Mailed check,69.84,834.16,Yes
4008-JMOUP,Male,0,Yes,No,12,Yes,No,Fiber optic,No,Yes,No,No,No,No,Month-to-month,No,Bank transfer (automatic),83.41,954.73,No
4479-JJEKC,Female,0,No,No,18,Yes,Yes,DSL,Yes,No,Yes,No,Yes,No,Month-to-month,No,Electronic check,76.57,1331.75,No
1332-OKMBU,Male,0,Yes,No,23,Yes,No,DSL,No,Yes,No,Yes,No,No,Month-to-month,Yes,Mailed check,55.45,1301.01,Yes
2562-LIAZT,Male,0,Yes,No,13,Yes,Yes,Fiber optic,Yes,No,Yes,No,Yes,Yes,Month-to-month,Yes,Mailed check,102.39,1237.71,Yes
2975-IIDYC,Male,0,No,No,14,Yes,Yes,DSL,No,No,No,No,No,Yes,Month-to-month,Yes,Mailed check,63.6,856.61,Yes
1016-GOUPL,Male,0,Yes,Yes,55,Yes,Yes,DSL,No,No,Yes,No,Yes,Yes,One year,No,Electronic check,79.68,4250.65,No
5018-VYSRS,Male,0,Yes,No,47,Yes,Yes,No,No internet service,No internet service,No internet service,No internet service,No internet service,No internet service,Two year,Yes,Bank transfer (automatic),32.58,1418.38,No
4917-PLEZX,Female,1,No,Yes,0,Yes,No,Fiber optic,Yes,No,No,No,Yes,Yes,Month-to-month,Yes,Electronic check,94.45,,Yes
4016-PDEAK,Male,0,Yes,No,69,Yes,No,DSL,No,No,No,No,Yes,No,One year,Yes,Credit card (automatic),55.88,3746.17,No
0765-JOPHX,Female,0,Yes,Yes,45,Yes,No,No,No internet service,No internet service,No internet service,No internet service,No internet service,No internet service,One year,No,Electronic check,26.97,1212.28,No
0942-NANPG,Female,0,No,No,54,Yes,No,Fiber optic,Yes,Yes,No,No,Yes,Yes,Two year,Yes,Electronic check,100.13,5122.27,No
1694-TICRU,Male,0,Yes,Yes,10,Yes,No,No,No internet service,No internet service,No internet service,No internet service,No internet service,No internet service,Month-to-month,No,Mailed check,23.4,251.37,No
2119-PMSIS,Male,0,Yes,No,36,Yes,Yes,Fiber optic,Yes,Yes,Yes,No,No,Yes,Month-to-month,No,Mailed check,109.28,3910.35,No
1044-PWJCX,Female,0,No,No,58,Yes,No,Fiber optic,No,Yes,No,Yes,No,Yes,Two year,No,Credit card (automatic),92.58,4934.55,No
5289-OZFSB,Female,0,Yes,Yes,72,Yes,No,DSL,No,No,Yes,No,Yes,No,Month-to-month,Yes,Mailed check,70.0,4969.19,No
1012-ZIGFH,Male,0,Yes,Yes,0,Yes,Yes,Fiber optic,Yes,Yes,No,Yes,Yes,No,Month-to-month,Yes,Mailed check,103.37,,Yes
4892-LUDGP,Male,0,No,No,33,Yes,Yes,DSL,No,No,Yes,Yes,Yes,Yes,One year,Yes,Credit card (automatic),84.56,2865.48,Yes
0441-TKKTK,Male,0,Yes,No,36,Yes,No,No,No internet service,No internet service,No internet service,No internet service,No internet service,No internet service,Two year,Yes,Electronic check,29.4,982.8,No
3052-VDPBP,Male,0,No,Yes,3,Yes,Yes,Fiber optic,Yes,No,Yes,No,No,Yes,Month-to-month,No,Mailed check,105.4,377.09,Yes
2199-RBVPY,Female,1,No,Yes,3,Yes,No,Fiber optic,Yes,No,No,Yes,No,No,Month-to-month,Yes,Electronic check,81.09,151.59,Yes
4641-VFHTS,Male,0,Yes,No,37,Yes,Yes,Fiber optic,No,Yes,Yes,Yes,No,No,One year,Yes,Electronic check,87.31,3148.19,No
1271-UJMII,Male,0,No,No,2,Yes,No,No,No internet service,No internet service,No internet service,No internet service,No internet service,No internet service,Month-to-month,No,Bank transfer (automatic),28.86,56.81,No
1097-RBECZ,Female,0,Yes,No,30,Yes,No,Fiber optic,No,Yes,Yes,Yes,No,No,One year,Yes,Electronic check,86.98,2616.33,No
1230-XKZEM,Male,0,No,Yes,34,Yes,No,Fiber optic,No,Yes,Yes,No,Yes,No,Two year,No,Credit card (automatic),94.34,2908.38,No
0168-OVIKJ,Male,0,No,No,45,Yes,No,DSL,No,Yes,Yes,Yes,Yes,Yes,Two year,No,Electronic check,84.9,3551.28,No
2706-OZRIB,Male,0,No,No,66,No,No phone service,Fiber optic,Yes,No,Yes,No,Yes,Yes,One year,No,Bank transfer (automatic),91.55,5819.86,No
4031-XMVLZ,Male,0,Yes,Yes,19,Yes,Yes,DSL,No,No,Yes,Yes,No,Yes,Month-to-month,Yes,Credit card (automatic),81.52,1527.8,No
3450-EBJZI,Male,0,Yes,Yes,29,Yes,Yes,Fiber optic,Yes,No,Yes,Yes,No,No,Month-to-month,No,Bank transfer (automatic),91.44,2620.45,Yes
0179-AQKMQ,Female,0,Yes,No,55,Yes,No,DSL,Yes,Yes,Yes,Yes,No,Yes,One year,No,Electronic check,81.24,4364.49,No
2956-UPFDI,Female,0,No,No,61,Yes,No,DSL,No,No,Yes,Yes,No,No,Two year,Yes,Electronic check,60.91,3502.27,No
3536-HANGK,Female,0,Yes,Yes,64,Yes,Yes,No,No internet service,No internet service,No internet service,No internet service,No internet service,No internet service,One year,Yes,Bank transfer (automatic),36.34,2278.48,No
2512-UPQVT,Male,1,Yes,No,60,Yes,No,No,No internet service,No internet service,No internet service,No internet service,No internet service,No internet service,One year,No,Bank transfer (automatic),19.92,1166.08,No
4969-YQHJV,Female,1,No,No,13,No,No phone service,No,No internet service,No internet service,No internet service,No internet service,No internet service,No internet service,Two year,No,Credit card (automatic),18.0,233.84,No
5092-MDGNK,Male,0,No,No,14,Yes,No,No,No internet service,No internet service,No internet service,No internet service,No internet service,No internet service,Month-to-month,No,Mailed check,32.49,443.78,Yes
0966-DMHTP,Female,0,No,Yes,37,Yes,Yes,Fiber optic,Yes,Yes,Yes,No,Yes,Yes,Month-to-month,No,Credit card (automatic),111.44,4064.38,No
0857-CJPNH,Female,0,Yes,No,66,Yes,No,No,No internet service,No internet service,No internet service,No internet service,No internet service,No internet service,One year,No,Electronic check,21.78,1386.82,No
4787-RETUL,Female,0,Yes,No,62,No,No phone service,Fiber optic,Yes,Yes,Yes,Yes,Yes,Yes,One year,Yes,Electronic check,103.0,6103.99,Yes
5244-VBRQK,Male,1,No,No,20,Yes,No,No,No internet service,No internet service,No internet service,No internet service,No internet service,No internet service,Month-to-month,No,Credit card (automatic),26.06,554.36,No
0962-BEWCD,Female,0,No,No,67,Yes,No,No,No internet service,No internet service,No internet service,No internet service,No internet service,No internet service,One year,No,Bank transfer (automatic),27.19,1745.57,No
2458-QKJBU,Male,0,Yes,No,0,Yes,No,Fiber optic,Yes,Yes,No,Yes,Yes,No,Month-to-month,Yes,Electronic check,98.43,,Yes
4148-SLQXA,Male,0,Yes,Yes,40,Yes,Yes,Fiber optic,No,Yes,No,No,Yes,Yes,Two year,No,Credit card (automatic),100.71,3688.28,No
1667-HFRDL,Male,1,Yes,No,23,Yes,Yes,Fiber optic,Yes,No,Yes,No,Yes,No,Month-to-month,Yes,Electronic check,95.62,2195.47,Yes
4297-COTVK,Male,0,No,Yes,22,Yes,No,Fiber optic,Yes,No,Yes,No,Yes,No,Two year,Yes,Bank transfer (automatic),85.7,1801.64,No
4746-WBJFY,Female,1,Yes,No,1,Yes,No,DSL,No,Yes,No,Yes,No,Yes,Month-to-month,Yes,Mailed check,72.85,105.45,Yes
3868-GDZDK,Male,0,No,No,11,Yes,No,No,No internet service,No internet service,No internet service,No internet service,No internet service,No internet service,Month-to-month,No,Bank transfer (automatic),26.1,248.51,Yes
0539-KNZYJ,Female,1,Yes,Yes,39,Yes,Yes,DSL,Yes,Yes,Yes,No,No,Yes,Month-to-month,Yes,Electronic check,76.29,3001.98,No
1891-KKFPA,Male,0,Yes,No,22,Yes,Yes,DSL,Yes,Yes,No,No,No,Yes,Month-to-month,Yes,Mailed check,78.19,1725.85,No
3299-ADQNS,Female,0,No,No,6,No,No phone service,DSL,No,Yes,No,Yes,Yes,No,Month-to-month,No,Electronic check,62.95,241.91,No
1677-LAOMW,Male,0,No,Yes,48,Yes,No,No,No internet service,No internet service,No internet service,No internet service,No internet service,No internet service,Month-to-month,No,Mailed check,25.75,1239.94,Yes
2066-XRPWF,Male,0,No,No,66,Yes,Yes,Fiber optic,Yes,No,Yes,Yes,Yes,Yes,Two year,Yes,Bank transfer (automatic),108.76,6566.02,No
1755-IDMDH,Male,0,No,No,63,Yes,No,Fiber optic,No,No,Yes,Yes,No,No,Month-to-month,No,Credit card (automatic),86.56,5489.34,Yes
4662-DQTYK,Male,0,No,No,66,No,No phone service,No,No internet service,No internet service,No internet service,No internet service,No internet service,No internet service,Month-to-month,Yes,Bank transfer (automatic),18.0,1200.34,No
1042-DLFPL,Female,0,No,No,60,Yes,Yes,No,No internet service,No internet service,No internet service,No internet service,No internet service,No internet service,Two year,Yes,Credit card (automatic),33.61,1857.88,No
0447-XZQPN,Female,0,No,No,24,Yes,No,DSL,No,No,Yes,Yes,No,No,Month-to-month,Yes,Electronic check,58.15,1437.39,Yes
4547-WNDVG,Female,0,Yes,Yes,7,Yes,No,DSL,Yes,Yes,Yes,Yes,Yes,No,Month-to-month,No,Electronic check,80.21,571.16,No
0273-FHAIS,Female,0,No,No,58,No,No phone service,DSL,Yes,No,No,No,Yes,Yes,Two year,Yes,Bank transfer (automatic),63.32,3351.53,No
4618-XAHDL,Male,0,Yes,No,49,Yes,No,DSL,Yes,No,Yes,Yes,No,No,Two year,Yes,Bank transfer (automatic),67.05,3063.67,No
4854-PCSOR,Female,0,No,Yes,37,Yes,Yes,DSL,Yes,No,Yes,Yes,Yes,No,One year,Yes,Electronic check,86.51,3149.86,No
3614-DAXIR,Female,0,Yes,Yes,72,Yes,No,Fiber optic,No,Yes,No,No,No,No,Month-to-month,Yes,Bank transfer (automatic),77.26,5416.18,No
4472-CZTMM,Female,0,No,Yes,17,Yes,No,Fiber optic,No,Yes,Yes,Yes,No,No,One year,Yes,Bank transfer (automatic),82.98,1427.32,No
3380-PPPML,Female,0,Yes,Yes,70,Yes,Yes,DSL,No,Yes,No,Yes,No,No,One year,Yes,Credit card (automatic),66.24,4440.22,No
0876-HHRWK,Female,0,No,No,11,Yes,Yes,Fiber optic,Yes,No,No,No,No,Yes,Month-to-month,Yes,Credit card (automatic),88.82,1072.63,Yes
4670-MEWJA,Male,0,Yes,Yes,29,No,No phone service,DSL,No,Yes,Yes,No,No,No,Two year,No,Mailed check,56.36,1508.75,No
4657-RAHFK,Female,0,No,No,64,Yes,Yes,DSL,No,No,No,Yes,Yes,No,Month-to-month,Yes,Electronic check,69.69,4477.18,No
3888-BCBPL,Male,0,No,Yes,32,Yes,Yes,Fiber optic,No,Yes,No,Yes,No,Yes,Two year,No,Credit card (automatic),99.48,2894.47,No
3296-GSMYQ,Male,0,No,No,36,Yes,Yes,DSL,No,No,No,Yes,Yes,Yes,One year,Yes,Bank transfer (automatic),86.72,3059.56,No
2391-HLILI,Male,0,No,Yes,65,Yes,No,DSL,Yes,Yes,No,No,No,No,One year,Yes,Electronic check,66.95,4234.72,No
1477-JQJAV,Female,0,No,Yes,70,Yes,Yes,DSL,No,Yes,No,No,No,No,One year,Yes,Mailed check,55.35,3835.11,No
3509-YEVGC,Male,0,Yes,No,32,Yes,Yes,Fiber optic,No,No,No,Yes,Yes,No,Two year,Yes,Bank transfer (automatic),89.42,2630.3,No
4325-TQVHI,Female,0,No,Yes,8,Yes,No,DSL,Yes,Yes,No,Yes,No,No,Month-to-month,Yes,Credit card (automatic),66.86,527.34,Yes
4293-TIWKR,Male,1,Yes,No,14,No,No phone service,Fiber optic,Yes,Yes,Yes,No,Yes,No,Month-to-month,Yes,Bank transfer (automatic),86.19,1104.59,Yes
3778-CCMXW,Female,0,Yes,No,38,Yes,No,Fiber optic,No,No,Yes,Yes,No,Yes,Month-to-month,Yes,Bank transfer (automatic),86.2,3289.1,Yes
5085-VQCLG,Male,0,No,No,53,Yes,No,Fiber optic,Yes,No,No,Yes,Yes,No,Month-to-month,Yes,Credit card (automatic),87.52,4619.3,Yes
3220-TDZLR,Female,0,Yes,Yes,35,Yes,No,Fiber optic,Yes,Yes,No,No,No,No,Two year,No,Mailed check,78.37,2703.45,No
2732-LVGHW,Female,0,Yes,No,38,Yes,Yes,DSL,No,No,Yes,No,Yes,No,One year,No,Electronic check,80.69,2891.09,No
2465-ZPZJN,Female,0,Yes,No,0,Yes,No,No,No internet service,No internet service,No internet service,No internet service,No internet service,No internet service,Month-to-month,Yes,Electronic check,24.15,,Yes
3535-EFAVP,Female,0,Yes,No,3,Yes,No,Fiber optic,No,Yes,Yes,No,Yes,No,Month-to-month,No,Mailed check,89.56,282.19,Yes
3576-KHZQE,Male,0,No,No,49,Yes,Yes,Fiber optic,No,No,Yes,Yes,Yes,Yes,Month-to-month,No,Electronic check,105.51,5337.02,No
1416-PVZOL,Female,0,Yes,No,7,Yes,No,Fiber optic,No,Yes,No,Yes,No,Yes,Month-to-month,Yes,Mailed check,90.23,574.63,No
2866-WBHKR,Male,0,Yes,No,12,Yes,No,DSL,No,No,Yes,Yes,No,No,Two year,Yes,Credit card (automatic),63.5,597.07,No
0449-QGRLB,Male,0,No,No,5,Yes,Yes,DSL,Yes,Yes,No,No,No,No,Month-to-month,No,Electronic check,65.43,311.07,No
4444-OIAKL,Male,1,No,No,28,Yes,No,No,No internet service,No internet service,No internet service,No internet service,No internet service,No internet service,One year,Yes,Bank transfer (automatic),27.72,766.47,No
4133-NUWQG,Male,0,Yes,No,43,Yes,Yes,Fiber optic,No,No,No,No,No,Yes,One year,No,Electronic check,84.19,3603.9,No
0990-CFJNE,Female,0,Yes,Yes,67,No,No phone service,DSL,No,No,No,No,No,No,Two year,No,Credit card (automatic),37.14,2349.18,No
4419-ZPBZH,Male,0,Yes,No,50,Yes,Yes,No,No internet service,No internet service,No internet service,No internet service,No internet service,No internet service,One year,Yes,Mailed check,33.2,1607.91,No
3228-YRNGA,Male,1,No,No,72,Yes,Yes,Fiber optic,Yes,Yes,No,No,No,No,Month-to-month,No,Mailed check,85.86,6228.51,No
0381-LLZUH,Female,0,No,Yes,34,Yes,Yes,No,No internet service,No internet service,No internet service,No internet service,No internet service,No internet service,Two year,Yes,Electronic check,29.5,911.32,No
1126-WKQGK,Male,0,No,No,53,Yes,Yes,No,No internet service,No internet service,No internet service,No internet service,No internet service,No internet service,Two year,Yes,Credit card (automatic),37.59,1827.49,No
3790-CVIQW,Male,0,Yes,No,10,Yes,No,DSL,No,No,No,No,No,Yes,One year,No,Electronic check,62.56,640.75,Yes
2220-EBVCP,Male,1,Yes,Yes,70,Yes,Yes,DSL,No,No,No,Yes,Yes,Yes,Two year,No,Credit card (automatic),79.59,5137.33,No
1236-UXIHN,Male,0,Yes,No,11,Yes,Yes,Fiber optic,Yes,Yes,Yes,Yes,No,No,Month-to-month,No,Bank transfer (automatic),97.23,968.21,Yes
5206-HBVPK,Female,0,Yes,Yes,35,Yes,Yes,DSL,No,No,No,Yes,No,No,Month-to-month,Yes,Bank transfer (automatic),63.48,2222.01,Yes
4257-YMNQS,Female,1,Yes,No,23,Yes,No,Fiber optic,Yes,No,No,No,No,No,Month-to-month,No,Electronic check,72.03,1648.67,Yes
0652-FLNGU,Male,0,No,No,67,Yes,No,DSL,Yes,No,No,No,No,No,One year,No,Electronic check,54.78,3580.1,No
1662-SKSJZ,Female,0,Yes,No,13,Yes,No,Fiber optic,No,Yes,No,No,No,No,One year,Yes,Electronic check,75.04,900.01,Yes
2027-JFMPJ,Male,0,Yes,Yes,9,Yes,Yes,DSL,No,Yes,No,No,Yes,Yes,One year,No,Credit card (automatic),80.4,606.42,Yes
0102-WSMFC,Female,1,Yes,Yes,27,Yes,No,Fiber optic,No,Yes,Yes,Yes,Yes,No,One year,Yes,Mailed check,94.54,2545.31,Yes
3791-POFKO,Female,0,No,No,26,Yes,Yes,Fiber optic,No,No,No,No,Yes,No,Month-to-month,No,Electronic check,89.88,2471.12,Yes
4075-XWGSR,Female,0,No,No,47,Yes,No,Fiber optic,No,Yes,No,Yes,No,No,One year,Yes,Credit card (automatic),78.13,3588.67,No
3460-LERXB,Female,0,No,Yes,7,Yes,Yes,DSL,No,No,Yes,No,Yes,Yes,Month-to-month,Yes,Electronic check,77.57,582.19,Yes
2954-LOYBG,Female,0,No,No,69,Yes,No,Fiber optic,No,No,No,No,Yes,Yes,Two year,No,Electronic check,89.6,5901.58,No
0248-EMRVY,Male,0,Yes,No,11,Yes,No,Fiber optic,Yes,No,Yes,No,Yes,No,Month-to-month,No,Mailed check,88.95,1051.77,Yes
4631-PGTGS,Male,0,No,Yes,67,Yes,Yes,DSL,Yes,No,No,No,No,No,Month-to-month,Yes,Bank transfer (automatic),57.18,3872.17,No
2966-RMXFB,Female,0,No,No,23,Yes,No,DSL,No,Yes,Yes,Yes,Yes,No,Two year,No,Mailed check,78.07,1628.83,No
2486-PYUPN,Male,0,Yes,No,36,Yes,No,Fiber optic,No,Yes,Yes,Yes,Yes,Yes,Month-to-month,Yes,Electronic check,103.59,3617.14,No
2339-FQAUW,Male,0,No,No,23,Yes,No,DSL,No,No,No,No,No,No,Month-to-month,No,Mailed check,52.01,1232.45,Yes
2531-HCYDY,Female,0,No,Yes,41,Yes,Yes,Fiber optic,No,No,No,Yes,No,No,Two year,No,Mailed check,86.82,3417.52,No
1096-YFZQC,Male,0,No,No,35,Yes,No,DSL,No,Yes,No,No,Yes,Yes,Two year,Yes,Credit card (automatic),77.17,2604.57,No
4059-QATKT,Female,0,Yes,No,20,Yes,Yes,DSL,No,Yes,No,No,Yes,Yes,Two year,No,Electronic check,78.52,1484.34,No
4933-STMGF,Female,0,No,Yes,40,Yes,No,DSL,No,Yes,Yes,No,Yes,No,Two year,Yes,Electronic check,69.01,2524.68,No
1593-DIOOP,Female,1,No,No,13,Yes,Yes,Fiber optic,No,Yes,No,No,No,Yes,Month-to-month,Yes,Bank transfer (automatic),90.17,1144.69,Yes
0213-NJSMD,Male,0,No,No,58,Yes,Yes,Fiber optic,Yes,No,Yes,No,No,Yes,One year,Yes,Mailed check,97.86,5464.49,No
3148-YDNTM,Female,0,No,No,21,Yes,Yes,Fiber optic,No,No,No,No,Yes,Yes,Two year,No,Bank transfer (automatic),89.39,1785.94,No
4256-ARPFF,Female,0,Yes,No,45,Yes,No,DSL,No,No,No,No,No,No,Two year,No,Mailed check,46.03,1968.84,No
1830-IMCZA,Female,1,Yes,No,2,Yes,Yes,No,No internet service,No internet service,No internet service,No internet service,No internet service,No internet service,Month-to-month,No,Mailed check,31.35,70.69,Yes
4236-ICWXL,Male,1,Yes,Yes,34,Yes,No,No,No internet service,No internet service,No internet service,No internet service,No internet service,No internet service,One year,Yes,Bank transfer (automatic),26.85,914.82,No
2347-REWYO,Male,0,No,No,37,Yes,No,No,No internet service,No internet service,No internet service,No internet service,No internet service,No internet service,Month-to-month,Yes,Bank transfer (automatic),25.53,944.56,No
1841-NDQRK,Male,0,No,Yes,16,Yes,Yes,DSL,No,Yes,Yes,No,No,No,Month-to-month,Yes,Electronic check,66.81,1150.65,Yes
1065-WWQIY,Male,0,No,No,46,Yes,No,Fiber optic,No,No,Yes,No,No,Yes,One year,No,Electronic check,85.67,3836.95,Yes
3652-BHWLJ,Female,0,No,Yes,5,Yes,Yes,No,No internet service,No internet service,No internet service,No internet service,No internet service,No internet service,Month-to-month,Yes,Mailed check,36.52,180.25,No
1013-VMPVJ,Female,0,Yes,No,65,Yes,Yes,No,No internet service,No internet service,No internet service,No internet service,No internet service,No internet service,One year,Yes,Credit card (automatic),32.17,2032.26,No
0223-ANBGL,Male,0,No,Yes,2,Yes,No,Fiber optic,Yes,No,Yes,No,Yes,Yes,Month-to-month,No,Credit card (automatic),97.15,204.89,Yes
0793-XUYWG,Female,1,No,No,0,Yes,No,Fiber optic,No,Yes,Yes,Yes,No,Yes,Month-to-month,No,Credit card (automatic),93.01,,Yes
1103-EUIQI,Male,0,No,No,26,Yes,No,DSL,Yes,Yes,Yes,Yes,Yes,Yes,One year,No,Credit card (automatic),89.68,2290.32,No
1047-UUCJW,Male,0,No,No,18,No,No phone service,Fiber optic,No,Yes,No,Yes,No,No,Month-to-month,No,Credit card (automatic),71.41,1245.05,No
0451-QGNIR,Female,0,Yes,No,24,Yes,No,No,No internet service,No internet service,No internet service,No internet service,No internet service,No internet service,Two year,Yes,Mailed check,24.95,584.83,No
1480-ABXAV,Female,0,Yes,Yes,1,Yes,Yes,DSL,Yes,No,No,No,Yes,No,Month-to-month,Yes,Electronic check,78.62,150.33,Yes
1460-QIQTW,Female,1,Yes,No,0,Yes,No,DSL,No,No,Yes,No,Yes,No,Month-to-month,No,Electronic check,66.48,,No
4298-TMHSQ,Female,0,Yes,Yes,28,Yes,No,DSL,No,No,No,No,No,No,Two year,Yes,Mailed check,53.78,1412.75,No
3568-YZXHA,Female,0,No,No,6,No,No phone service,DSL,No,Yes,No,Yes,No,No,Month-to-month,Yes,Mailed check,53.35,346.1,Yes
1833-VFEZL,Female,0,No,No,57,Yes,Yes,DSL,No,Yes,Yes,No,No,Yes,Two year,Yes,Mailed check,77.21,4091.29,No
0192-LQRWX,Female,0,Yes,No,5,No,No phone service,No,No internet service,No internet service,No internet service,No internet service,No internet service,No internet service,Month-to-month,No,Electronic check,18.0,81.11,No
2254-OGCBU,Female,1,No,No,27,Yes,No,Fiber optic,Yes,No,No,Yes,No,No,One year,Yes,Electronic check,78.9,2014.26,No
1292-NOMJS,Female,0,Yes,No,13,Yes,No,Fiber optic,No,No,No,No,Yes,Yes,Two year,Yes,Electronic check,89.18,1022.72,Yes
4924-BZTJQ,Male,0,No,Yes,34,Yes,Yes,Fiber optic,No,No,No,Yes,No,Yes,Two year,Yes,Bank transfer (automatic),92.97,2869.14,No
1981-MAEQP,Female,0,No,No,58,Yes,Yes,DSL,Yes,Yes,No,Yes,Yes,No,Month-to-month,Yes,Mailed check,71.74,4098.4,No
3213-KCMLX,Male,0,Yes,No,20,Yes,Yes,Fiber optic,No,Yes,No,No,Yes,No,Month-to-month,Yes,Mailed check,97.95,2091.25,Yes
3139-EXOES,Male,1,No,No,12,No,No phone service,DSL,No,Yes,Yes,Yes,No,Yes,Two year,Yes,Mailed check,68.73,760.27,Yes
5299-CHMJB,Female,0,No,No,16,Yes,Yes,DSL,Yes,No,No,No,Yes,Yes,One year,No,Credit card (automatic),84.04,1256.19,No
4900-CBYZZ,Female,0,No,No,20,Yes,Yes,Fiber optic,Yes,No,Yes,No,Yes,Yes,Month-to-month,Yes,Bank transfer (automatic),105.74,2019.15,Yes
2650-JDRRD,Male,0,Yes,Yes,32,Yes,Yes,Fiber optic,Yes,Yes,Yes,No,No,No,Month-to-month,Yes,Bank transfer (automatic),92.89,2929.31,Yes
1421-EYHLL,Male,0,No,No,20,Yes,No,Fiber optic,Yes,Yes,Yes,Yes,Yes,Yes,Month-to-month,Yes,Electronic check,108.87,2224.24,Yes
1588-FABJD,Male,0,Yes,No,26,Yes,No,Fiber optic,No,No,No,No,Yes,Yes,One year,No,Bank transfer (automatic),89.62,2205.4,No
2807-NOLPN,Male,0,No,Yes,15,Yes,No,DSL,Yes,Yes,No,No,Yes,No,Month-to-month,No,Electronic check,72.11,1098.09,Yes
0270-WXEHL,Male,0,No,No,36,Yes,No,No,No internet service,No internet service,No internet service,No internet service,No internet service,No internet service,Month-to-month,No,Credit card (automatic),27.87,1013.48,No
3538-BJDFO,Male,0,No,No,19,Yes,No,DSL,No,Yes,No,Yes,Yes,No,Month-to-month,Yes,Electronic check,66.95,1452.87,No
4022-GOGIO,Female,0,Yes,Yes,6,Yes,No,Fiber optic,No,No,Yes,No,No,No,Month-to-month,Yes,Credit card (automatic),79.1,490.28,No
0349-JWWVH,Male,0,No,No,34,Yes,Yes,No,No internet service,No internet service,No internet service,No internet service,No internet service,No internet service,One year,Yes,Mailed check,31.26,1085.3,No
4205-CZXEI,Male,0,No,Yes,16,No,No phone service,Fiber optic,No,No,No,No,Yes,No,One year,Yes,Mailed check,73.16,1230.69,No
3919-AJWUW,Female,0,No,No,2,Yes,Yes,Fiber optic,No,No,No,Yes,No,No,Month-to-month,Yes,Bank transfer (automatic),84.32,108.79,No
0476-SNKXC,Female,0,No,No,2,No,No phone service,Fiber optic,No,No,No,No,No,Yes,Month-to-month,Yes,Bank transfer (automatic),74.33,192.0,Yes
0987-YNTKM,Female,0,Yes,Yes,44,No,No phone service,No,No internet service,No internet service,No internet service,No internet service,No internet service,No internet service,Two year,Yes,Mailed check,18.0,731.69,No
0591-OIQYF,Female,0,No,No,19,No,No phone service,Fiber optic,No,Yes,No,No,Yes,No,Two year,Yes,Electronic check,73.43,1283.69,No
1921-QVTDT,Male,0,Yes,Yes,38,Yes,No,DSL,No,Yes,No,No,Yes,Yes,Month-to-month,No,Electronic check,71.08,2732.8,No
0097-BSOZC,Female,0,No,No,0,Yes,Yes,Fiber optic,Yes,No,No,No,No,Yes,Month-to-month,Yes,Bank transfer (automatic),85.97,,Yes
0392-OAVHV,Female,0,No,No,69,Yes,No,Fiber optic,Yes,No,No,No,Yes,No,One year,No,Mailed check,87.02,5884.47,Yes
2365-MIVQV,Male,0,Yes,No,17,Yes,No,Fiber optic,Yes,No,Yes,No,Yes,No,Month-to-month,Yes,Electronic check,92.27,1623.72,Yes
2191-XGJYS,Female,0,Yes,No,43,Yes,Yes,DSL,Yes,Yes,Yes,No,No,No,Month-to-month,No,Mailed check,74.49,3153.39,No
0298-PDYAV,Male,0,No,No,10,Yes,No,Fiber optic,No,No,No,No,No,Yes,Month-to-month,Yes,Bank transfer (automatic),78.84,747.44,Yes
4647-KRVAJ,Male,0,No,No,10,Yes,No,No,No internet service,No internet service,No internet service,No internet service,No internet service,No internet service,Month-to-month,No,Mailed check,20.83,181.74,No
1278-PXADJ,Male,0,No,No,37,Yes,No,DSL,No,No,No,Yes,Yes,Yes,Month-to-month,No,Bank transfer (automatic),73.82,2753.45,Yes
0567-TNMLO,Female,0,Yes,Yes,7,Yes,No,Fiber optic,No,No,No,No,Yes,Yes,Month-to-month,No,Credit card (automatic),85.4,536.75,Yes
4274-OJTMH,Female,0,Yes,No,25,Yes,Yes,Fiber optic,No,No,No,Yes,No,Yes,Two year,No,Credit card (automatic),89.07,2076.29,No
1597-WNPEK,Male,1,No,No,45,Yes,Yes,DSL,Yes,No,Yes,No,Yes,Yes,One year,Yes,Electronic check,86.97,3848.77,No
0732-KCGOV,Male,0,Yes,No,51,Yes,Yes,DSL,Yes,Yes,Yes,No,Yes,No,Month-to-month,No,Mailed check,81.99,4223.23,No
4880-ADZZT,Female,0,No,No,4,Yes,Yes,Fiber optic,No,Yes,Yes,Yes,No,Yes,Month-to-month,No,Electronic check,102.11,477.84,Yes
3138-ACLGF,Male,0,Yes,Yes,67,Yes,No,DSL,No,No,No,No,Yes,Yes,Two year,Yes,Mailed check,63.39,3989.2,No
5216-ZTVJD,Male,0,No,Yes,36,Yes,No,Fiber optic,Yes,No,No,Yes,Yes,Yes,Month-to-month,Yes,Bank transfer (automatic),97.08,3529.5,Yes
2089-QQICO,Male,0,Yes,No,18,Yes,Yes,Fiber optic,No,No,No,No,Yes,No,Two year,No,Bank transfer (automatic),93.47,1558.45,No
3037-UWICT,Female,0,Yes,No,12,Yes,No,Fiber optic,No,Yes,No,Yes,No,Yes,One year,Yes,Credit card (automatic),91.18,1095.94,No
3349-OHQPY,Female,0,No,No,15,Yes,Yes,DSL,Yes,No,Yes,No,Yes,Yes,Month-to-month,Yes,Electronic check,83.78,1229.22,Yes
1603-ZPEVL,Male,1,Yes,No,23,Yes,Yes,Fiber optic,No,No,No,No,Yes,No,One year,No,Bank transfer (automatic),84.4,2057.3,Yes
2494-VPZSN,Female,0,No,No,3,Yes,No,No,No internet service,No internet service,No internet service,No internet service,No internet service,No internet service,Month-to-month,Yes,Electronic check,28.4,107.46,No
4586-KKIIO,Male,0,No,No,51,Yes,Yes,Fiber optic,No,Yes,No,Yes,Yes,No,Month-to-month,Yes,Mailed check,95.7,4929.65,Yes
4327-RTTJW,Female,0,Yes,Yes,59,Yes,No,No,No internet service,No internet service,No internet service,No internet service,No internet service,No internet service,One year,No,Electronic check,25.57,1473.56,No
4639-VHYCL,Male,0,No,No,22,Yes,Yes,Fiber optic,No,No,No,Yes,No,Yes,Month-to-month,Yes,Mailed check,92.81,1995.53,Yes
2814-XSQLM,Female,1,No,No,30,Yes,No,No,No internet service,No internet service,No internet service,No internet service,No internet service,No internet service,Two year,Yes,Bank transfer (automatic),28.75,779.86,No
3737-QRNPU,Male,1,Yes,Yes,69,Yes,Yes,Fiber optic,No,No,No,No,No,No,Two year,Yes,Bank transfer (automatic),78.94,5029.49,No
2999-GCAEJ,Female,0,No,No,6,Yes,Yes,Fiber optic,No,No,No,Yes,Yes,No,One year,Yes,Bank transfer (automatic),89.78,453.23,No
4358-MLQGC,Female,0,No,Yes,37,Yes,No,No,No internet service,No internet service,No internet service,No internet service,No internet service,No internet service,Month-to-month,Yes,Electronic check,29.25,1098.57,No
5037-OOXUC,Female,0,No,Yes,13,Yes,Yes,Fiber optic,No,No,No,No,Yes,Yes,Two year,No,Credit card (automatic),98.08,1217.87,No
0595-ISEIY,Male,0,No,No,9,Yes,No,Fiber optic,No,Yes,Yes,No,No,Yes,Month-to-month,Yes,Electronic check,86.31,795.01,Yes
3067-NGMYX,Female,0,No,No,20,Yes,No,Fiber optic,No,No,Yes,No,Yes,Yes,Month-to-month,No,Bank transfer (automatic),93.51,1940.47,Yes
2368-WQITX,Female,0,No,Yes,12,Yes,Yes,Fiber optic,No,No,No,Yes,No,Yes,One year,No,Bank transfer (automatic),93.67,989.88,No
3616-GLOCG,Female,1,Yes,No,46,Yes,Yes,DSL,No,No,No,No,No,No,Two year,Yes,Electronic check,61.3,2686.43,No
4699-GFTEM,Female,0,Yes,Yes,4,No,No phone service,Fiber optic,No,Yes,Yes,No,No,No,Month-to-month,Yes,Electronic check,73.24,285.26,Yes
4877-JWYPL,Female,0,No,No,26,Yes,Yes,Fiber optic,No,Yes,Yes,No,No,No,Two year,Yes,Mailed check,87.61,2074.98,Yes
4527-ZNWAX,Male,0,Yes,No,38,Yes,Yes,No,No internet service,No internet service,No internet service,No internet service,No internet service,No internet service,One year,Yes,Credit card (automatic),33.88,1261.29,No
0389-YJQKB,Male,0,No,No,23,Yes,Yes,Fiber optic,No,No,Yes,No,No,No,One year,No,Bank transfer (automatic),82.18,1799.26,Yes
4287-HVEIY,Female,1,Yes,No,31,Yes,No,Fiber optic,No,Yes,No,No,No,No,Two year,No,Electronic check,75.6,2166.96,No
5223-JDTYE,Male,1,No,Yes,7,No,No phone service,DSL,No,Yes,Yes,No,Yes,Yes,Month-to-month,No,Credit card (automatic),76.7,564.49,Yes
2820-OWVJW,Male,1,No,No,1,Yes,Yes,Fiber optic,Yes,Yes,No,No,Yes,No,Month-to-month,No,Bank transfer (automatic),98.99,67.88,Yes
3640-ZIKHS,Female,1,No,Yes,26,Yes,No,Fiber optic,No,No,No,Yes,Yes,Yes,Month-to-month,Yes,Credit card (automatic),92.89,2389.62,Yes
2778-ZOCFV,Female,0,Yes,Yes,31,Yes,Yes,DSL,Yes,No,Yes,No,Yes,Yes,Two year,Yes,Mailed check,84.33,2416.16,No
4485-CIMSE,Female,0,Yes,No,22,Yes,No,Fiber optic,No,Yes,No,Yes,Yes,Yes,Month-to-month,No,Electronic check,101.05,2097.45,Yes
2005-HCZYW,Male,1,Yes,Yes,56,Yes,No,Fiber optic,No,No,No,Yes,No,Yes,One year,No,Credit card (automatic),84.74,4579.88,No
4873-CYCCM,Male,0,Yes,No,15,Yes,No,Fiber optic,Yes,No,No,Yes,No,Yes,Month-to-month,Yes,Bank transfer (automatic),90.05,1341.32,No
4396-VGYSV,Male,0,No,Yes,40,Yes,Yes,DSL,No,No,Yes,No,Yes,No,Month-to-month,No,Electronic check,68.76,2809.12,Yes
4786-CWXVX,Female,1,No,Yes,22,Yes,Yes,No,No internet service,No internet service,No internet service,No internet service,No internet service,No internet service,Month-to-month,No,Credit card (automatic),31.08,662.99,Yes
3435-INZUE,Male,0,Yes,Yes,9,Yes,Yes,No,No internet service,No internet service,No internet service,No internet service,No internet service,No internet service,Month-to-month,No,Electronic check,33.61,314.48,No
2016-EAVJQ,Female,0,Yes,Yes,14,No,No phone service,DSL,Yes,Yes,Yes,Yes,No,No,Month-to-month,Yes,Electronic check,59.5,842.17,No
4386-CORGP,Female,0,Yes,No,26,Yes,No,DSL,Yes,No,No,No,No,No,Month-to-month,Yes,Mailed check,59.03,1650.43,Yes
1294-ZLXOW,Male,0,Yes,No,55,Yes,Yes,DSL,No,Yes,Yes,Yes,No,No,Two year,No,Electronic check,73.94,3651.66,No
4613-IZUNG,Male,0,No,No,36,Yes,Yes,No,No internet service,No internet service,No internet service,No internet service,No internet service,No internet service,Month-to-month,No,Electronic check,28.1,1015.49,Yes
0551-KMZDW,Female,0,No,No,59,Yes,Yes,No,No internet service,No internet service,No internet service,No internet service,No internet service,No internet service,Two year,Yes,Bank transfer (automatic),34.13,1920.4,No
0225-GIPXP,Female,1,No,No,8,Yes,No,Fiber optic,No,Yes,No,No,Yes,No,Month-to-month,Yes,Credit card (automatic),79.71,571.58,Yes
1321-OOFZH,Male,0,No,Yes,18,Yes,No,Fiber optic,No,No,No,No,Yes,No,Month-to-month,No,Bank transfer (automatic),82.91,1508.6,Yes
5087-YRQAG,Male,0,No,Yes,6,No,No phone service,Fiber optic,Yes,No,Yes,Yes,No,Yes,Month-to-month,Yes,Bank transfer (automatic),87.39,538.58,Yes
4134-CPZQE,Female,0,No,No,72,Yes,No,Fiber optic,Yes,No,Yes,Yes,Yes,No,Month-to-month,Yes,Mailed check,92.28,6577.13,No
2703-YRKRM,Male,0,Yes,No,25,Yes,Yes,No,No internet service,No internet service,No internet service,No internet service,No internet service,No internet service,Two year,No,Mailed check,31.84,739.67,No
1520-JJZQA,Male,0,Yes,No,51,Yes,Yes,Fiber optic,No,Yes,No,Yes,Yes,Yes,One year,Yes,Mailed check,105.77,5201.89,No
0804-TVBZW,Male,0,No,Yes,26,Yes,Yes,No,No internet service,No internet service,No internet service,No internet service,No internet service,No internet service,Two year,No,Electronic check,31.68,766.64,No
2336-PFWQP,Male,0,Yes,Yes,2,Yes,Yes,Fiber optic,Yes,No,No,Yes,Yes,Yes,Month-to-month,Yes,Credit card (automatic),108.74,204.94,No
0885-KCSDO,Female,0,No,Yes,1,Yes,No,Fiber optic,Yes,No,No,Yes,Yes,No,Month-to-month,Yes,Electronic check,83.33,83.04,Yes
3265-BYXEG,Female,0,No,No,71,Yes,Yes,DSL,No,Yes,Yes,No,Yes,Yes,Two year,Yes,Credit card (automatic),80.75,5432.44,No
2172-JZQAG,Male,0,Yes,No,61,Yes,No,DSL,Yes,Yes,Yes,Yes,Yes,Yes,One year,Yes,Bank transfer (automatic),90.15,5427.2,Yes
4719-MFXCM,Male,0,No,Yes,66,No,No phone service,Fiber optic,Yes,No,Yes,No,No,No,One year,No,Mailed check,70.56,4408.77,No
4691-FRPJN,Male,0,No,No,11,Yes,No,Fiber optic,No,No,Yes,No,No,No,One year,Yes,Bank transfer (automatic),75.05,728.25,Yes
3780-OMDFG,Female,0,Yes,No,18,Yes,No,DSL,Yes,Yes,Yes,Yes,No,Yes,Two year,Yes,Electronic check,81.23,1345.26,No
1210-GTCMN,Male,0,No,No,11,Yes,No,DSL,Yes,Yes,Yes,Yes,Yes,Yes,Month-to-month,Yes,Mailed check,90.92,936.82,No
4852-KHWZQ,Male,0,Yes,Yes,2,Yes,No,Fiber optic,No,Yes,Yes,No,No,Yes,Month-to-month,No,Credit card (automatic),91.79,262.24,Yes
0773-WLHIP,Female,0,No,No,5,Yes,Yes,Fiber optic,No,No,Yes,Yes,No,No,Month-to-month,No,Mailed check,89.1,480.65,Yes
5124-GZPEJ,Male,0,Yes,Yes,4,Yes,No,Fiber optic,No,Yes,No,No,No,Yes,Month-to-month,No,Bank transfer (automatic),84.09,308.18,Yes
2229-NAFGL,Female,0,Yes,No,31,Yes,No,DSL,No,No,Yes,No,No,No,Two year,Yes,Mailed check,58.06,1655.0,No
0576-UNZJB,Male,1,No,Yes,11,Yes,No,Fiber optic,Yes,Yes,No,No,Yes,No,One year,Yes,Bank transfer (automatic),89.23,992.27,No
2182-CYDDN,Male,0,No,No,71,Yes,No,DSL,No,No,Yes,Yes,No,Yes,Two year,No,Mailed check,66.93,4403.34,No
3517-ICDWC,Female,1,Yes,No,37,No,No phone service,Fiber optic,Yes,No,No,Yes,No,No,One year,Yes,Credit card (automatic),70.14,2583.74,No
2446-AYVFV,Male,1,Yes,No,4,Yes,No,Fiber optic,Yes,No,Yes,No,Yes,Yes,Month-to-month,Yes,Credit card (automatic),99.15,404.56,Yes
3387-JAJYQ,Male,0,Yes,Yes,57,Yes,No,DSL,No,Yes,No,No,Yes,Yes,Two year,No,Bank transfer (automatic),72.7,3826.69,No
0815-OEJZN,Male,0,Yes,No,8,Yes,No,No,No internet service,No internet service,No internet service,No internet service,No internet service,No internet service,One year,Yes,Credit card (automatic),26.22,197.29,No
5218-JPUEQ,Male,1,No,Yes,65,Yes,Yes,DSL,Yes,No,No,No,No,No,One year,No,Mailed check,62.09,3948.53,No
2113-XCORR,Female,0,Yes,No,2,Yes,Yes,Fiber optic,No,No,No,Yes,Yes,Yes,Month-to-month,No,Electronic check,97.98,296.77,Yes
2983-KHWBI,Male,0,No,Yes,43,Yes,Yes,DSL,Yes,Yes,No,Yes,Yes,No,Month-to-month,No,Electronic check,74.57,3201.01,No
4202-KJQKS,Female,0,Yes,No,12,Yes,No,DSL,No,Yes,No,Yes,No,Yes,Month-to-month,No,Electronic check,70.51,879.28,No
0825-HYBHA,Male,0,No,Yes,0,Yes,Yes,Fiber optic,No,No,Yes,No,No,No,Month-to-month,No,Electronic check,84.7,,Yes
1793-YJGIY,Female,0,No,Yes,44,Yes,No,Fiber optic,Yes,No,Yes,Yes,No,No,One year,Yes,Mailed check,82.08,3459.62,No
3548-RDSMO,Male,0,No,No,19,Yes,No,DSL,No,Yes,Yes,Yes,No,Yes,One year,No,Credit card (automatic),76.11,1354.16,No
0738-XZLAM,Female,1,No,No,41,Yes,No,DSL,Yes,No,No,Yes,Yes,Yes,Two year,Yes,Bank transfer (automatic),83.54,3166.7,No
0959-HQCEN,Male,0,Yes,No,42,No,No phone service,DSL,No,No,Yes,No,No,Yes,One year,No,Electronic check,58.55,2401.94,Yes
0705-DSSFO,Female,0,Yes,Yes,68,Yes,No,No,No internet service,No internet service,No internet service,No internet service,No internet service,No internet service,Two year,No,Electronic check,28.33,1796.43,No
4763-SDULG,Female,0,No,Yes,50,Yes,No,DSL,No,No,Yes,No,Yes,Yes,Two year,Yes,Electronic check,69.05,3254.25,No
2104-SYWKH,Male,0,Yes,Yes,0,Yes,No,No,No internet service,No internet service,No internet service,No internet service,No internet service,No internet service,Month-to-month,No,Electronic check,23.22,,Yes
5170-DEDBF,Female,0,No,No,70,Yes,No,DSL,No,Yes,No,Yes,No,Yes,One year,No,Bank transfer (automatic),72.13,4867.22,No
4307-ZQREM,Male,0,Yes,No,39,Yes,No,Fiber optic,Yes,No,No,No,Yes,Yes,Two year,Yes,Electronic check,94.32,3351.75,No
0060-UJJOP,Female,0,No,No,20,Yes,No,No,No internet service,No internet service,No internet service,No internet service,No internet service,No internet service,Month-to-month,Yes,Bank transfer (automatic),28.63,573.79,Yes
1983-YBWEZ,Female,0,No,No,3,Yes,Yes,No,No internet service,No internet service,No internet service,No internet service,No internet service,No internet service,Month-to-month,No,Credit card (automatic),28.0,109.23,No
2600-YWNIA,Male,0,Yes,Yes,2,Yes,No,Fiber optic,Yes,No,No,No,No,No,Month-to-month,No,Electronic check,80.5,93.5,Yes
2135-FEDWK,Male,1,Yes,Yes,42,Yes,No,No,No internet service,No internet service,No internet service,No internet service,No internet service,No internet service,Month-to-month,Yes,Bank transfer (automatic),23.02,969.5,No
2892-QKEUR,Male,1,Yes,No,18,Yes,No,No,No internet service,No internet service,No internet service,No internet service,No internet service,No internet service,Month-to-month,No,Mailed check,29.5,508.67,No
1602-SYKTQ,Male,0,Yes,No,3,Yes,Yes,DSL,No,No,Yes,No,No,No,Month-to-month,Yes,Electronic check,56.66,72.16,Yes
2677-EWAGT,Male,0,No,No,1,Yes,Yes,No,No internet service,No internet service,No internet service,No internet service,No internet service,No internet service,Month-to-month,No,Mailed check,35.96,83.25,Yes
2380-GRXRT,Male,0,Yes,No,14,Yes,Yes,Fiber optic,No,No,Yes,No,Yes,Yes,Month-to-month,Yes,Electronic check,98.32,1436.69,Yes
3472-OVAGY,Male,0,No,No,20,Yes,No,No,No internet service,No internet service,No internet service,No internet service,No internet service,No internet service,Two year,Yes,Electronic check,21.37,378.49,No
0302-OKYGW,Male,0,Yes,No,24,Yes,No,No,No internet service,No internet service,No internet service,No internet service,No internet service,No internet service,Month-to-month,Yes,Electronic check,29.44,684.05,No
3049-WYIBE,Female,0,Yes,Yes,6,Yes,No,Fiber optic,No,No,Yes,No,No,No,One year,No,Electronic check,76.09,432.66,Yes
2906-FKXQW,Male,0,Yes,No,38,Yes,No,Fiber optic,No,Yes,No,No,Yes,Yes,One year,No,Bank transfer (automatic),91.53,3421.58,No
3144-MASVB,Male,0,No,No,35,Yes,No,DSL,No,Yes,Yes,Yes,No,No,Two year,No,Bank transfer (automatic),69.39,2230.86,No
0519-NWQPO,Male,0,Yes,No,21,Yes,No,Fiber optic,Yes,Yes,No,No,Yes,Yes,Two year,Yes,Bank transfer (automatic),98.81,1960.36,Yes
2957-CTPON,Female,0,Yes,No,35,Yes,No,Fiber optic,Yes,Yes,No,No,No,Yes,One year,Yes,Bank transfer (automatic),94.83,3180.51,No
4552-PWNIM,Female,0,No,No,26,Yes,Yes,Fiber optic,No,No,No,No,No,No,Month-to-month,Yes,Credit card (automatic),81.57,2109.07,Yes
0549-FLSAB,Female,1,No,No,5,Yes,Yes,DSL,No,No,No,Yes,No,No,Month-to-month,Yes,Credit card (automatic),62.64,339.86,No
3334-HMGTC,Female,0,Yes,No,31,Yes,Yes,Fiber optic,No,Yes,No,No,Yes,Yes,Two year,Yes,Bank transfer (automatic),104.7,3007.37,Yes
3869-ZGFGA,Male,0,Yes,Yes,11,No,No phone service,DSL,Yes,No,No,No,No,Yes,Month-to-month,Yes,Bank transfer (automatic),60.41,667.67,Yes
1631-QFZYN,Female,0,Yes,Yes,40,Yes,Yes,Fiber optic,No,No,Yes,Yes,No,No,Month-to-month,No,Bank transfer (automatic),82.47,3289.11,Yes
1786-KCFNL,Female,0,No,Yes,71,Yes,No,Fiber optic,No,No,No,No,No,Yes,Two year,No,Mailed check,78.4,5259.09,No
1898-DNBJB,Female,0,No,No,35,Yes,Yes,DSL,No,No,No,No,No,No,One year,Yes,Bank transfer (automatic),57.84,1961.56,Yes
4683-WIYFQ,Male,0,Yes,No,15,Yes,Yes,Fiber optic,No,No,Yes,No,Yes,No,Two year,No,Mailed check,95.26,1246.04,No
1901-SGCPM,Male,0,Yes,No,9,Yes,No,DSL,Yes,Yes,No,No,Yes,Yes,Month-to-month,Yes,Mailed check,72.73,557.45,No
1045-FKHEJ,Female,0,No,No,3,Yes,No,DSL,No,Yes,Yes,Yes,No,Yes,Month-to-month,Yes,Electronic check,76.85,246.13,Yes
1611-MUPSW,Male,0,Yes,No,61,Yes,No,DSL,No,No,No,No,No,No,Two year,Yes,Credit card (automatic),47.77,2705.58,No
2884-NVPEL,Male,0,Yes,Yes,23,Yes,Yes,Fiber optic,No,No,No,No,Yes,No,Month-to-month,Yes,Credit card (automatic),85.36,2105.04,Yes
1451-KAMMQ,Female,0,Yes,No,25,Yes,No,No,No internet service,No internet service,No internet service,No internet service,No internet service,No internet service,Month-to-month,No,Electronic check,21.16,547.78,Yes
1914-GRJAJ,Male,0,No,No,57,Yes,No,No,No internet service,No internet service,No internet service,No internet service,No internet service,No internet service,Two year,No,Mailed check,28.08,1490.65,No
4576-ZWQMC,Male,0,Yes,Yes,51,Yes,Yes,No,No internet service,No internet service,No internet service,No internet service,No internet service,No internet service,One year,Yes,Mailed check,30.89,1528.65,No
4045-HGDAZ,Male,0,No,Yes,72,Yes,No,No,No internet service,No internet service,No internet service,No internet service,No internet service,No internet service,Month-to-month,No,Credit card (automatic),25.32,1825.83,No
0123-CCUUW,Female,0,No,No,0,Yes,No,No,No internet service,No internet service,No internet service,No internet service,No internet service,No internet service,Month-to-month,Yes,Electronic check,21.88,,No
4532-ICBHQ,Female,0,Yes,No,39,Yes,No,DSL,Yes,Yes,No,Yes,Yes,Yes,One year,No,Credit card (automatic),81.27,2972.21,No
3631-QCYQE,Male,0,No,Yes,3,Yes,Yes,DSL,Yes,No,Yes,No,Yes,No,Month-to-month,No,Credit card (automatic),71.43,106.69,No
1797-WHYZR,Female,0,No,Yes,31,Yes,Yes,DSL,Yes,No,Yes,No,Yes,No,One year,Yes,Bank transfer (automatic),81.76,2486.62,No
2435-DSFAQ,Female,0,No,No,56,Yes,No,Fiber optic,No,No,Yes,No,No,Yes,Two year,Yes,Credit card (automatic),77.65,3941.49,No
2489-QYTDY,Male,1,Yes,No,0,Yes,No,No,No internet service,No internet service,No internet service,No internet service,No internet service,No internet service,Two year,No,Mailed check,27.37,,No
0479-GXAPL,Female,0,No,No,41,Yes,No,Fiber optic,No,Yes,No,Yes,Yes,No,Two year,No,Mailed check,89.2,3376.26,No
0114-VXBZF,Female,0,No,No,47,Yes,Yes,DSL,No,No,Yes,No,No,No,One year,No,Credit card (automatic),64.59,3005.76,No
2756-UQHGR,Male,1,Yes,No,0,Yes,No,Fiber optic,No,No,No,No,Yes,No,Month-to-month,Yes,Electronic check,79.64,,Yes
0355-HBOJB,Female,1,No,No,72,No,No phone service,Fiber optic,No,Yes,Yes,No,Yes,No,Month-to-month,No,Credit card (automatic),81.5,5796.19,Yes
3298-UCJAK,Male,0,Yes,No,65,Yes,Yes,DSL,No,No,Yes,No,No,No,One year,Yes,Credit card (automatic),62.45,4004.83,No
4164-MDNBW,Male,0,No,Yes,31,Yes,Yes,Fiber optic,Yes,No,Yes,No,Yes,Yes,One year,Yes,Bank transfer (automatic),105.24,3337.93,No
4497-ODSCU,Male,0,No,Yes,44,Yes,No,Fiber optic,Yes,No,Yes,Yes,Yes,Yes,Two year,Yes,Mailed check,102.77,4204.12,No
0116-HDEYU,Male,0,No,No,17,Yes,No,No,No internet service,No internet service,No internet service,No internet service,No internet service,No internet service,Month-to-month,No,Mailed check,26.67,473.39,Yes
2574-HHYLT,Male,0,Yes,No,7,Yes,Yes,Fiber optic,Yes,Yes,Yes,No,Yes,No,Month-to-month,Yes,Credit card (automatic),101.6,635.93,Yes
5236-UHFEL,Female,0,Yes,No,58,Yes,Yes,Fiber optic,No,No,No,Yes,Yes,No,One year,Yes,Electronic check,90.6,5082.17,Yes
4227-DDQER,Female,0,Yes,No,40,Yes,No,Fiber optic,Yes,Yes,No,Yes,Yes,No,Month-to-month,Yes,Credit card (automatic),98.76,3820.73,Yes
3244-NNYUN,Male,0,No,No,49,Yes,Yes,Fiber optic,No,No,No,Yes,No,Yes,Two year,Yes,Mailed check,97.05,4398.98,No
4385-PGEMN,Male,0,Yes,No,20,Yes,No,DSL,No,No,Yes,Yes,Yes,No,Month-to-month,Yes,Electronic check,66.22,1302.56,No
3833-RTQXC,Female,0,No,No,66,Yes,No,Fiber optic,Yes,Yes,No,No,Yes,Yes,One year,Yes,Credit card (automatic),97.43,6276.34,No
2616-RLRTZ,Male,0,No,Yes,0,Yes,No,DSL,No,No,Yes,Yes,No,No,Month-to-month,No,Bank transfer (automatic),61.78,,No
3520-CXAKM,Male,0,Yes,No,65,Yes,No,Fiber optic,No,No,Yes,No,Yes,No,One year,Yes,Electronic check,86.68,5472.66,No
1347-MORPN,Female,0,No,No,7,Yes,No,No,No internet service,No internet service,No internet service,No internet service,No internet service,No internet service,Month-to-month,No,Bank transfer (automatic),25.67,186.8,Yes
5162-MCXSG,Female,0,Yes,No,12,Yes,Yes,No,No internet service,No internet service,No internet service,No internet service,No internet service,No internet service,Month-to-month,Yes,Mailed check,35.3,418.92,Yes
1608-LCVUY,Female,0,No,No,15,Yes,Yes,Fiber optic,Yes,No,No,No,No,Yes,Month-to-month,No,Bank transfer (automatic),93.21,1384.91,No
2426-ELMEU,Male,1,Yes,No,72,Yes,Yes,No,No internet service,No internet service,No internet service,No internet service,No internet service,No internet service,Month-to-month,No,Credit card (automatic),35.99,2604.51,No
5079-MIONO,Male,0,Yes,No,10,Yes,No,No,No internet service,No internet service,No internet service,No internet service,No internet service,No internet service,Month-to-month,Yes,Bank transfer (automatic),24.51,250.21,Yes
5105-LZQMJ,Male,0,No,No,28,Yes,Yes,DSL,Yes,No,No,No,No,No,One year,No,Bank transfer (automatic),64.06,1712.26,No
5066-DAZTD,Male,0,No,No,3,Yes,Yes,Fiber optic,Yes,No,Yes,Yes,Yes,Yes,Month-to-month,Yes,Electronic check,113.17,377.99,Yes
1026-DVPFZ,Female,0,No,No,31,Yes,No,No,No internet service,No internet service,No internet service,No internet service,No internet service,No internet service,Month-to-month,Yes,Bank transfer (automatic),23.89,708.0,No
5277-CYXWO,Female,0,Yes,Yes,39,Yes,No,No,No internet service,No internet service,No internet service,No internet service,No internet service,No internet service,Month-to-month,No,Mailed check,24.66,1008.38,No
1234-LAMBB,Male,0,Yes,No,3,Yes,Yes,DSL,No,No,Yes,No,Yes,Yes,Month-to-month,No,Mailed check,80.44,117.71,Yes
1318-IZBZJ,Female,0,No,Yes,10,Yes,Yes,Fiber optic,No,No,No,No,No,No,Month-to-month,No,Electronic check,77.46,673.63,Yes
4085-BXPIG,Female,0,Yes,No,72,Yes,No,No,No internet service,No internet service,No internet service,No internet service,No internet service,No internet service,Two year,Yes,Credit card (automatic),24.73,1678.03,No
2456-OIXBQ,Female,0,Yes,No,28,Yes,No,DSL,No,Yes,Yes,No,Yes,Yes,Two year,No,Bank transfer (automatic),80.25,2067.25,Yes
1640-UIUAH,Male,0,No,Yes,0,Yes,Yes,DSL,No,Yes,No,No,Yes,Yes,Month-to-month,Yes,Credit card (automatic),82.62,,Yes
3180-DMRDR,Female,0,Yes,No,52,Yes,Yes,DSL,Yes,Yes,Yes,No,No,No,Two year,No,Bank transfer (automatic),71.76,3430.81,No
2511-BUDRH,Male,0,Yes,No,53,Yes,Yes,No,No internet service,No internet service,No internet service,No internet service,No internet service,No internet service,One year,Yes,Electronic check,25.44,1339.81,No
5261-PRPXT,Female,0,Yes,No,19,Yes,Yes,DSL,Yes,Yes,No,Yes,Yes,Yes,Month-to-month,Yes,Bank transfer (automatic),91.09,1741.17,No
0015-TRJBR,Female,0,Yes,No,65,Yes,Yes,Fiber optic,Yes,No,No,No,No,Yes,Month-to-month,No,Electronic check,91.79,6047.86,No
0546-MYPKW,Female,0,Yes,No,3,No,No phone service,DSL,Yes,No,Yes,No,Yes,Yes,Month-to-month,Yes,Credit card (automatic),76.18,261.45,No
2180-KNEHD,Female,0,No,No,22,Yes,Yes,DSL,Yes,Yes,No,Yes,No,No,One year,Yes,Bank transfer (automatic),64.52,1364.52,No
1340-XQHHH,Male,0,No,Yes,4,No,No phone service,DSL,No,Yes,Yes,No,No,Yes,Month-to-month,Yes,Mailed check,64.36,265.74,Yes
4543-SKUXF,Female,0,Yes,No,32,Yes,Yes,Fiber optic,No,No,No,Yes,No,No,One year,No,Mailed check,82.69,2565.48,No
1151-DZDHK,Male,0,Yes,Yes,24,Yes,No,DSL,No,No,No,No,No,No,Month-to-month,No,Mailed check,49.53,1180.09,No
1828-XEMVY,Male,0,No,Yes,64,Yes,Yes,DSL,Yes,No,No,No,No,Yes,One year,Yes,Mailed check,74.1,4518.03,No
2986-UEAHN,Female,0,No,No,23,Yes,Yes,DSL,No,Yes,No,No,Yes,Yes,Month-to-month,No,Electronic check,81.16,1895.83,Yes
3777-JSUDN,Female,1,Yes,Yes,2,Yes,No,Fiber optic,Yes,No,No,Yes,No,No,Month-to-month,No,Credit card (automatic),83.42,89.85,No
0877-NPIBW,Male,0,No,Yes,12,Yes,Yes,Fiber optic,No,No,Yes,No,Yes,No,Month-to-month,Yes,Electronic check,90.75,1080.48,Yes
4168-XRXJG,Female,0,No,No,5,No,No phone service,Fiber optic,Yes,Yes,No,Yes,Yes,No,Month-to-month,No,Electronic check,89.84,502.37,Yes
4756-AVWAW,Female,1,Yes,Yes,52,Yes,Yes,DSL,No,No,Yes,No,Yes,Yes,One year,No,Mailed check,79.7,3995.98,No
4970-XRSQT,Female,0,Yes,Yes,37,Yes,Yes,No,No internet service,No internet service,No internet service,No internet service,No internet service,No internet service,Month-to-month,Yes,Electronic check,31.54,1137.31,No
2154-QMIJU,Male,0,Yes,Yes,13,Yes,No,Fiber optic,Yes,Yes,Yes,No,No,No,Month-to-month,Yes,Electronic check,87.01,1167.51,No
1632-ZSILP,Female,0,Yes,No,16,Yes,Yes,DSL,No,No,Yes,Yes,No,Yes,Month-to-month,Yes,Credit card (automatic),76.41,1212.57,Yes
3364-YHQVN,Male,0,Yes,Yes,37,Yes,Yes,DSL,No,Yes,Yes,No,Yes,Yes,One year,Yes,Credit card (automatic),90.42,3188.71,No
4622-ULSBQ,Male,0,Yes,Yes,27,Yes,No,Fiber optic,Yes,No,No,No,Yes,Yes,Month-to-month,Yes,Mailed check,88.23,2322.59,Yes
2457-AGGKV,Male,0,No,No,71,Yes,Yes,DSL,Yes,No,Yes,No,Yes,Yes,One year,Yes,Electronic check,82.41,5678.38,No
2781-PSPHT,Male,1,Yes,No,43,No,No phone service,DSL,No,No,Yes,Yes,Yes,No,One year,No,Credit card (automatic),64.58,2640.93,No
2761-YJNWS,Male,0,Yes,Yes,38,Yes,No,Fiber optic,No,No,No,Yes,No,Yes,One year,Yes,Bank transfer (automatic),84.13,3186.52,No
1748-NSGZP,Female,1,No,No,16,Yes,No,Fiber optic,No,No,Yes,No,Yes,No,Month-to-month,No,Electronic check,91.1,1439.68,No
3940-RYDFL,Female,0,Yes,No,6,Yes,Yes,No,No internet service,No internet service,No internet service,No internet service,No internet service,No internet service,Month-to-month,Yes,Electronic check,27.79,203.74,Yes
3719-HZWVF,Male,0,No,No,4,Yes,No,Fiber optic,Yes,Yes,Yes,No,Yes,No,Month-to-month,Yes,Electronic check,92.81,362.58,Yes
1475-AEQHH,Male,0,Yes,Yes,15,No,No phone service,DSL,Yes,Yes,Yes,No,No,No,Two year,Yes,Electronic check,60.78,782.12,Yes
2782-MUHIX,Male,0,No,Yes,25,Yes,Yes,No,No internet service,No internet service,No internet service,No internet service,No internet service,No internet service,Two year,Yes,Mailed check,37.54,893.88,No
4835-JBBWM,Male,0,No,No,40,Yes,Yes,No,No internet service,No internet service,No internet service,No internet service,No internet service,No internet service,Month-to-month,No,Bank transfer (automatic),31.33,1240.69,No
3396-ETBVP,Female,0,Yes,Yes,9,Yes,Yes,DSL,Yes,No,Yes,No,No,No,Month-to-month,Yes,Electronic check,67.83,689.61,Yes
5198-LRROA,Male,0,Yes,No,10,Yes,Yes,No,No internet service,No internet service,No internet service,No internet service,No internet service,No internet service,Month-to-month,No,Electronic check,32.08,265.48,No
4930-CXBQC,Male,0,No,No,0,Yes,Yes,Fiber optic,Yes,No,No,Yes,No,No,Month-to-month,Yes,Credit card (automatic),89.57,,Yes
2873-QZXBE,Male,1,Yes,No,44,Yes,Yes,No,No internet service,No internet service,No internet service,No internet service,No internet service,No internet service,Two year,Yes,Credit card (automatic),31.52,1295.35,No
2777-IAQXR,Female,0,No,No,15,Yes,Yes,DSL,No,No,No,Yes,Yes,Yes,Month-to-month,No,Mailed check,83.74,1286.09,Yes
0081-FETTT,Female,0,No,No,17,Yes,Yes,Fiber optic,No,Yes,Yes,No,No,No,Two year,Yes,Electronic check,86.19,1411.55,No
3606-RSSTW,Female,0,Yes,No,17,Yes,Yes,DSL,Yes,No,Yes,No,Yes,Yes,Month-to-month,Yes,Electronic check,86.33,1461.43,Yes
2718-QMAAQ,Female,0,Yes,No,0,Yes,Yes,DSL,Yes,Yes,Yes,Yes,No,No,Two year,No,Bank transfer (automatic),74.96,,Yes
0500-UUWAA,Female,1,Yes,No,70,Yes,Yes,No,No internet service,No internet service,No internet service,No internet service,No internet service,No internet service,Two year,No,Electronic check,28.32,1863.19,No
0611-WVUWB,Male,0,No,No,2,Yes,Yes,No,No internet service,No internet service,No internet service,No internet service,No internet service,No internet service,Month-to-month,Yes,Electronic check,31.19,47.89,No
4440-EHWOM,Female,0,No,Yes,34,No,No phone service,DSL,No,Yes,Yes,No,No,No,Two year,No,Credit card (automatic),51.85,1715.41,Yes
1261-WJXUG,Female,0,Yes,No,22,Yes,Yes,Fiber optic,Yes,No,Yes,No,No,Yes,Two year,Yes,Credit card (automatic),98.31,2009.68,Yes
2006-ZCJKL,Female,0,Yes,No,17,Yes,Yes,Fiber optic,No,Yes,Yes,Yes,Yes,Yes,One year,Yes,Electronic check,110.98,1884.02,Yes
0463-XBJPN,Male,0,No,Yes,54,Yes,Yes,DSL,No,Yes,No,No,Yes,Yes,Two year,No,Electronic check,79.44,4002.32,No
2683-EBWPE,Female,0,Yes,Yes,20,Yes,No,Fiber optic,Yes,Yes,No,No,Yes,No,One year,No,Bank transfer (automatic),86.79,1685.83,Yes
4869-SPJND,Female,1,No,No,62,Yes,No,Fiber optic,Yes,Yes,No,No,No,No,Two year,No,Bank transfer (automatic),82.73,4755.35,No
0343-UCTJQ,Female,0,Yes,No,1,Yes,Yes,No,No internet service,No internet service,No internet service,No internet service,No internet service,No internet service,Month-to-month,Yes,Credit card (automatic),29.18,17.51,No
4602-SLPUV,Female,0,Yes,No,11,Yes,No,DSL,Yes,No,No,Yes,No,No,Month-to-month,Yes,Mailed check,67.48,848.67,No
4510-CJHCO,Female,1,No,Yes,71,Yes,Yes,Fiber optic,Yes,No,Yes,No,No,No,One year,Yes,Electronic check,88.02,6050.38,Yes
1371-SKJKJ,Male,0,No,Yes,1,Yes,No,Fiber optic,No,No,No,No,Yes,Yes,Month-to-month,Yes,Mailed check,89.52,53.71,Yes
1917-TSYXE,Male,0,No,No,42,Yes,No,DSL,No,Yes,Yes,Yes,No,Yes,Month-to-month,Yes,Mailed check,78.64,3295.45,No
1835-YIVGC,Female,1,No,Yes,71,No,No phone service,DSL,Yes,Yes,Yes,No,Yes,No,One year,No,Electronic check,75.87,5312.64,No
3912-NCHXW,Male,0,Yes,Yes,20,Yes,Yes,No,No internet service,No internet service,No internet service,No internet service,No internet service,No internet service,One year,No,Credit card (automatic),27.37,513.06,No
0977-CGLCA,Male,0,No,No,57,Yes,Yes,Fiber optic,No,No,No,No,Yes,No,One year,No,Electronic check,85.88,4836.52,No
1181-TKTOL,Female,0,Yes,No,43,No,No phone service,Fiber optic,No,Yes,No,No,Yes,No,Two year,Yes,Bank transfer (automatic),76.39,3025.19,Yes
0963-WWIWC,Female,0,Yes,No,14,Yes,No,No,No internet service,No internet service,No internet service,No internet service,No internet service,No internet service,Month-to-month,No,Electronic check,29.54,427.97,No
1618-FUQUF,Male,0,Yes,Yes,52,Yes,No,Fiber optic,Yes,Yes,Yes,Yes,Yes,Yes,Month-to-month,Yes,Electronic check,108.23,5523.33,Yes
0531-ONDPG,Female,0,No,No,32,Yes,Yes,Fiber optic,No,No,Yes,No,No,Yes,One year,No,Mailed check,91.16,2831.91,Yes
2282-YJQLB,Male,0,No,No,17,Yes,No,DSL,No,Yes,No,Yes,No,No,Two year,Yes,Bank transfer (automatic),54.65,808.42,No
3179-WHTZQ,Female,0,Yes,Yes,6,Yes,No,DSL,No,Yes,No,No,Yes,No,Month-to-month,No,Electronic check,62.0,335.35,No
4815-PFGJP,Male,1,No,No,27,No,No phone service,Fiber optic,No,Yes,Yes,No,Yes,No,One year,Yes,Mailed check,80.49,1974.74,No
4656-IAFOQ,Male,0,Yes,Yes,40,Yes,No,Fiber optic,No,No,Yes,Yes,No,No,Two year,No,Credit card (automatic),79.4,2945.45,No
3744-RKPBR,Female,1,No,No,24,Yes,Yes,DSL,No,No,Yes,Yes,No,Yes,One year,No,Electronic check,78.11,1801.3,No
0124-SCWDZ,Female,0,Yes,No,66,Yes,Yes,Fiber optic,No,Yes,No,Yes,Yes,No,One year,No,Credit card (automatic),101.99,6548.48,No
3363-KJRYO,Male,0,Yes,No,45,No,No phone service,No,No internet service,No internet service,No internet service,No internet service,No internet service,No internet service,Two year,Yes,Mailed check,18.0,768.02,No
4574-LJKQN,Female,0,No,No,30,Yes,Yes,Fiber optic,Yes,No,No,Yes,Yes,No,Month-to-month,No,Mailed check,94.78,2834.97,No
4270-VOOIA,Female,1,No,No,28,Yes,Yes,DSL,No,Yes,No,No,No,Yes,Two year,No,Credit card (automatic),69.61,1831.45,No
0243-GMQDC,Male,1,No,No,57,Yes,No,DSL,No,No,Yes,No,No,Yes,One year,Yes,Bank transfer (automatic),61.65,3440.71,Yes
2200-IOFJT,Male,0,No,Yes,10,Yes,No,Fiber optic,Yes,No,No,No,No,No,Month-to-month,No,Bank transfer (automatic),73.67,724.41,No
1873-ATITE,Male,0,Yes,No,7,Yes,No,Fiber optic,Yes,No,No,No,No,No,Month-to-month,No,Electronic check,79.45,650.68,No
2811-ODNMZ,Male,0,No,Yes,24,Yes,No,Fiber optic,Yes,No,No,Yes,No,No,One year,Yes,Credit card (automatic),81.48,1960.45,Yes
3283-VQZUC,Female,0,No,No,16,Yes,No,Fiber optic,No,Yes,No,Yes,Yes,Yes,Month-to-month,Yes,Electronic check,95.39,1505.58,No
1457-MJYOL,Female,0,No,No,15,Yes,No,Fiber optic,No,Yes,No,No,Yes,Yes,Month-to-month,Yes,Mailed check,98.87,1441.01,No
2096-FJHJO,Female,0,No,No,28,Yes,Yes,DSL,Yes,Yes,No,Yes,No,Yes,Month-to-month,No,Electronic check,83.39,2252.58,No
5142-MWVZQ,Female,0,Yes,No,41,Yes,No,Fiber optic,Yes,No,No,Yes,No,No,Month-to-month,Yes,Credit card (automatic),77.59,3217.2,No
3696-PKGVM,Male,1,No,No,72,Yes,No,Fiber optic,No,Yes,Yes,No,Yes,No,One year,Yes,Credit card (automatic),86.49,6058.21,No
4099-HHAFL,Male,0,No,No,53,Yes,No,No,No internet service,No internet service,No internet service,No internet service,No internet service,No internet service,Month-to-month,Yes,Electronic check,29.13,1518.75,Yes
1262-RPUKU,Female,0,Yes,Yes,17,Yes,Yes,DSL,No,No,Yes,No,No,No,Month-to-month,Yes,Mailed check,66.33,1130.22,Yes
1821-OVNNP,Female,0,Yes,Yes,20,Yes,No,DSL,No,Yes,Yes,No,Yes,No,One year,No,Credit card (automatic),67.61,1300.53,Yes
1084-GRLSM,Male,0,Yes,No,31,Yes,Yes,Fiber optic,Yes,No,No,Yes,Yes,Yes,One year,Yes,Mailed check,101.76,3127.3,No
1003-IOMGH,Male,0,Yes,No,6,Yes,Yes,DSL,Yes,Yes,No,Yes,No,Yes,One year,No,Mailed check,85.07,441.33,No
3410-ZNACT,Female,0,No,No,11,Yes,Yes,DSL,No,Yes,Yes,No,No,No,Month-to-month,No,Credit card (automatic),67.33,779.09,Yes
0458-TYXKH,Male,0,Yes,No,1,Yes,No,No,No internet service,No internet service,No internet service,No internet service,No internet service,No internet service,Month-to-month,No,Electronic check,24.58,35.48,No
1863-XSFIT,Female,0,No,No,59,No,No phone service,DSL,No,No,No,No,No,No,Two year,Yes,Electronic check,43.18,2427.42,No
2565-HGDMD,Female,0,Yes,No,51,Yes,Yes,DSL,No,Yes,Yes,No,No,Yes,One year,Yes,Bank transfer (automatic),75.81,3877.49,No
2020-RRACI,Female,0,Yes,Yes,30,No,No phone service,No,No internet service,No internet service,No internet service,No internet service,No internet service,No internet service,Month-to-month,Yes,Electronic check,22.21,652.8,No
4178-TSJFV,Female,0,Yes,No,18,Yes,No,DSL,No,Yes,No,Yes,No,Yes,Month-to-month,No,Electronic check,71.06,1266.36,Yes
0753-OEJUV,Female,0,Yes,Yes,21,Yes,No,Fiber optic,No,Yes,No,Yes,No,Yes,Month-to-month,Yes,Bank transfer (automatic),88.51,1808.48,Yes
2660-JGOYH,Male,0,Yes,Yes,68,No,No phone service,No,No internet service,No internet service,No internet service,No internet service,No internet service,No internet service,One year,No,Mailed check,18.0,1178.53,No
4963-GGYDS,Male,0,Yes,Yes,12,Yes,Yes,DSL,Yes,No,No,No,Yes,Yes,Month-to-month,Yes,Electronic check,88.69,1155.48,Yes
1869-KSIPV,Female,0,No,No,9,Yes,No,Fiber optic,Yes,No,Yes,No,No,No,Month-to-month,Yes,Electronic check,77.89,703.91,Yes
1189-FBUWC,Male,0,Yes,No,7,Yes,No,DSL,Yes,No,Yes,No,Yes,Yes,Month-to-month,Yes,Bank transfer (automatic),72.82,432.2,Yes
1732-QERWG,Female,0,Yes,Yes,67,Yes,Yes,DSL,No,Yes,Yes,Yes,No,No,One year,No,Bank transfer (automatic),70.26,4533.56,No
2526-APNZX,Male,0,Yes,Yes,3,Yes,Yes,DSL,No,No,No,No,Yes,No,Month-to-month,Yes,Electronic check,69.64,155.93,No
0122-VGXXB,Female,1,No,No,46,Yes,No,DSL,No,Yes,No,No,No,Yes,Month-to-month,Yes,Credit card (automatic),65.61,2852.37,Yes
3600-TFLBW,Male,0,Yes,No,27,Yes,Yes,Fiber optic,No,Yes,Yes,Yes,Yes,Yes,Two year,Yes,Electronic check,110.7,2805.84,No
0991-NSRZX,Male,0,Yes,Yes,38,Yes,Yes,DSL,No,No,No,No,No,Yes,Two year,No,Mailed check,63.92,2207.89,No
2146-RTPPP,Male,0,Yes,Yes,46,Yes,No,DSL,No,No,Yes,No,Yes,Yes,Month-to-month,No,Mailed check,73.47,3335.12,No
4278-KFYCO,Male,1,No,No,49,Yes,Yes,Fiber optic,Yes,Yes,Yes,No,No,Yes,Two year,Yes,Mailed check,102.51,4706.06,No
0337-SZFLB,Female,0,No,No,70,Yes,No,Fiber optic,Yes,Yes,Yes,Yes,Yes,Yes,One year,Yes,Electronic check,110.23,7541.41,No
4584-WYFII,Female,0,No,No,42,Yes,No,No,No internet service,No internet service,No internet service,No internet service,No internet service,No internet service,One year,No,Credit card (automatic),25.51,1051.06,No
2374-BIGJO,Male,0,Yes,No,14,Yes,No,Fiber optic,No,Yes,Yes,No,Yes,No,Two year,Yes,Electronic check,85.16,1154.54,Yes
1458-QXUND,Male,0,No,No,0,Yes,No,Fiber optic,No,Yes,No,Yes,Yes,No,Month-to-month,No,Mailed check,86.84,,Yes
0976-PPHOY,Male,0,Yes,No,39,Yes,No,No,No internet service,No internet service,No internet service,No internet service,No internet service,No internet service,Two year,Yes,Electronic check,25.42,932.46,No
2056-DWZMV,Male,0,Yes,No,45,Yes,No,DSL,No,No,No,Yes,No,No,One year,Yes,Credit card (automatic),52.41,2224.6,No
3157-VSZBM,Male,0,Yes,No,31,No,No phone service,Fiber optic,No,No,No,No,Yes,No,One year,No,Bank transfer (automatic),78.73,2419.76,No
1861-RAGZG,Female,0,No,No,41,Yes,No,DSL,Yes,No,Yes,No,No,No,One year,Yes,Electronic check,56.13,2288.68,No
3905-OVXXK,Female,0,No,No,3,Yes,No,Fiber optic,No,Yes,No,Yes,Yes,No,Month-to-month,No,Mailed check,86.96,248.35,No
0403-ASJZC,Male,0,Yes,Yes,19,Yes,No,No,No internet service,No internet service,No internet service,No internet service,No internet service,No internet service,One year,Yes,Bank transfer (automatic),30.19,547.04,No
5215-BATHW,Male,0,No,No,40,Yes,No,Fiber optic,No,Yes,No,No,Yes,No,One year,No,Bank transfer (automatic),81.14,3029.44,Yes
4840-MEZCR,Female,0,No,Yes,34,Yes,Yes,No,No internet service,No internet service,No internet service,No internet service,No internet service,No internet service,Two year,Yes,Mailed check,35.09,1131.85,No
1046-KXGYI,Male,1,Yes,Yes,10,Yes,No,Fiber optic,Yes,No,No,No,No,Yes,Month-to-month,Yes,Credit card (automatic),82.64,881.87,No
1238-CJLAP,Male,1,Yes,No,62,Yes,Yes,Fiber optic,No,No,No,No,No,No,One year,No,Mailed check,74.28,4479.08,No
4320-XCNXP,Female,0,No,Yes,19,Yes,No,DSL,No,Yes,No,No,No,No,Month-to-month,No,Mailed check,55.55,1096.32,No
1939-FHYZD,Male,0,No,Yes,59,Yes,No,Fiber optic,Yes,No,No,No,Yes,Yes,One year,Yes,Mailed check,91.76,5305.86,Yes
2014-MXGDO,Male,0,No,No,23,Yes,Yes,DSL,Yes,Yes,Yes,No,Yes,No,Month-to-month,Yes,Credit card (automatic),76.92,1870.31,No
0467-CWNKY,Male,0,No,No,21,Yes,No,DSL,Yes,No,No,Yes,Yes,Yes,Month-to-month,Yes,Mailed check,76.77,1731.9,No
0691-UUFKU,Male,1,No,No,22,Yes,No,No,No internet service,No internet service,No internet service,No internet service,No internet service,No internet service,One year,Yes,Mailed check,20.46,427.31,No
1985-FTUYY,Female,0,No,No,70,Yes,No,DSL,No,Yes,Yes,Yes,No,Yes,One year,No,Credit card (automatic),68.79,4641.25,No
3866-WAQYZ,Female,1,No,Yes,38,No,No phone service,DSL,No,Yes,No,No,No,No,Month-to-month,Yes,Bank transfer (automatic),42.6,1645.66,Yes
1360-NMMRT,Female,0,No,No,7,Yes,Yes,Fiber optic,Yes,Yes,Yes,Yes,Yes,No,Month-to-month,No,Mailed check,103.64,727.71,No
0529-DIRZN,Male,0,Yes,Yes,21,Yes,No,Fiber optic,No,No,No,No,No,No,Month-to-month,Yes,Mailed check,74.14,1523.78,No
3003-FHQNJ,Female,1,Yes,Yes,72,No,No phone service,Fiber optic,No,No,No,Yes,No,Yes,Month-to-month,Yes,Mailed check,76.56,5405.47,No
4521-ZVTHN,Male,0,Yes,Yes,17,No,No phone service,Fiber optic,No,No,Yes,Yes,Yes,No,Month-to-month,Yes,Electronic check,79.25,1228.97,Yes
2832-RVNRO,Female,0,Yes,No,32,Yes,Yes,DSL,No,No,Yes,No,Yes,Yes,One year,Yes,Electronic check,76.16,2305.43,No
1783-MZCTU,Female,0,No,No,2,Yes,Yes,Fiber optic,No,No,Yes,Yes,Yes,Yes,Month-to-month,Yes,Credit card (automatic),105.09,314.26,Yes
3009-SITOB,Female,0,Yes,Yes,66,Yes,No,Fiber optic,Yes,Yes,Yes,No,No,Yes,One year,No,Mailed check,92.2,6047.57,No
3064-DPXVX,Female,0,No,Yes,0,Yes,Yes,No,No internet service,No internet service,No internet service,No internet service,No internet service,No internet service,One year,No,Credit card (automatic),31.11,,No
2549-OVOLD,Female,0,Yes,No,43,Yes,No,DSL,No,No,Yes,Yes,Yes,No,Two year,Yes,Electronic check,68.06,2781.97,No
4020-IREIX,Male,1,No,Yes,14,Yes,Yes,Fiber optic,Yes,Yes,Yes,No,Yes,No,Month-to-month,Yes,Mailed check,100.73,1410.42,Yes
3352-BWTQW,Male,0,No,No,19,Yes,Yes,Fiber optic,No,Yes,Yes,No,Yes,No,Month-to-month,No,Electronic check,98.48,1805.46,Yes
1429-CYNLA,Female,1,Yes,No,20,Yes,No,Fiber optic,No,Yes,No,No,No,Yes,Two year,No,Bank transfer (automatic),86.42,1467.05,Yes
1961-IOXER,Female,0,No,No,18,Yes,No,DSL,No,Yes,Yes,No,Yes,Yes,Two year,Yes,Electronic check,80.82,1285.45,No
4544-UDFUR,Male,0,No,No,39,No,No phone service,DSL,No,No,Yes,No,Yes,No,Two year,No,Electronic check,63.35,2387.3,No
2681-OZTEV,Male,0,No,Yes,34,Yes,Yes,DSL,Yes,No,No,Yes,Yes,No,One year,Yes,Mailed check,75.03,2535.7,No
3280-AJMBN,Female,1,Yes,Yes,23,Yes,Yes,Fiber optic,No,Yes,No,No,Yes,Yes,Month-to-month,No,Credit card (automatic),97.71,2241.01,No
2627-UAYBT,Female,0,Yes,No,29,Yes,No,DSL,No,No,No,Yes,No,Yes,Two year,No,Bank transfer (automatic),64.94,1761.58,No
4056-QXZYK,Male,0,No,No,10,No,No phone service,DSL,No,No,No,No,No,No,Month-to-month,Yes,Mailed check,44.01,448.81,No
1406-MEVOD,Female,0,No,No,51,Yes,No,DSL,No,Yes,Yes,Yes,No,Yes,Month-to-month,No,Credit card (automatic),68.4,3550.0,No
0342-JPJCS,Female,0,No,Yes,5,Yes,No,No,No internet service,No internet service,No internet service,No internet service,No internet service,No internet service,Month-to-month,Yes,Credit card (automatic),24.08,109.03,Yes
0593-YJBQC,Male,0,Yes,Yes,39,No,No phone service,Fiber optic,No,Yes,No,No,Yes,Yes,Two year,Yes,Bank transfer (automatic),85.43,3155.29,Yes
3658-MYJMG,Male,0,No,No,11,Yes,No,Fiber optic,No,Yes,No,Yes,No,No,Month-to-month,No,Mailed check,78.49,982.6,Yes
4967-RUASN,Male,1,Yes,No,13,No,No phone service,DSL,No,No,No,No,No,No,Month-to-month,Yes,Mailed check,45.32,587.13,Yes
2175-OMBSS,Male,0,Yes,No,15,Yes,No,Fiber optic,No,No,Yes,No,Yes,No,Two year,No,Mailed check,87.04,1229.02,No
4315-INSRB,Female,0,Yes,Yes,12,Yes,No,DSL,No,No,Yes,No,No,No,One year,Yes,Electronic check,59.34,696.03,No
0787-WGUGV,Male,0,No,No,32,Yes,No,Fiber optic,Yes,No,No,No,Yes,Yes,Two year,No,Mailed check,92.83,2696.47,No
1173-YJMXC,Male,0,No,No,58,Yes,Yes,Fiber optic,Yes,Yes,Yes,Yes,No,No,One year,Yes,Electronic check,101.37,5527.53,No
5023-DSFZQ,Male,1,Yes,Yes,1,Yes,Yes,No,No internet service,No internet service,No internet service,No internet service,No internet service,No internet service,Month-to-month,No,Credit card (automatic),35.82,30.32,No
3894-TLZND,Female,0,No,Yes,69,Yes,Yes,Fiber optic,Yes,No,Yes,No,No,No,Two year,No,Credit card (automatic),89.44,5615.99,No
0783-LTZUK,Male,1,No,No,33,Yes,No,Fiber optic,No,Yes,Yes,Yes,No,No,Two year,No,Credit card (automatic),83.41,2571.22,No
2962-NCVVA,Female,0,Yes,Yes,36,Yes,Yes,No,No internet service,No internet service,No internet service,No internet service,No internet service,No internet service,One year,No,Credit card (automatic),31.52,1110.66,No
3245-COJRI,Female,0,No,No,9,Yes,Yes,DSL,No,Yes,No,No,No,Yes,Month-to-month,Yes,Electronic check,74.06,716.87,Yes
4425-PGEXB,Female,0,No,Yes,7,No,No phone service,DSL,Yes,Yes,Yes,No,Yes,No,Month-to-month,Yes,Mailed check,64.72,457.43,No
3047-PIICT,Female,0,No,Yes,12,Yes,Yes,Fiber optic,No,Yes,No,Yes,Yes,No,Two year,No,Electronic check,94.96,1083.66,Yes
3697-FHPKF,Female,0,Yes,No,7,Yes,Yes,DSL,No,Yes,Yes,No,Yes,Yes,Month-to-month,Yes,Credit card (automatic),82.93,604.84,Yes
1172-XQSAJ,Male,0,No,No,15,Yes,Yes,No,No internet service,No internet service,No internet service,No internet service,No internet service,No internet service,Month-to-month,No,Bank transfer (automatic),34.87,485.7,Yes
4430-FRLXN,Female,0,No,No,7,No,No phone service,DSL,Yes,Yes,No,No,No,Yes,Month-to-month,No,Mailed check,64.62,429.64,Yes
4942-SSNYT,Female,0,Yes,No,14,Yes,No,No,No internet service,No internet service,No internet service,No internet service,No internet service,No internet service,One year,No,Credit card (automatic),25.38,376.07,No
3419-GVQQW,Female,0,No,No,11,Yes,No,DSL,No,No,No,Yes,Yes,Yes,One year,Yes,Mailed check,77.07,883.09,No
1657-BVJEM,Male,1,Yes,Yes,9,Yes,Yes,Fiber optic,No,No,Yes,Yes,No,No,Month-to-month,Yes,Electronic check,90.46,853.79,Yes
3448-NTPAQ,Female,0,Yes,No,9,Yes,No,Fiber optic,No,No,Yes,No,Yes,No,Month-to-month,Yes,Mailed check,82.9,737.82,Yes
0252-VRYRU,Male,0,No,No,17,Yes,No,DSL,No,No,No,No,No,Yes,Month-to-month,No,Credit card (automatic),56.93,1085.63,Yes
3515-HACQN,Female,1,Yes,Yes,15,Yes,No,DSL,No,Yes,No,Yes,No,No,Month-to-month,Yes,Bank transfer (automatic),59.77,835.43,No
0111-AKLTG,Female,0,Yes,No,40,Yes,Yes,DSL,No,No,No,Yes,No,Yes,Two year,Yes,Electronic check,69.28,2629.59,No
0965-ZFXUG,Male,0,No,Yes,28,Yes,Yes,No,No internet service,No internet service,No internet service,No internet service,No internet service,No internet service,Month-to-month,Yes,Credit card (automatic),32.79,913.78,No
2953-EZWCP,Female,0,Yes,No,36,Yes,Yes,No,No internet service,No internet service,No internet service,No internet service,No internet service,No internet service,Month-to-month,No,Electronic check,32.53,1191.84,No
1110-VEDRR,Male,0,No,Yes,22,Yes,Yes,Fiber optic,No,Yes,No,No,No,No,Month-to-month,No,Credit card (automatic),78.94,1776.52,Yes
2252-YCLCB,Female,0,Yes,Yes,13,Yes,No,Fiber optic,No,No,No,No,Yes,No,Month-to-month,No,Electronic check,79.37,979.63,Yes
4982-HMFSN,Female,1,No,No,4,Yes,Yes,No,No internet service,No internet service,No internet service,No internet service,No internet service,No internet service,Month-to-month,No,Mailed check,29.11,131.97,No
1290-LXJQX,Male,0,Yes,No,18,Yes,No,No,No internet service,No internet service,No internet service,No internet service,No internet service,No internet service,Two year,Yes,Electronic check,24.47,426.16,No
3372-MIQWG,Female,0,No,No,5,Yes,Yes,No,No internet service,No internet service,No internet service,No internet service,No internet service,No internet service,Month-to-month,Yes,Credit card (automatic),29.72,157.1,No
2944-QIQYA,Female,1,No,No,2,Yes,Yes,No,No internet service,No internet service,No internet service,No internet service,No internet service,No internet service,Month-to-month,Yes,Credit card (automatic),36.34,48.51,Yes
3971-MYKJS,Male,1,Yes,Yes,72,Yes,Yes,DSL,No,No,No,No,No,Yes,Two year,Yes,Electronic check,63.6,4218.63,No
4415-ZIDJE,Male,0,Yes,Yes,51,Yes,No,DSL,No,No,Yes,No,Yes,Yes,Two year,Yes,Electronic check,68.79,3186.83,No
4792-SRRMQ,Female,1,No,No,3,Yes,Yes,No,No internet service,No internet service,No internet service,No internet service,No internet service,No internet service,Month-to-month,No,Electronic check,30.61,42.51,No
1813-ZRCRP,Male,0,No,Yes,24,Yes,No,Fiber optic,No,No,No,No,No,No,Month-to-month,No,Credit card (automatic),70.36,1640.36,No
4555-JNJVW,Male,0,No,No,69,Yes,Yes,Fiber optic,No,Yes,No,No,Yes,No,Two year,Yes,Credit card (automatic),86.42,5678.57,Yes
0872-DKRZZ,Male,1,No,No,42,Yes,No,DSL,Yes,No,No,Yes,No,No,One year,Yes,Mailed check,59.85,2441.69,No
0396-FSVXW,Male,0,Yes,Yes,11,Yes,No,No,No internet service,No internet service,No internet service,No internet service,No internet service,No internet service,Month-to-month,No,Electronic check,21.98,257.2,No
1676-INNMP,Female,1,Yes,No,11,Yes,No,Fiber optic,No,Yes,Yes,Yes,No,No,One year,Yes,Bank transfer (automatic),87.97,1010.2,Yes
0139-RLIVV,Female,0,Yes,No,19,Yes,No,No,No internet service,No internet service,No internet service,No internet service,No internet service,No internet service,One year,No,Credit card (automatic),25.33,439.18,No
1369-SRPZA,Male,0,Yes,No,5,No,No phone service,DSL,Yes,Yes,Yes,No,No,No,Month-to-month,Yes,Electronic check,57.06,306.27,Yes
0840-DJZJJ,Female,1,Yes,No,2,Yes,No,Fiber optic,Yes,No,Yes,No,Yes,No,Month-to-month,Yes,Electronic check,85.43,201.7,Yes
0357-MCTXX,Female,0,No,No,13,Yes,No,DSL,No,Yes,Yes,No,Yes,Yes,One year,Yes,Electronic check,75.4,866.26,No
4985-CUIWH,Female,0,No,Yes,32,No,No phone service,DSL,No,No,No,No,Yes,No,One year,No,Credit card (automatic),54.08,1682.85,No
2915-VZFTG,Female,0,Yes,Yes,0,Yes,No,No,No internet service,No internet service,No internet service,No internet service,No internet service,No internet service,Month-to-month,No,Electronic check,33.32,,Yes
1100-FIAMT,Male,0,Yes,Yes,53,Yes,Yes,Fiber optic,Yes,No,Yes,No,No,Yes,Two year,Yes,Credit card (automatic),96.04,4712.06,No
3703-DQVBV,Female,0,No,No,67,Yes,No,Fiber optic,No,Yes,Yes,No,No,Yes,One year,Yes,Electronic check,97.43,6471.07,No
0163-YLLPA,Male,0,Yes,Yes,58,No,No phone service,No,No internet service,No internet service,No internet service,No internet service,No internet service,No internet service,Month-to-month,No,Bank transfer (automatic),18.0,1007.36,No
2608-ZZIHC,Male,0,Yes,No,55,Yes,No,Fiber optic,Yes,No,No,No,No,No,One year,Yes,Credit card (automatic),78.63,4215.36,No
0868-DQHUG,Male,0,No,No,53,Yes,Yes,Fiber optic,No,Yes,No,No,No,No,Two year,No,Bank transfer (automatic),76.87,3836.41,No
0696-BKUHV,Male,0,No,No,23,Yes,Yes,DSL,No,No,Yes,No,Yes,Yes,Two year,No,Bank transfer (automatic),79.45,1574.31,Yes
1905-XUWZW,Female,0,No,No,48,Yes,No,No,No internet service,No internet service,No internet service,No internet service,No internet service,No internet service,One year,Yes,Credit card (automatic),22.07,1024.28,No
3628-VEOJK,Male,0,No,Yes,11,Yes,No,DSL,Yes,Yes,Yes,Yes,No,Yes,Month-to-month,No,Electronic check,76.07,783.81,No
0375-XFJZW,Male,1,Yes,No,2,Yes,No,No,No internet service,No internet service,No internet service,No internet service,No internet service,No internet service,Month-to-month,No,Electronic check,30.05,46.77,No
0589-UVHDZ,Female,1,No,Yes,49,No,No phone service,DSL,Yes,Yes,Yes,No,Yes,No,Two year,No,Electronic check,63.83,2923.78,No
3885-BLVNG,Male,0,Yes,No,2,Yes,Yes,Fiber optic,No,Yes,No,No,No,No,Month-to-month,Yes,Credit card (automatic),83.54,133.54,Yes
0164-ETYET,Male,0,Yes,No,24,Yes,Yes,Fiber optic,No,Yes,Yes,No,No,Yes,Month-to-month,Yes,Electronic check,94.51,2247.5,Yes
1805-JEPEY,Male,0,Yes,Yes,11,Yes,Yes,DSL,Yes,Yes,No,Yes,Yes,No,Month-to-month,Yes,Electronic check,82.49,862.05,No
3718-NLTZJ,Female,0,No,No,15,No,No phone service,Fiber optic,No,Yes,No,No,No,Yes,Two year,No,Bank transfer (automatic),77.83,1145.7,No
0161-RUHAP,Male,0,No,Yes,3,Yes,Yes,DSL,Yes,Yes,Yes,No,No,No,Month-to-month,No,Bank transfer (automatic),77.74,194.68,Yes
0904-PIILV,Female,0,No,No,32,Yes,No,Fiber optic,Yes,Yes,Yes,Yes,No,No,Two year,Yes,Mailed check,91.52,2748.86,No
3384-CEPKQ,Female,0,Yes,Yes,9,Yes,No,DSL,No,No,Yes,No,No,Yes,Month-to-month,No,Bank transfer (automatic),63.47,490.16,Yes
0367-NGDPN,Female,1,No,Yes,54,Yes,Yes,DSL,Yes,No,No,No,No,Yes,One year,Yes,Mailed check,73.39,3923.61,Yes
1845-FRQHL,Male,0,Yes,No,21,Yes,Yes,Fiber optic,Yes,No,Yes,No,Yes,No,Two year,Yes,Electronic check,96.44,2015.22,No
1158-GDYSE,Female,0,Yes,Yes,16,Yes,No,DSL,No,Yes,No,Yes,No,No,Month-to-month,No,Electronic check,65.57,1085.89,Yes
5058-IAFXO,Female,0,No,No,8,Yes,No,No,No internet service,No internet service,No internet service,No internet service,No internet service,No internet service,Month-to-month,No,Mailed check,26.1,212.51,Yes
4095-STMDE,Female,0,Yes,No,46,Yes,Yes,DSL,Yes,No,Yes,No,Yes,Yes,One year,No,Bank transfer (automatic),86.53,3953.0,No
4312-JPVUD,Female,0,No,No,1,Yes,Yes,Fiber optic,Yes,No,Yes,Yes,No,No,Month-to-month,Yes,Electronic check,89.04,54.37,Yes
1758-ALLHQ,Male,0,No,No,54,Yes,No,No,No internet service,No internet service,No internet service,No internet service,No internet service,No internet service,Month-to-month,No,Mailed check,23.99,1277.35,No
1544-IZBFL,Male,1,No,No,4,No,No phone service,Fiber optic,Yes,No,Yes,Yes,No,No,Month-to-month,Yes,Electronic check,82.1,379.6,Yes
4702-OKNJW,Male,0,No,No,68,Yes,Yes,Fiber optic,No,No,No,No,Yes,No,One year,Yes,Bank transfer (automatic),85.65,5475.27,No
2024-DCXGE,Female,0,No,No,55,Yes,Yes,DSL,No,Yes,Yes,Yes,Yes,Yes,One year,Yes,Electronic check,95.45,5085.3,Yes
3013-ZROZE,Male,1,Yes,No,2,Yes,No,Fiber optic,Yes,No,No,Yes,No,Yes,Month-to-month,Yes,Bank transfer (automatic),92.3,181.51,Yes
3176-VRIZJ,Female,0,No,Yes,6,Yes,No,Fiber optic,No,No,Yes,Yes,No,No,Month-to-month,Yes,Electronic check,80.63,505.72,Yes
4582-ARROW,Male,1,Yes,Yes,2,Yes,Yes,Fiber optic,No,No,No,Yes,No,Yes,Month-to-month,Yes,Electronic check,87.88,167.24,Yes
3878-ZATBM,Female,0,No,No,72,Yes,No,Fiber optic,No,Yes,No,Yes,Yes,Yes,Two year,Yes,Credit card (automatic),97.29,6556.63,No
5108-OCOQJ,Male,0,Yes,No,13,Yes,Yes,Fiber optic,No,No,No,No,No,Yes,One year,Yes,Electronic check,86.77,1170.55,No
2310-VMAOM,Male,0,No,No,7,Yes,No,Fiber optic,Yes,Yes,No,No,Yes,No,Month-to-month,Yes,Bank transfer (automatic),91.47,692.15,Yes
0592-INQBA,Female,0,Yes,No,61,Yes,No,No,No internet service,No internet service,No internet service,No internet service,No internet service,No internet service,Two year,No,Electronic check,26.34,1509.79,No
1338-JNGRG,Male,0,No,No,52,Yes,Yes,No,No internet service,No internet service,No internet service,No internet service,No internet service,No internet service,Two year,No,Bank transfer (automatic),29.94,1462.57,No
2009-CSXEH,Male,0,Yes,Yes,18,Yes,Yes,Fiber optic,No,No,No,No,Yes,No,Month-to-month,Yes,Credit card (automatic),86.28,1480.93,No
0134-RXVRD,Female,0,No,No,44,Yes,Yes,DSL,Yes,Yes,Yes,No,Yes,No,Two year,Yes,Electronic check,79.45,3252.09,Yes
3264-TSJGY,Female,1,No,Yes,4,Yes,No,DSL,No,Yes,No,Yes,No,No,Month-to-month,Yes,Credit card (automatic),61.35,284.21,No
4887-JAXIN,Male,0,No,No,56,Yes,Yes,DSL,No,No,Yes,Yes,Yes,No,Two year,No,Credit card (automatic),73.46,3809.81,No
3070-YJITE,Female,0,No,No,72,Yes,No,No,No internet service,No internet service,No internet service,No internet service,No internet service,No internet service,Month-to-month,Yes,Credit card (automatic),28.71,2081.14,No
1028-NXXHD,Male,1,No,Yes,53,Yes,No,Fiber optic,Yes,Yes,No,No,Yes,No,One year,Yes,Credit card (automatic),90.96,4661.35,No
1253-PLRCT,Male,0,No,No,17,Yes,Yes,DSL,Yes,No,Yes,Yes,No,Yes,Month-to-month,No,Mailed check,75.01,1227.6,Yes
4399-FJXHZ,Female,0,No,No,19,Yes,Yes,Fiber optic,Yes,No,Yes,No,No,No,One year,No,Electronic check,91.32,1759.88,Yes
1998-XDKRP,Male,0,No,No,12,Yes,Yes,Fiber optic,No,No,No,Yes,No,Yes,Month-to-month,No,Mailed check,93.95,1185.88,Yes
2302-UOKSK,Female,0,Yes,Yes,6,No,No phone service,DSL,No,No,No,No,No,Yes,Month-to-month,No,Electronic check,52.13,340.94,Yes
2196-KIYAG,Male,0,Yes,No,24,Yes,No,Fiber optic,Yes,Yes,Yes,Yes,Yes,No,Two year,Yes,Credit card (automatic),96.34,2078.2,No
2424-RKGLW,Female,0,No,No,2,Yes,No,Fiber optic,Yes,Yes,No,No,No,Yes,Month-to-month,No,Bank transfer (automatic),86.75,151.08,Yes
2464-BHUAH,Male,0,No,No,29,Yes,No,No,No internet service,No internet service,No internet service,No internet service,No internet service,No internet service,Two year,Yes,Electronic check,22.38,592.4,No
5224-MULWD,Male,0,Yes,No,18,No,No phone service,Fiber optic,No,No,Yes,Yes,No,Yes,Month-to-month,Yes,Bank transfer (automatic),81.9,1529.66,Yes
1130-CNWYH,Female,0,No,No,53,Yes,Yes,No,No internet service,No internet service,No internet service,No internet service,No internet service,No internet service,One year,Yes,Bank transfer (automatic),32.26,1685.53,No
1125-IIXNS,Male,0,Yes,No,66,No,No phone service,Fiber optic,Yes,No,No,Yes,Yes,No,One year,Yes,Credit card (automatic),81.32,5242.02,No
3317-GFBAH,Male,0,Yes,No,14,Yes,Yes,Fiber optic,No,Yes,No,Yes,No,No,Two year,No,Bank transfer (automatic),86.87,1204.73,No
1030-ZIUHH,Male,0,No,No,5,Yes,Yes,No,No internet service,No internet service,No internet service,No internet service,No internet service,No internet service,Month-to-month,No,Electronic check,35.12,176.62,No
0929-CEHKO,Female,0,No,Yes,12,Yes,No,No,No internet service,No internet service,No internet service,No internet service,No internet service,No internet service,Month-to-month,Yes,Electronic check,24.15,276.64,No
4909-DUFKZ,Male,0,No,No,45,Yes,No,Fiber optic,No,No,Yes,No,No,No,Two year,Yes,Bank transfer (automatic),74.98,3155.09,No
0679-AZBSP,Male,1,No,No,25,Yes,Yes,Fiber optic,Yes,No,No,Yes,Yes,Yes,Month-to-month,No,Bank transfer (automatic),102.38,2557.71,Yes
3852-AXMNC,Male,0,Yes,No,49,Yes,No,Fiber optic,Yes,Yes,No,No,No,Yes,One year,No,Electronic check,90.86,4358.13,Yes
3166-ZNZTD,Female,0,No,No,34,Yes,Yes,DSL,No,No,Yes,No,Yes,Yes,One year,Yes,Credit card (automatic),83.44,2818.29,No
4341-GSYGI,Male,0,Yes,No,24,Yes,Yes,No,No internet service,No internet service,No internet service,No internet service,No internet service,No internet service,Two year,No,Electronic check,27.89,602.77,No
0617-IRPTX,Male,0,Yes,Yes,61,Yes,Yes,No,No internet service,No internet service,No internet service,No internet service,No internet service,No internet service,Two year,No,Credit card (automatic),32.31,1832.01,No
0570-REBXM,Male,1,Yes,No,6,Yes,No,Fiber optic,Yes,Yes,Yes,No,No,Yes,Month-to-month,Yes,Electronic check,96.23,550.12,Yes
0186-ASCLA,Female,0,Yes,No,7,Yes,No,Fiber optic,Yes,Yes,No,Yes,Yes,No,Month-to-month,No,Electronic check,101.39,776.21,No
1246-RBPHO,Female,1,Yes,No,30,Yes,Yes,Fiber optic,Yes,No,No,Yes,No,No,One year,Yes,Bank transfer (automatic),88.1,2496.96,Yes
2286-YQPEW,Female,0,No,No,3,Yes,No,No,No internet service,No internet service,No internet service,No internet service,No internet service,No internet service,Month-to-month,Yes,Mailed check,30.42,97.33,No
5274-JWTLH,Male,0,Yes,No,0,Yes,Yes,Fiber optic,Yes,No,No,No,No,No,Month-to-month,Yes,Bank transfer (automatic),85.42,,Yes
4407-OPSFT,Male,0,No,Yes,10,Yes,Yes,DSL,No,No,Yes,Yes,Yes,No,Month-to-month,Yes,Bank transfer (automatic),79.57,753.18,No
4633-KXVAG,Female,0,Yes,No,25,No,No phone service,Fiber optic,No,No,No,No,Yes,Yes,Month-to-month,Yes,Credit card (automatic),84.49,2022.3,No
2551-KKMHN,Male,0,No,No,23,Yes,Yes,Fiber optic,Yes,No,Yes,Yes,Yes,Yes,Month-to-month,Yes,Credit card (automatic),113.58,2685.54,Yes
5246-HWJII,Female,0,No,No,0,Yes,Yes,Fiber optic,No,No,No,No,Yes,Yes,Month-to-month,Yes,Mailed check,92.57,,Yes
1175-MCCOB,Female,0,No,No,11,Yes,Yes,Fiber optic,No,No,No,No,No,No,Month-to-month,No,Credit card (automatic),81.51,893.69,Yes
3020-LIWCI,Male,0,No,No,0,Yes,Yes,Fiber optic,No,Yes,Yes,No,No,Yes,Month-to-month,Yes,Bank transfer (automatic),97.95,,Yes
5121-UZKQN,Female,1,Yes,No,9,Yes,Yes,DSL,No,Yes,Yes,Yes,No,Yes,Month-to-month,Yes,Bank transfer (automatic),75.14,658.05,No
2201-KAZHB,Female,0,Yes,No,1,Yes,No,Fiber optic,No,Yes,Yes,No,No,No,Month-to-month,Yes,Electronic check,81.35,48.81,Yes
0313-KVGHZ,Female,0,Yes,Yes,0,Yes,No,No,No internet service,No internet service,No internet service,No internet service,No internet service,No internet service,One year,Yes,Bank transfer (automatic),26.29,,No
2563-UEXOA,Male,1,Yes,Yes,39,Yes,No,Fiber optic,No,No,Yes,No,Yes,No,Month-to-month,No,Mailed check,82.97,3179.56,Yes
4824-CMOCF,Male,0,No,No,64,Yes,No,DSL,No,No,No,No,Yes,No,Two year,Yes,Electronic check,59.57,3576.89,No
0180-BQNTV,Female,1,Yes,No,50,No,No phone service,No,No internet service,No internet service,No internet service,No internet service,No internet service,No internet service,Month-to-month,Yes,Bank transfer (automatic),18.0,918.97,No
4860-JSRFR,Female,0,Yes,No,8,Yes,Yes,Fiber optic,No,No,No,No,No,Yes,Month-to-month,Yes,Mailed check,87.42,606.77,No
3371-BCMBE,Female,0,No,Yes,1,Yes,Yes,Fiber optic,Yes,Yes,Yes,No,No,No,Month-to-month,No,Bank transfer (automatic),93.69,77.17,Yes
0207-RLHQL,Female,1,No,No,11,Yes,No,Fiber optic,No,No,Yes,No,Yes,Yes,Month-to-month,Yes,Bank transfer (automatic),90.37,998.2,Yes
3982-GKWWU,Male,0,No,No,4,Yes,Yes,Fiber optic,Yes,No,Yes,Yes,Yes,Yes,Month-to-month,Yes,Bank transfer (automatic),108.18,432.07,No
4793-FJSUD,Male,0,No,No,24,Yes,Yes,DSL,No,No,No,Yes,Yes,Yes,Month-to-month,No,Credit card (automatic),74.6,1719.07,Yes
1316-GENWN,Female,0,Yes,Yes,6,Yes,No,Fiber optic,No,No,Yes,Yes,No,No,Month-to-month,Yes,Electronic check,79.26,447.91,Yes
4027-BJPNQ,Female,0,No,No,42,Yes,No,Fiber optic,No,Yes,Yes,No,No,Yes,Two year,Yes,Mailed check,86.37,3465.46,No
1746-UZUJE,Male,1,Yes,No,25,Yes,No,DSL,No,Yes,No,Yes,Yes,No,Two year,Yes,Electronic check,71.33,1610.74,No
3162-EWXYZ,Female,0,Yes,Yes,14,Yes,No,Fiber optic,Yes,No,No,No,No,Yes,Month-to-month,Yes,Credit card (automatic),85.4,1180.43,No
5099-JPAYC,Female,0,Yes,No,40,Yes,Yes,No,No internet service,No internet service,No internet service,No internet service,No internet service,No internet service,Month-to-month,No,Mailed check,28.1,1159.21,Yes
4328-UEDII,Female,0,Yes,No,27,Yes,No,No,No internet service,No internet service,No internet service,No internet service,No internet service,No internet service,Month-to-month,Yes,Mailed check,22.48,606.48,No
0639-OYSWM,Male,0,Yes,No,56,Yes,No,Fiber optic,Yes,No,No,No,No,No,Two year,Yes,Electronic check,80.41,4083.26,No
5300-SROBI,Female,0,Yes,No,25,Yes,No,No,No internet service,No internet service,No internet service,No internet service,No internet service,No internet service,Month-to-month,Yes,Electronic check,25.84,656.57,No
0007-MUUEC,Female,0,No,No,2,Yes,No,DSL,Yes,Yes,No,Yes,No,No,Month-to-month,Yes,Electronic check,64.48,97.68,Yes
0645-PYLUA,Male,1,No,No,28,Yes,Yes,DSL,No,No,Yes,No,No,Yes,Two year,No,Credit card (automatic),69.35,1884.37,Yes
4240-MNILA,Male,0,No,No,51,Yes,Yes,DSL,Yes,No,No,No,Yes,Yes,One year,Yes,Bank transfer (automatic),80.46,3854.48,No
5055-HNUPG,Female,0,Yes,No,41,Yes,No,DSL,No,Yes,No,Yes,No,No,One year,No,Electronic check,60.22,2401.67,No
3542-EXMRC,Male,0,No,No,5,Yes,Yes,Fiber optic,No,Yes,No,No,No,No,Month-to-month,No,Bank transfer (automatic),81.05,407.09,Yes
2694-HNFYU,Female,0,Yes,Yes,35,Yes,No,No,No internet service,No internet service,No internet service,No internet service,No internet service,No internet service,Two year,Yes,Credit card (automatic),24.62,841.23,No
0834-IHIBE,Female,1,No,No,69,Yes,No,DSL,No,Yes,No,No,No,No,Month-to-month,No,Electronic check,57.34,4042.32,Yes
2007-AAGZT,Female,0,No,No,67,Yes,No,DSL,Yes,No,Yes,No,Yes,No,One year,Yes,Bank transfer (automatic),64.01,4142.29,No
3303-TTOPN,Female,0,Yes,Yes,16,Yes,Yes,DSL,No,No,Yes,No,Yes,Yes,One year,Yes,Electronic check,76.83,1116.27,No
3209-FCHVR,Male,0,No,No,48,Yes,No,Fiber optic,No,No,Yes,No,Yes,Yes,Month-to-month,Yes,Mailed check,95.02,4667.82,Yes
1612-HDRQT,Male,0,Yes,No,49,Yes,No,DSL,No,Yes,No,Yes,No,No,Two year,No,Electronic check,59.19,2749.94,No
3776-JHVTL,Female,1,Yes,No,29,Yes,Yes,Fiber optic,Yes,Yes,No,Yes,Yes,Yes,One year,No,Electronic check,112.02,3099.47,Yes
5222-DSOTV,Female,0,No,No,51,Yes,No,Fiber optic,Yes,Yes,No,No,No,No,Month-to-month,Yes,Credit card (automatic),81.53,4118.73,Yes
0853-KDVBW,Female,0,No,No,40,Yes,No,Fiber optic,No,No,No,No,Yes,No,Month-to-month,Yes,Electronic check,81.0,3134.83,Yes
1525-SZSHE,Female,0,No,Yes,32,Yes,Yes,DSL,Yes,Yes,No,No,No,Yes,Month-to-month,Yes,Electronic check,80.39,2489.4,No
0420-KDBZI,Male,1,No,Yes,53,Yes,No,No,No internet service,No internet service,No internet service,No internet service,No internet service,No internet service,One year,No,Bank transfer (automatic),26.47,1351.69,Yes
0527-BEQKQ,Male,0,No,No,13,Yes,No,DSL,Yes,No,No,No,Yes,No,Month-to-month,No,Electronic check,69.22,904.03,No
4265-NLAHT,Female,0,No,No,9,Yes,Yes,Fiber optic,Yes,No,Yes,No,No,No,Month-to-month,No,Electronic check,88.17,655.11,Yes
1637-IZLPZ,Male,0,No,Yes,14,Yes,No,DSL,No,Yes,No,No,No,Yes,Month-to-month,Yes,Electronic check,62.12,812.42,Yes
0557-KEQMP,Female,0,No,No,61,Yes,Yes,DSL,No,No,No,No,No,Yes,Two year,No,Credit card (automatic),69.59,3855.79,No
0666-KFEVP,Male,0,No,No,50,Yes,No,Fiber optic,Yes,Yes,Yes,No,Yes,Yes,Month-to-month,Yes,Mailed check,105.46,5215.62,Yes
2854-YSFBJ,Female,0,Yes,Yes,22,No,No phone service,Fiber optic,Yes,No,No,Yes,Yes,No,Month-to-month,Yes,Bank transfer (automatic),81.1,1823.2,No
3801-CLXJK,Male,0,Yes,No,56,Yes,No,Fiber optic,No,Yes,Yes,No,No,No,One year,Yes,Credit card (automatic),79.2,4183.28,No
2156-ESGAC,Female,0,Yes,No,5,Yes,Yes,Fiber optic,Yes,No,No,No,Yes,Yes,Month-to-month,Yes,Electronic check,102.54,545.84,No
2061-BDHAY,Male,0,Yes,No,72,Yes,Yes,Fiber optic,Yes,No,No,No,No,No,Month-to-month,No,Bank transfer (automatic),85.46,6106.61,No
1510-WQHTR,Female,0,No,Yes,42,No,No phone service,Fiber optic,No,Yes,No,Yes,No,Yes,One year,Yes,Bank transfer (automatic),77.82,3252.51,No
3060-KZAOB,Female,1,No,No,16,Yes,Yes,DSL,No,No,Yes,Yes,Yes,No,One year,No,Credit card (automatic),85.78,1355.97,No
2117-GKPFN,Female,0,No,No,30,Yes,No,No,No internet service,No internet service,No internet service,No internet service,No internet service,No internet service,One year,Yes,Electronic check,27.49,813.39,No
3133-IGXAW,Male,0,No,No,47,No,No phone service,Fiber optic,No,Yes,No,No,Yes,Yes,Two year,No,Credit card (automatic),89.67,3898.24,No
4136-CCJHR,Male,0,Yes,No,12,Yes,No,No,No internet service,No internet service,No internet service,No internet service,No internet service,No internet service,Two year,No,Electronic check,26.55,286.17,No
0070-SRMMO,Male,0,No,No,62,Yes,No,Fiber optic,No,No,No,Yes,Yes,No,Month-to-month,Yes,Electronic check,81.63,5234.11,No
1004-HNRZE,Female,0,Yes,Yes,20,Yes,No,Fiber optic,No,No,Yes,No,No,Yes,Month-to-month,No,Credit card (automatic),84.44,1776.62,No
1651-RGCMX,Female,0,No,Yes,31,Yes,No,DSL,No,No,No,No,Yes,No,Month-to-month,Yes,Electronic check,62.0,1978.27,Yes
0216-GLMYP,Male,0,No,Yes,55,No,No phone service,DSL,No,No,No,Yes,Yes,Yes,Month-to-month,No,Mailed check,69.97,3838.57,No
1005-YJNEV,Female,0,Yes,No,19,Yes,Yes,Fiber optic,Yes,Yes,No,No,Yes,No,Month-to-month,No,Mailed check,94.7,1766.83,Yes
0279-XDYEA,Male,0,Yes,Yes,62,Yes,No,Fiber optic,No,No,No,No,Yes,No,One year,Yes,Bank transfer (automatic),78.62,4718.58,No
4517-MKSVD,Female,0,Yes,No,50,Yes,No,DSL,Yes,No,No,No,No,No,One year,No,Bank transfer (automatic),47.62,2272.44,No
5161-XFQYE,Male,0,No,No,22,Yes,No,Fiber optic,Yes,No,No,Yes,No,Yes,Month-to-month,No,Credit card (automatic),86.12,1872.59,No
1481-CKILE,Female,0,Yes,No,26,No,No phone service,Fiber optic,Yes,No,Yes,No,Yes,Yes,One year,No,Electronic check,93.71,2521.69,No
1605-HFWJJ,Male,0,No,No,44,Yes,No,DSL,No,No,Yes,Yes,Yes,No,Month-to-month,No,Mailed check,68.33,2978.36,No
2661-POUNY,Female,0,Yes,Yes,54,Yes,No,No,No internet service,No internet service,No internet service,No internet service,No internet service,No internet service,One year,Yes,Mailed check,21.32,1137.4,No
1001-OPWYK,Male,0,Yes,No,38,Yes,No,Fiber optic,No,No,No,No,Yes,No,One year,No,Electronic check,81.26,2897.01,Yes
4785-VSMSB,Male,1,No,Yes,40,Yes,No,Fiber optic,No,Yes,No,Yes,No,Yes,Month-to-month,Yes,Credit card (automatic),91.92,3774.43,No
2652-QNAUN,Male,0,Yes,Yes,49,Yes,No,Fiber optic,Yes,Yes,Yes,Yes,No,No,Month-to-month,Yes,Mailed check,92.22,4520.73,No
0792-HZPGT,Male,0,No,No,45,Yes,Yes,DSL,No,No,Yes,Yes,Yes,Yes,Month-to-month,Yes,Electronic check,82.75,3786.14,Yes
2828-QZXOC,Male,0,No,Yes,16,Yes,No,Fiber optic,No,Yes,Yes,No,Yes,Yes,Month-to-month,Yes,Bank transfer (automatic),96.94,1573.19,Yes
3740-UJOHE,Male,0,No,Yes,70,Yes,No,No,No internet service,No internet service,No internet service,No internet service,No internet service,No internet service,Two year,No,Electronic check,24.56,1586.4,No
1946-YUFJU,Female,0,Yes,No,35,Yes,Yes,DSL,No,Yes,No,Yes,Yes,Yes,One year,No,Electronic check,87.13,2907.88,Yes
2639-SYGMR,Male,0,No,No,0,Yes,Yes,No,No internet service,No internet service,No internet service,No internet service,No internet service,No internet service,Month-to-month,No,Bank transfer (automatic),34.79,,No
4494-CIDPO,Female,0,Yes,No,20,Yes,No,Fiber optic,Yes,No,Yes,Yes,No,Yes,Two year,Yes,Credit card (automatic),93.67,1740.81,No
0901-FRSSG,Female,0,No,Yes,1,Yes,No,DSL,Yes,Yes,No,No,No,Yes,Month-to-month,No,Mailed check,64.24,42.35,Yes
0949-ETHFU,Male,1,No,No,15,Yes,Yes,DSL,No,No,No,No,No,Yes,One year,No,Bank transfer (automatic),64.02,859.8,Yes
0444-XGSBT,Male,0,No,Yes,24,Yes,Yes,DSL,No,No,No,No,Yes,Yes,Month-to-month,Yes,Bank transfer (automatic),77.06,1888.36,No
4279-NKYNS,Female,1,Yes,No,50,Yes,No,Fiber optic,No,No,Yes,No,Yes,Yes,Two year,Yes,Electronic check,88.68,4192.91,Yes
3854-MBLAR,Male,0,No,No,44,Yes,Yes,Fiber optic,No,No,No,Yes,No,Yes,Month-to-month,No,Mailed check,87.68,3837.92,Yes
1911-CLXQJ,Female,0,Yes,No,20,Yes,Yes,No,No internet service,No internet service,No internet service,No internet service,No internet service,No internet service,Two year,Yes,Mailed check,33.03,682.11,No
3528-TTXVV,Female,0,No,No,0,Yes,No,Fiber optic,No,No,No,Yes,Yes,No,Month-to-month,Yes,Credit card (automatic),81.58,,Yes
1113-TCXCZ,Male,0,No,Yes,62,Yes,Yes,Fiber optic,No,No,Yes,Yes,No,No,Month-to-month,Yes,Electronic check,82.08,5094.31,No
5106-AOXRU,Male,0,No,No,39,Yes,Yes,DSL,Yes,Yes,No,Yes,No,No,One year,Yes,Bank transfer (automatic),71.95,2761.78,No
4889-IKOAK,Male,0,No,Yes,4,Yes,No,DSL,No,No,Yes,Yes,No,Yes,Month-to-month,No,Mailed check,66.2,299.25,Yes
1298-OSAWX,Male,0,Yes,Yes,30,Yes,No,No,No internet service,No internet service,No internet service,No internet service,No internet service,No internet service,Month-to-month,Yes,Electronic check,24.98,737.24,Yes
4012-SEAIQ,Female,0,Yes,Yes,1,Yes,No,DSL,No,Yes,Yes,No,No,No,Month-to-month,Yes,Credit card (automatic),60.62,86.04,Yes
3115-SJFCA,Male,0,No,Yes,6,Yes,No,Fiber optic,No,Yes,Yes,Yes,No,Yes,Month-to-month,No,Credit card (automatic),94.63,531.41,Yes
3376-DZNHD,Male,0,Yes,Yes,2,Yes,Yes,No,No internet service,No internet service,No internet service,No internet service,No internet service,No internet service,Month-to-month,No,Electronic check,31.57,80.95,No
3622-XPKUL,Male,0,No,No,18,Yes,Yes,Fiber optic,No,No,No,No,No,Yes,Month-to-month,Yes,Electronic check,80.1,1494.45,Yes
5227-SPWFH,Female,0,No,Yes,12,No,No phone service,Fiber optic,Yes,No,Yes,Yes,Yes,No,Month-to-month,No,Electronic check,88.83,1017.56,Yes
1811-BRHZI,Female,0,Yes,Yes,23,Yes,No,Fiber optic,No,No,Yes,Yes,No,Yes,Month-to-month,Yes,Electronic check,88.35,1923.63,No
5146-NJZWT,Female,0,Yes,No,27,No,No phone service,Fiber optic,No,Yes,No,No,No,No,Month-to-month,No,Mailed check,62.99,1679.27,No
4717-MXEBH,Male,1,No,No,60,Yes,No,Fiber optic,No,No,No,No,No,No,One year,Yes,Electronic check,73.47,4260.31,No
5232-NBWXD,Male,0,Yes,No,55,Yes,No,DSL,No,Yes,Yes,Yes,Yes,Yes,Month-to-month,No,Mailed check,89.04,4927.53,Yes
4966-LRGRW,Male,1,Yes,No,26,Yes,Yes,DSL,No,No,No,No,Yes,No,Month-to-month,Yes,Electronic check,67.07,1754.91,Yes
1490-FAXDI,Female,0,No,No,11,Yes,No,Fiber optic,Yes,No,Yes,Yes,No,No,Month-to-month,Yes,Credit card (automatic),90.83,1197.6,No
0457-TOZUN,Female,0,No,Yes,10,Yes,Yes,Fiber optic,No,No,Yes,No,Yes,No,Month-to-month,No,Credit card (automatic),86.57,775.24,Yes
2312-EAHDM,Male,0,Yes,No,23,Yes,No,Fiber optic,No,Yes,No,No,No,No,Month-to-month,No,Credit card (automatic),76.64,1760.37,Yes
0842-IPGRL,Female,0,No,No,25,No,No phone service,DSL,No,No,No,No,No,No,Month-to-month,No,Mailed check,43.59,1120.2,Yes
1356-OJGBQ,Female,0,Yes,No,61,Yes,Yes,Fiber optic,Yes,Yes,No,Yes,Yes,No,Month-to-month,Yes,Mailed check,101.4,6146.13,No
1535-EUIKD,Female,0,Yes,No,72,Yes,No,Fiber optic,Yes,No,Yes,No,Yes,Yes,Month-to-month,Yes,Credit card (automatic),94.71,6897.13,Yes
4817-BZMXD,Male,0,No,No,11,Yes,No,No,No internet service,No internet service,No internet service,No internet service,No internet service,No internet service,Month-to-month,No,Mailed check,23.88,249.6,No
4888-JLMRB,Male,0,No,No,14,Yes,Yes,Fiber optic,Yes,Yes,No,No,Yes,No,Month-to-month,Yes,Electronic check,99.76,1644.44,Yes
3574-EJTIG,Male,0,No,No,4,Yes,Yes,Fiber optic,No,No,No,No,No,Yes,Month-to-month,Yes,Bank transfer (automatic),83.51,352.47,Yes
4964-YXJJF,Female,0,Yes,No,32,Yes,Yes,No,No internet service,No internet service,No internet service,No internet service,No internet service,No internet service,Month-to-month,No,Bank transfer (automatic),27.73,854.23,No
3715-UIITJ,Female,0,Yes,No,7,Yes,No,DSL,No,No,No,No,Yes,Yes,Month-to-month,Yes,Mailed check,74.01,500.17,Yes
3851-SIHWE,Male,0,Yes,No,68,No,No phone service,Fiber optic,No,Yes,No,Yes,No,No,Two year,Yes,Mailed check,77.57,4825.31,No
3692-DUFRE,Male,0,Yes,No,25,Yes,Yes,DSL,No,No,No,Yes,No,No,Month-to-month,Yes,Electronic check,64.09,1507.92,No
2886-HSPCO,Male,0,No,No,18,Yes,No,Fiber optic,No,No,No,No,Yes,No,Month-to-month,No,Mailed check,77.43,1431.38,Yes
1492-NFTDR,Female,0,Yes,No,54,Yes,No,No,No internet service,No internet service,No internet service,No internet service,No internet service,No internet service,One year,Yes,Credit card (automatic),23.87,1281.88,No
2900-DDTKA,Male,0,Yes,No,33,No,No phone service,Fiber optic,No,No,Yes,No,Yes,No,One year,Yes,Electronic check,77.63,2484.96,No
4264-UEVTG,Male,1,No,No,14,Yes,Yes,Fiber optic,No,Yes,No,Yes,No,No,Month-to-month,Yes,Electronic check,86.73,1187.79,Yes
3392-JYSBC,Male,0,No,No,43,Yes,No,DSL,Yes,No,No,Yes,No,Yes,Month-to-month,Yes,Mailed check,62.5,2745.03,No
3258-MQVHJ,Male,0,No,Yes,53,Yes,No,No,No internet service,No internet service,No internet service,No internet service,No internet service,No internet service,Month-to-month,Yes,Credit card (automatic),26.14,1382.43,No
0632-OPXUL,Female,1,Yes,No,18,Yes,Yes,Fiber optic,Yes,No,No,Yes,No,No,Two year,No,Credit card (automatic),87.94,1482.03,No
3452-EXHFV,Female,0,No,No,38,Yes,Yes,DSL,No,Yes,No,No,No,No,Month-to-month,Yes,Mailed check,57.58,2176.33,Yes
3831-OYKBH,Male,0,No,Yes,28,Yes,No,No,No internet service,No internet service,No internet service,No internet service,No internet service,No internet service,Two year,Yes,Mailed check,24.49,650.97,No
0677-AEFHD,Female,0,Yes,No,33,No,No phone service,Fiber optic,Yes,No,No,Yes,No,Yes,One year,No,Credit card (automatic),76.59,2283.63,No
4015-ZZVQS,Male,0,No,No,42,Yes,No,Fiber optic,Yes,Yes,Yes,Yes,Yes,No,Month-to-month,Yes,Credit card (automatic),96.44,4024.25,Yes
1119-JDDQH,Male,0,Yes,No,2,Yes,Yes,No,No internet service,No internet service,No internet service,No internet service,No internet service,No internet service,Month-to-month,Yes,Bank transfer (automatic),31.33,79.09,Yes
0454-OTUQL,Female,1,No,Yes,20,Yes,Yes,No,No internet service,No internet service,No internet service,No internet service,No internet service,No internet service,Month-to-month,Yes,Bank transfer (automatic),32.29,694.6,No
3499-BZEKH,Male,0,No,Yes,52,Yes,No,No,No internet service,No internet service,No internet service,No internet service,No internet service,No internet service,Month-to-month,Yes,Credit card (automatic),23.69,1243.2,No
3861-XQMZZ,Male,0,No,No,0,Yes,No,DSL,Yes,No,No,No,No,Yes,Month-to-month,Yes,Electronic check,69.2,,Yes
4406-UKMLG,Male,1,No,Yes,17,Yes,Yes,No,No internet service,No internet service,No internet service,No internet service,No internet service,No internet service,One year,Yes,Credit card (automatic),37.74,638.0,Yes
0609-TKXYO,Male,0,No,Yes,62,Yes,Yes,Fiber optic,No,No,No,No,No,No,Two year,No,Bank transfer (automatic),80.34,4634.97,No
2735-EQTAK,Female,0,Yes,No,24,Yes,Yes,Fiber optic,Yes,No,No,No,No,Yes,Month-to-month,Yes,Credit card (automatic),87.72,2060.56,Yes
3732-NTOPV,Female,1,No,No,21,Yes,No,Fiber optic,Yes,No,No,Yes,Yes,No,One year,Yes,Bank transfer (automatic),84.63,1748.22,No
1615-LGOXT,Male,0,No,Yes,45,Yes,Yes,Fiber optic,No,No,No,No,Yes,Yes,Two year,Yes,Credit card (automatic),95.57,3830.63,Yes
0667-AIHYR,Female,0,Yes,Yes,45,Yes,No,No,No internet service,No internet service,No internet service,No internet service,No internet service,No internet service,One year,Yes,Electronic check,29.71,1321.14,No
4578-AMDLZ,Female,0,No,No,62,Yes,No,Fiber optic,No,Yes,No,No,No,No,Two year,No,Electronic check,74.17,4319.82,No
2216-XCIQS,Male,0,No,No,29,Yes,Yes,No,No internet service,No internet service,No internet service,No internet service,No internet service,No internet service,One year,Yes,Credit card (automatic),34.74,1022.33,No
1449-WFSVB,Female,0,Yes,No,5,Yes,Yes,DSL,No,Yes,No,Yes,No,No,Month-to-month,No,Bank transfer (automatic),69.17,291.78,No
4057-EUDJK,Male,0,Yes,No,24,Yes,No,DSL,No,Yes,Yes,No,No,No,Month-to-month,Yes,Mailed check,54.27,1309.24,Yes
3760-CEMSA,Male,1,No,No,67,Yes,No,Fiber optic,No,No,Yes,Yes,Yes,Yes,Month-to-month,Yes,Credit card (automatic),93.74,6285.83,No
3582-XGTLW,Female,1,Yes,Yes,11,Yes,Yes,Fiber optic,Yes,Yes,Yes,Yes,Yes,No,Month-to-month,Yes,Bank transfer (automatic),105.66,1168.12,No
2148-GSPNF,Female,1,No,No,56,Yes,No,No,No internet service,No internet service,No internet service,No internet service,No internet service,No internet service,One year,No,Electronic check,28.17,1540.52,No
0024-UCFRH,Female,0,Yes,No,42,Yes,Yes,No,No internet service,No internet service,No internet service,No internet service,No internet service,No internet service,Month-to-month,Yes,Bank transfer (automatic),27.46,1155.97,No
0066-ACDGJ,Male,0,No,No,3,Yes,No,Fiber optic,Yes,Yes,No,Yes,No,Yes,Month-to-month,Yes,Bank transfer (automatic),96.78,354.07,Yes
2871-QCDGI,Male,0,No,No,13,Yes,Yes,No,No internet service,No internet service,No internet service,No internet service,No internet service,No internet service,Month-to-month,No,Mailed check,33.21,410.62,No
3077-CMCWQ,Female,1,No,No,72,Yes,Yes,Fiber optic,Yes,No,No,No,No,Yes,One year,Yes,Mailed check,94.97,6564.3,No
3839-KTZHB,Female,0,No,Yes,39,Yes,No,No,No internet service,No internet service,No internet service,No internet service,No internet service,No internet service,One year,Yes,Credit card (automatic),22.65,836.36,No
3649-UVGKE,Male,0,No,Yes,24,Yes,No,Fiber optic,Yes,No,Yes,Yes,Yes,No,Month-to-month,No,Credit card (automatic),90.4,2199.2,Yes
0034-ISTWA,Male,0,Yes,No,18,Yes,No,Fiber optic,No,Yes,No,Yes,Yes,No,One year,Yes,Bank transfer (automatic),86.05,1393.69,Yes
1584-BOCDW,Male,0,No,No,17,Yes,Yes,DSL,Yes,No,Yes,No,Yes,Yes,Month-to-month,No,Mailed check,83.01,1365.38,No
2930-ZGHAR,Female,0,No,No,9,No,No phone service,DSL,Yes,Yes,Yes,No,No,Yes,Month-to-month,No,Credit card (automatic),65.56,509.23,No
4727-CJFIU,Male,0,Yes,No,13,Yes,No,No,No internet service,No internet service,No internet service,No internet service,No internet service,No internet service,Month-to-month,No,Mailed check,25.81,325.25,No
1752-SHCSQ,Male,0,Yes,Yes,13,Yes,No,DSL,No,Yes,No,Yes,Yes,Yes,Month-to-month,No,Credit card (automatic),77.48,1020.31,Yes
3698-LNAZJ,Male,1,No,No,1,Yes,Yes,No,No internet service,No internet service,No internet service,No internet service,No internet service,No internet service,Month-to-month,Yes,Credit card (automatic),36.17,29.58,No
0398-XTIVG,Female,0,Yes,No,17,No,No phone service,DSL,No,Yes,Yes,No,Yes,Yes,Month-to-month,Yes,Bank transfer (automatic),66.68,1117.67,No
4428-YZFZD,Female,0,Yes,No,15,Yes,No,Fiber optic,No,Yes,No,No,No,Yes,Month-to-month,No,Electronic check,87.23,1262.99,Yes
0255-FYYQQ,Male,0,No,No,13,Yes,No,No,No internet service,No internet service,No internet service,No internet service,No internet service,No internet service,Month-to-month,No,Electronic check,23.87,316.5,No
3863-BFXVD,Female,0,Yes,Yes,44,Yes,No,DSL,Yes,No,No,Yes,No,Yes,Two year,No,Electronic check,66.59,2728.59,No
2896-LYEWK,Male,0,Yes,No,69,Yes,No,DSL,Yes,Yes,No,Yes,Yes,No,Two year,Yes,Mailed check,67.16,4357.18,No
2891-SLCKN,Female,0,No,No,72,Yes,Yes,Fiber optic,No,No,Yes,Yes,No,No,Month-to-month,Yes,Credit card (automatic),84.91,6128.82,No
4826-ITIAM,Female,0,No,No,19,Yes,Yes,No,No internet service,No internet service,No internet service,No internet service,No internet service,No internet service,Month-to-month,Yes,Mailed check,30.24,567.02,No
2588-XASOG,Male,0,No,No,1,Yes,Yes,Fiber optic,Yes,Yes,No,No,No,No,Month-to-month,No,Credit card (automatic),91.39,90.29,No
4390-URMXY,Female,0,Yes,No,9,Yes,No,No,No internet service,No internet service,No internet service,No internet service,No internet service,No internet service,Month-to-month,No,Mailed check,26.68,222.93,No
4940-NYNJR,Male,0,Yes,No,72,Yes,No,No,No internet service,No internet service,No internet service,No internet service,No internet service,No internet service,Month-to-month,Yes,Credit card (automatic),27.02,1956.63,No
4945-AKGOR,Male,1,Yes,Yes,37,Yes,No,Fiber optic,No,Yes,No,No,No,No,One year,No,Bank transfer (automatic),76.09,2719.56,No
4938-MEBAY,Male,0,Yes,No,8,Yes,Yes,Fiber optic,No,Yes,Yes,No,Yes,No,Month-to-month,No,Electronic check,91.72,649.66,Yes
3941-JJYLR,Male,0,No,Yes,22,Yes,Yes,No,No internet service,No internet service,No internet service,No internet service,No internet service,No internet service,Two year,No,Electronic check,31.33,670.14,No
0016-MLFMX,Female,0,No,Yes,44,Yes,Yes,DSL,Yes,Yes,No,No,No,No,Two year,Yes,Mailed check,69.97,2863.29,No
1685-FBZAI,Female,0,Yes,No,64,No,No phone service,DSL,No,No,Yes,No,Yes,Yes,One year,No,Credit card (automatic),62.34,3891.07,No
3955-YFCXX,Female,0,Yes,No,41,Yes,No,Fiber optic,Yes,Yes,No,No,Yes,Yes,Month-to-month,No,Credit card (automatic),98.33,3983.72,Yes
2590-RXYJC,Male,0,Yes,No,58,Yes,No,Fiber optic,Yes,Yes,No,Yes,No,Yes,One year,Yes,Bank transfer (automatic),94.89,5370.15,No
1351-HRWLW,Female,0,No,No,57,Yes,No,Fiber optic,No,No,Yes,No,No,No,Month-to-month,No,Credit card (automatic),72.91,4085.71,Yes
3341-BHNAX,Male,1,Yes,No,67,Yes,Yes,DSL,No,No,Yes,No,Yes,Yes,Two year,Yes,Electronic check,77.59,4914.71,No
5205-GWEJW,Male,0,Yes,No,57,Yes,Yes,DSL,No,No,Yes,No,Yes,No,Month-to-month,Yes,Bank transfer (automatic),75.89,4315.11,Yes
4981-TQUHM,Female,0,No,Yes,35,Yes,Yes,DSL,No,No,No,No,No,Yes,Month-to-month,No,Electronic check,64.73,2247.79,No
1993-IUBFV,Male,0,Yes,No,10,Yes,Yes,DSL,No,Yes,Yes,No,Yes,Yes,Month-to-month,No,Mailed check,86.52,871.65,Yes
0748-XIWQH,Male,0,No,No,36,Yes,Yes,DSL,Yes,No,Yes,No,No,Yes,Two year,No,Bank transfer (automatic),84.01,2756.71,No
2174-VBGPM,Male,0,Yes,No,37,Yes,Yes,Fiber optic,Yes,No,No,No,No,No,Two year,No,Mailed check,78.11,2640.9,No
4285-CNLEC,Female,0,No,No,38,Yes,No,Fiber optic,No,No,No,No,Yes,Yes,Month-to-month,Yes,Bank transfer (automatic),88.85,3343.38,Yes
2342-BDXLX,Male,0,No,No,0,Yes,No,Fiber optic,Yes,No,Yes,No,No,No,Month-to-month,No,Credit card (automatic),79.54,,Yes
0572-UDBTN,Male,0,Yes,No,29,Yes,No,No,No internet service,No internet service,No internet service,No internet service,No internet service,No internet service,Two year,No,Electronic check,24.04,680.11,No
0330-KPGRS,Male,0,No,No,43,Yes,No,DSL,Yes,Yes,Yes,Yes,No,Yes,Two year,No,Bank transfer (automatic),83.77,3370.43,No
3768-SOGGD,Male,0,No,No,24,Yes,No,Fiber optic,Yes,No,Yes,Yes,No,No,Month-to-month,No,Bank transfer (automatic),81.63,1954.36,Yes
1250-ZINUX,Female,0,No,Yes,6,Yes,No,DSL,No,Yes,No,No,Yes,No,Month-to-month,No,Electronic check,69.42,392.74,Yes
4604-HCBXB,Female,0,No,Yes,12,Yes,No,Fiber optic,No,Yes,No,Yes,No,No,Month-to-month,No,Electronic check,77.14,842.63,Yes
5049-LSKIZ,Female,0,Yes,No,0,Yes,No,Fiber optic,No,No,Yes,No,No,Yes,Month-to-month,No,Bank transfer (automatic),83.22,,Yes
0445-LDDGV,Female,0,No,No,10,Yes,Yes,Fiber optic,No,No,Yes,No,No,Yes,Month-to-month,Yes,Credit card (automatic),91.84,849.06,Yes
4535-HQRXK,Female,0,Yes,No,18,No,No phone service,DSL,Yes,Yes,Yes,No,No,Yes,Month-to-month,No,Electronic check,66.05,1195.3,No
4393-WKUUU,Female,0,Yes,Yes,9,No,No phone service,DSL,No,Yes,Yes,No,No,Yes,Month-to-month,Yes,Mailed check,62.69,648.85,No
2093-ONNKG,Male,0,No,No,56,Yes,Yes,Fiber optic,No,No,Yes,Yes,Yes,No,One year,Yes,Electronic check,97.0,5314.23,Yes
2011-XAGGL,Male,0,No,No,4,No,No phone service,DSL,No,No,No,No,Yes,Yes,Month-to-month,Yes,Credit card (automatic),60.83,281.78,No
3262-FJTXP,Female,0,No,No,44,Yes,No,DSL,No,No,Yes,Yes,No,Yes,Two year,Yes,Bank transfer (automatic),74.95,3084.2,No
0686-VQYNV,Female,0,Yes,No,70,Yes,Yes,No,No internet service,No internet service,No internet service,No internet service,No internet service,No internet service,One year,Yes,Electronic check,32.36,2202.58,No
1374-TPLWL,Female,1,No,Yes,16,Yes,Yes,Fiber optic,No,No,Yes,Yes,Yes,No,Month-to-month,No,Credit card (automatic),95.6,1435.62,Yes
1067-FTZHE,Female,0,Yes,No,7,Yes,No,Fiber optic,Yes,Yes,No,No,Yes,No,Month-to-month,Yes,Credit card (automatic),89.24,623.71,Yes
1636-PYJAL,Female,0,Yes,Yes,12,Yes,No,Fiber optic,No,Yes,Yes,No,No,No,Month-to-month,Yes,Electronic check,80.06,949.23,Yes
1831-KWYCP,Female,0,No,No,27,No,No phone service,Fiber optic,No,No,No,No,No,No,Two year,No,Mailed check,61.41,1557.04,Yes
2107-ZJDWL,Male,0,Yes,No,12,No,No phone service,No,No internet service,No internet service,No internet service,No internet service,No internet service,No internet service,Month-to-month,No,Electronic check,18.87,243.22,No
4263-ZWQJV,Male,0,No,No,36,Yes,Yes,No,No internet service,No internet service,No internet service,No internet service,No internet service,No internet service,Month-to-month,Yes,Electronic check,30.02,1063.72,No
1607-JYMGA,Female,0,Yes,Yes,7,Yes,Yes,DSL,Yes,Yes,No,No,Yes,Yes,Month-to-month,Yes,Mailed check,83.03,664.62,No
4477-NLYDL,Female,0,No,No,2,No,No phone service,No,No internet service,No internet service,No internet service,No internet service,No internet service,No internet service,Month-to-month,No,Bank transfer (automatic),18.19,20.29,No
3618-JETQP,Male,0,Yes,No,34,Yes,No,Fiber optic,No,Yes,No,Yes,Yes,Yes,One year,Yes,Bank transfer (automatic),96.46,3241.79,Yes
1225-ICIVK,Female,0,No,Yes,45,Yes,Yes,No,No internet service,No internet service,No internet service,No internet service,No internet service,No internet service,One year,Yes,Credit card (automatic),35.53,1561.2,No
4055-CJSVF,Male,0,No,Yes,64,Yes,Yes,DSL,No,Yes,No,Yes,Yes,Yes,Two year,Yes,Credit card (automatic),83.44,4966.53,No
0438-HRENB,Male,0,No,No,4,Yes,No,DSL,No,No,No,No,No,No,Month-to-month,Yes,Credit card (automatic),50.17,188.75,No
1166-HMLBV,Male,0,Yes,No,70,Yes,No,Fiber optic,No,Yes,No,No,No,No,Month-to-month,No,Bank transfer (automatic),75.43,5197.16,No
4089-VWGEU,Female,0,No,No,39,Yes,No,Fiber optic,Yes,No,Yes,No,Yes,Yes,One year,No,Electronic check,101.09,3741.57,No
2613-RMHLN,Male,0,No,No,53,Yes,No,DSL,No,Yes,No,No,Yes,No,Month-to-month,No,Electronic check,60.44,3210.99,No
2808-JNTNX,Female,0,No,No,14,Yes,No,DSL,No,No,No,No,Yes,No,One year,Yes,Bank transfer (automatic),59.17,859.36,Yes
4268-LJRHR,Female,1,No,No,72,Yes,Yes,Fiber optic,No,No,No,No,No,No,One year,Yes,Electronic check,79.11,5559.69,No
2595-RXIKA,Male,0,No,No,10,Yes,No,No,No internet service,No internet service,No internet service,No internet service,No internet service,No internet service,Month-to-month,Yes,Mailed check,29.29,282.5,No
3497-WQCIL,Female,0,Yes,No,3,No,No phone service,Fiber optic,No,Yes,Yes,Yes,No,Yes,Month-to-month,Yes,Credit card (automatic),84.67,214.93,Yes
1497-SHPVG,Female,0,No,No,64,Yes,Yes,DSL,No,Yes,Yes,Yes,Yes,Yes,Two year,Yes,Bank transfer (automatic),95.0,5555.78,No
5203-SRHOM,Male,0,No,No,54,Yes,No,DSL,No,No,Yes,No,Yes,Yes,Two year,Yes,Mailed check,70.52,3488.31,No
2597-WJGTS,Female,0,No,No,33,No,No phone service,DSL,No,No,Yes,No,No,No,Two year,Yes,Electronic check,45.14,1404.69,No
3579-PCZPA,Female,0,No,Yes,9,Yes,No,Fiber optic,Yes,Yes,Yes,No,Yes,No,Month-to-month,Yes,Credit card (automatic),90.09,886.82,Yes
1925-CSASL,Female,0,Yes,No,58,Yes,Yes,Fiber optic,No,No,Yes,Yes,No,No,Two year,Yes,Bank transfer (automatic),88.85,4736.01,No
0128-KIDAM,Female,0,Yes,Yes,52,Yes,No,No,No internet service,No internet service,No internet service,No internet service,No internet service,No internet service,Two year,No,Electronic check,23.29,1124.81,No
1709-MMBDL,Female,1,Yes,No,25,Yes,No,Fiber optic,Yes,Yes,Yes,No,No,Yes,Month-to-month,Yes,Bank transfer (automatic),87.23,2181.91,No
1630-WJKAO,Male,0,Yes,Yes,0,Yes,No,Fiber optic,No,No,No,Yes,Yes,No,Month-to-month,No,Mailed check,82.1,,Yes
0770-NEICR,Male,1,Yes,Yes,25,No,No phone service,No,No internet service,No internet service,No internet service,No internet service,No internet service,No internet service,Month-to-month,Yes,Credit card (automatic),18.0,463.89,No
1858-XMLBI,Female,0,Yes,No,20,Yes,No,Fiber optic,Yes,Yes,Yes,Yes,No,Yes,One year,Yes,Electronic check,101.07,1899.36,No
0383-HIORI,Female,1,No,No,30,Yes,Yes,No,No internet service,No internet service,No internet service,No internet service,No internet service,No internet service,Two year,No,Mailed check,35.29,997.15,No
4259-RQKRP,Female,0,No,No,15,Yes,Yes,Fiber optic,No,No,No,Yes,Yes,No,Month-to-month,No,Credit card (automatic),91.23,1384.22,Yes
2256-NHHYL,Female,0,No,No,1,Yes,Yes,No,No internet service,No internet service,No internet service,No internet service,No internet service,No internet service,Month-to-month,Yes,Bank transfer (automatic),32.89,47.96,Yes
3420-RNGDU,Male,0,Yes,Yes,18,Yes,No,Fiber optic,No,Yes,No,Yes,No,No,Month-to-month,Yes,Bank transfer (automatic),78.02,1492.57,Yes
1530-JMOKT,Female,0,No,No,5,Yes,No,Fiber optic,No,Yes,No,No,Yes,Yes,Month-to-month,Yes,Credit card (automatic),91.94,359.73,Yes
4663-VNAYT,Male,0,No,Yes,12,Yes,No,DSL,No,Yes,No,Yes,Yes,Yes,Month-to-month,Yes,Electronic check,76.39,889.77,No
2124-LDLNZ,Male,0,Yes,No,9,Yes,No,No,No internet service,No internet service,No internet service,No internet service,No internet service,No internet service,Month-to-month,Yes,Credit card (automatic),26.96,219.79,No
3755-NFDDY,Male,0,Yes,Yes,44,Yes,No,Fiber optic,Yes,Yes,No,No,No,Yes,Two year,No,Electronic check,90.24,3686.77,No
0578-NQRHH,Male,0,No,No,26,Yes,No,Fiber optic,No,Yes,Yes,No,Yes,No,Month-to-month,Yes,Electronic check,88.73,2272.27,Yes
1550-OAOWX,Female,0,Yes,No,19,Yes,No,No,No internet service,No internet service,No internet service,No internet service,No internet service,No internet service,Month-to-month,Yes,Electronic check,24.14,465.35,Yes
1720-MNUJX,Male,0,No,No,5,Yes,No,No,No internet service,No internet service,No internet service,No internet service,No internet service,No internet service,Month-to-month,Yes,Electronic check,25.55,124.93,Yes
0811-TKXMO,Male,0,No,No,0,Yes,No,Fiber optic,Yes,Yes,No,No,Yes,No,Month-to-month,Yes,Credit card (automatic),92.62,,Yes
1816-RDFUP,Male,0,No,No,60,Yes,No,Fiber optic,No,No,Yes,No,No,No,One year,Yes,Credit card (automatic),78.24,4602.71,No
2115-TATOA,Female,0,No,Yes,12,Yes,No,DSL,No,Yes,No,No,Yes,Yes,One year,No,Electronic check,73.78,843.27,Yes
5135-YJCNQ,Male,1,Yes,Yes,71,Yes,No,DSL,No,Yes,Yes,No,No,Yes,Two year,Yes,Mailed check,71.54,4662.41,No
2311-TEFEO,Female,0,Yes,Yes,72,Yes,No,No,No internet service,No internet service,No internet service,No internet service,No internet service,No internet service,Month-to-month,No,Electronic check,28.47,2013.53,No
3101-BZZOJ,Female,0,No,Yes,21,Yes,No,Fiber optic,No,Yes,No,No,Yes,No,Month-to-month,Yes,Mailed check,85.4,1833.44,No
5019-JPCKD,Male,1,No,No,72,No,No phone service,DSL,No,No,Yes,Yes,Yes,No,Month-to-month,Yes,Bank transfer (automatic),62.0,4515.96,Yes
1807-IEGYM,Female,0,Yes,No,72,Yes,No,Fiber optic,No,Yes,Yes,Yes,No,Yes,Two year,No,Credit card (automatic),97.02,6540.77,No
2055-VDCQL,Female,0,Yes,Yes,2,No,No phone service,DSL,No,No,No,No,Yes,No,Month-to-month,Yes,Bank transfer (automatic),54.87,63.31,Yes
3806-WRXPM,Male,0,Yes,No,38,No,No phone service,Fiber optic,Yes,Yes,No,No,Yes,Yes,Month-to-month,No,Credit card (automatic),90.73,3321.48,No
1077-PDBZO,Male,0,No,No,57,Yes,No,DSL,Yes,Yes,Yes,No,No,Yes,One year,No,Bank transfer (automatic),68.99,3876.36,No
3976-GLXJP,Male,0,No,No,72,Yes,No,Fiber optic,No,Yes,No,No,No,Yes,One year,No,Electronic check,85.54,5882.84,No
1862-YIWAM,Male,0,No,No,21,Yes,No,Fiber optic,Yes,No,No,No,Yes,No,Two year,No,Electronic check,85.01,1621.12,No
0424-XPAHM,Female,0,Yes,No,61,Yes,Yes,Fiber optic,No,No,Yes,Yes,No,Yes,Two year,Yes,Mailed check,99.08,5623.22,No
4934-AYOQQ,Male,1,Yes,No,24,Yes,Yes,DSL,Yes,No,Yes,No,No,No,Month-to-month,No,Mailed check,67.56,1641.86,No
4593-HRNJS,Female,0,No,Yes,6,Yes,Yes,Fiber optic,No,No,Yes,No,Yes,No,Month-to-month,No,Electronic check,87.77,450.13,Yes
3454-VCRPX,Male,0,Yes,No,65,Yes,No,Fiber optic,No,Yes,No,Yes,No,No,One year,Yes,Electronic check,80.22,5119.6,No
4844-GRBUC,Male,0,Yes,Yes,17,Yes,No,No,No internet service,No internet service,No internet service,No internet service,No internet service,No internet service,Month-to-month,Yes,Bank transfer (automatic),32.44,555.39,No
5252-BLNKW,Female,0,Yes,No,2,Yes,Yes,DSL,No,No,No,No,Yes,Yes,Month-to-month,No,Bank transfer (automatic),78.78,82.51,No
4894-WOFMW,Male,0,Yes,Yes,45,Yes,Yes,Fiber optic,No,Yes,No,Yes,No,No,Two year,No,Electronic check,85.98,3615.3,No
3695-TANBQ,Female,0,No,No,56,Yes,Yes,No,No internet service,No internet service,No internet service,No internet service,No internet service,No internet service,One year,No,Credit card (automatic),30.96,1734.54,No
1305-FAEWG,Female,1,Yes,Yes,52,Yes,No,Fiber optic,No,No,Yes,No,No,Yes,One year,Yes,Credit card (automatic),82.85,4222.8,No
0312-QRSQG,Female,0,No,No,50,Yes,Yes,Fiber optic,Yes,No,No,No,Yes,No,Month-to-month,No,Bank transfer (automatic),95.88,4738.26,No
1691-BUOWP,Male,0,No,Yes,14,Yes,No,No,No internet service,No internet service,No internet service,No internet service,No internet service,No internet service,Month-to-month,No,Electronic check,21.78,341.71,No
1721-CIUUY,Female,1,Yes,No,6,Yes,No,DSL,No,No,Yes,Yes,No,Yes,Month-to-month,No,Credit card (automatic),68.89,371.31,Yes
2278-PAEUD,Female,1,No,No,33,Yes,No,DSL,No,No,Yes,No,No,Yes,One year,No,Electronic check,64.14,2084.58,No
2176-UKRYX,Female,0,No,No,48,No,No phone service,DSL,No,No,No,No,Yes,No,Two year,No,Electronic check,55.75,2524.29,No
2415-HSRAW,Female,0,No,No,37,Yes,Yes,DSL,No,No,Yes,Yes,Yes,No,Month-to-month,Yes,Bank transfer (automatic),80.96,2873.28,No
0025-ZVHJH,Female,0,No,No,48,Yes,Yes,DSL,No,Yes,No,No,No,Yes,One year,No,Electronic check,67.47,3064.26,No
3525-TGOHH,Male,0,Yes,Yes,58,Yes,No,Fiber optic,No,No,No,Yes,Yes,No,Two year,No,Bank transfer (automatic),86.41,4713.89,No
5102-QJUYV,Male,0,No,No,2,Yes,No,No,No internet service,No internet service,No internet service,No internet service,No internet service,No internet service,Month-to-month,Yes,Electronic check,29.77,47.61,Yes
1333-LYDEA,Female,0,No,Yes,21,Yes,Yes,DSL,Yes,Yes,No,Yes,Yes,No,Month-to-month,Yes,Credit card (automatic),81.54,1645.25,No
0433-NJRZA,Female,1,Yes,Yes,10,Yes,Yes,Fiber optic,Yes,No,Yes,Yes,No,Yes,Month-to-month,Yes,Electronic check,99.8,924.18,No
1442-UTMRX,Male,0,No,No,0,Yes,No,Fiber optic,Yes,No,Yes,Yes,No,Yes,Month-to-month,Yes,Bank transfer (automatic),91.42,,Yes
2255-CGPSE,Male,0,No,No,17,Yes,Yes,Fiber optic,Yes,Yes,No,No,No,Yes,One year,Yes,Mailed check,96.96,1619.29,No
4371-NPUMT,Female,0,No,No,7,Yes,No,Fiber optic,Yes,Yes,No,Yes,Yes,No,Month-to-month,Yes,Mailed check,97.35,668.01,Yes
0955-FVGOR,Female,1,Yes,No,7,Yes,No,Fiber optic,Yes,Yes,Yes,No,Yes,No,Month-to-month,No,Bank transfer (automatic),96.14,550.91,Yes
4308-QCTZQ,Female,0,No,No,21,Yes,No,DSL,Yes,No,Yes,No,Yes,Yes,Month-to-month,No,Electronic check,79.82,1739.42,Yes
3883-XJTJG,Female,0,No,No,18,Yes,Yes,DSL,Yes,No,No,No,No,No,Month-to-month,Yes,Mailed check,66.58,1227.75,Yes
4286-FNUQY,Female,0,Yes,No,25,Yes,No,No,No internet service,No internet service,No internet service,No internet service,No internet service,No internet service,One year,Yes,Mailed check,28.56,667.49,No
0874-CWPIQ,Male,1,No,Yes,34,Yes,Yes,No,No internet service,No internet service,No internet service,No internet service,No internet service,No internet service,One year,Yes,Mailed check,30.62,1017.86,No
2541-PFZQK,Female,0,No,Yes,24,Yes,Yes,No,No internet service,No internet service,No internet service,No internet service,No internet service,No internet service,Month-to-month,No,Electronic check,30.77,767.53,No
3282-HYOAB,Female,0,No,No,46,Yes,No,DSL,No,No,No,No,Yes,Yes,Two year,Yes,Mailed check,67.97,2954.85,No
3261-ZUHAE,Female,1,No,No,4,Yes,No,No,No internet service,No internet service,No internet service,No internet service,No internet service,No internet service,Month-to-month,Yes,Credit card (automatic),29.5,127.46,Yes
2060-TGDYQ,Male,0,Yes,No,7,No,No phone service,Fiber optic,No,No,No,No,Yes,Yes,Month-to-month,No,Credit card (automatic),86.18,604.38,Yes
2510-BYHSV,Female,0,No,Yes,29,Yes,Yes,Fiber optic,No,No,Yes,No,No,No,One year,Yes,Mailed check,80.44,2286.45,No
3297-WYPQB,Female,0,Yes,No,72,Yes,No,DSL,No,No,No,No,Yes,Yes,Two year,Yes,Bank transfer (automatic),65.05,4316.9,No
1330-EFCMJ,Male,0,No,No,4,Yes,Yes,Fiber optic,No,No,Yes,No,No,Yes,Month-to-month,No,Mailed check,90.79,293.71,Yes
0706-GBHLH,Female,1,Yes,No,60,Yes,No,DSL,No,Yes,Yes,No,No,Yes,Two year,No,Bank transfer (automatic),67.17,3792.26,No
0934-PQHDO,Female,0,No,No,0,Yes,No,DSL,No,No,Yes,Yes,No,Yes,Two year,No,Electronic check,71.57,,No
2440-CEOIU,Female,0,No,No,58,Yes,No,Fiber optic,No,No,No,No,No,No,One year,No,Mailed check,72.65,3949.24,No
2557-CZCOF,Female,1,No,No,40,Yes,No,Fiber optic,Yes,No,No,No,No,Yes,Month-to-month,Yes,Mailed check,85.35,3547.14,No
1932-SPRJX,Female,0,No,No,13,Yes,No,DSL,Yes,No,Yes,Yes,Yes,Yes,Two year,No,Electronic check,83.56,1006.67,No
1511-GZPQH,Female,0,No,No,41,Yes,No,Fiber optic,Yes,No,No,No,No,Yes,Two year,No,Bank transfer (automatic),83.5,3240.51,No
3397-FLRMF,Male,0,No,No,27,Yes,No,DSL,Yes,No,No,Yes,No,No,Month-to-month,Yes,Electronic check,58.45,1541.08,Yes
0047-AXWOO,Female,1,Yes,No,7,Yes,Yes,DSL,Yes,No,Yes,No,No,No,Month-to-month,No,Credit card (automatic),65.57,552.83,Yes
0839-NHVHI,Female,0,No,Yes,19,Yes,Yes,Fiber optic,No,No,No,Yes,Yes,No,Month-to-month,No,Electronic check,94.26,1719.44,Yes
5030-UUPTL,Female,0,No,No,35,No,No phone service,DSL,No,No,No,No,No,Yes,One year,Yes,Credit card (automatic),54.75,1815.49,No
0415-DTHCB,Male,0,Yes,Yes,7,Yes,No,DSL,No,No,Yes,Yes,Yes,No,One year,Yes,Electronic check,66.5,517.96,No
1032-TALSS,Female,0,No,No,3,Yes,Yes,Fiber optic,Yes,No,Yes,No,Yes,Yes,Month-to-month,Yes,Mailed check,102.57,385.01,No
2603-KCZYD,Female,0,Yes,No,33,Yes,Yes,No,No internet service,No internet service,No internet service,No internet service,No internet service,No internet service,One year,Yes,Bank transfer (automatic),34.28,1050.2,No
3473-WNVHW,Female,0,Yes,No,35,No,No phone service,No,No internet service,No internet service,No internet service,No internet service,No internet service,No internet service,Month-to-month,Yes,Credit card (automatic),18.0,605.11,No
3916-ZRGPN,Male,0,Yes,Yes,43,Yes,No,Fiber optic,Yes,No,No,Yes,No,No,One year,Yes,Mailed check,78.48,3213.43,No
0232-SMHYZ,Female,0,Yes,No,7,Yes,No,DSL,Yes,No,Yes,No,Yes,Yes,Month-to-month,Yes,Electronic check,82.7,565.88,Yes
2533-QBQUD,Male,0,Yes,No,0,Yes,No,DSL,No,No,Yes,No,Yes,No,Month-to-month,Yes,Credit card (automatic),67.85,,No
3400-DPTNM,Male,1,No,No,42,Yes,Yes,No,No internet service,No internet service,No internet service,No internet service,No internet service,No internet service,One year,Yes,Credit card (automatic),28.65,1173.77,No
0285-QVFZZ,Male,0,No,No,2,Yes,No,Fiber optic,No,No,No,Yes,Yes,Yes,Month-to-month,Yes,Bank transfer (automatic),93.74,74.35,No
1526-VRCXA,Female,0,No,No,12,Yes,No,No,No internet service,No internet service,No internet service,No internet service,No internet service,No internet service,Two year,No,Mailed check,26.16,277.25,No
0553-QBFXG,Male,0,No,No,28,Yes,Yes,Fiber optic,No,No,No,No,No,No,Month-to-month,Yes,Electronic check,80.45,2193.46,Yes
0080-BKKNK,Female,1,No,No,52,Yes,Yes,Fiber optic,No,Yes,No,No,Yes,Yes,Two year,Yes,Mailed check,100.62,4923.41,No
4217-IDSOF,Female,0,No,No,25,Yes,Yes,No,No internet service,No internet service,No internet service,No internet service,No internet service,No internet service,Two year,No,Credit card (automatic),33.17,763.02,No
1889-HPVQJ,Male,0,Yes,No,36,No,No phone service,DSL,No,Yes,No,No,Yes,No,One year,No,Bank transfer (automatic),59.28,2100.9,No
3104-PGRWH,Female,0,No,No,6,Yes,No,DSL,Yes,No,Yes,Yes,No,Yes,Month-to-month,No,Electronic check,69.45,320.68,Yes
4803-LQZBF,Male,0,No,No,43,Yes,No,Fiber optic,No,Yes,No,No,No,Yes,Two year,Yes,Bank transfer (automatic),88.3,3560.59,No
2341-NRNOV,Female,0,No,No,58,Yes,No,No,No internet service,No internet service,No internet service,No internet service,No internet service,No internet service,Two year,Yes,Mailed check,24.26,1295.66,No
4011-TNMGE,Male,0,No,No,37,Yes,No,Fiber optic,No,Yes,Yes,No,Yes,Yes,One year,No,Mailed check,95.48,3391.07,No
1859-FUWLT,Male,0,No,No,13,Yes,Yes,No,No internet service,No internet service,No internet service,No internet service,No internet service,No internet service,One year,No,Electronic check,28.12,369.25,No
4955-DPRBG,Male,0,Yes,No,2,No,No phone service,Fiber optic,Yes,No,No,Yes,Yes,Yes,Month-to-month,Yes,Mailed check,85.7,121.19,Yes
0461-AUKWJ,Male,0,Yes,No,51,Yes,Yes,No,No internet service,No internet service,No internet service,No internet service,No internet service,No internet service,One year,No,Mailed check,33.25,1644.45,No
5067-WHRDB,Female,0,Yes,No,10,No,No phone service,Fiber optic,Yes,No,No,Yes,No,Yes,Month-to-month,Yes,Electronic check,83.89,843.92,No
0747-RVXME,Female,0,No,No,39,Yes,Yes,Fiber optic,Yes,Yes,Yes,No,No,No,Two year,Yes,Bank transfer (automatic),94.69,3483.62,No
2669-VATOW,Female,1,No,No,60,Yes,Yes,DSL,No,Yes,No,No,No,No,Month-to-month,Yes,Electronic check,66.22,3948.11,Yes
3031-CKDRT,Male,0,Yes,No,13,Yes,Yes,Fiber optic,No,Yes,Yes,No,Yes,Yes,Two year,No,Mailed check,107.11,1370.28,No
5133-RSNVV,Female,0,Yes,Yes,50,Yes,No,No,No internet service,No internet service,No internet service,No internet service,No internet service,No internet service,Two year,Yes,Credit card (automatic),25.81,1196.03,No
4697-UGVNA,Male,0,No,No,40,Yes,No,DSL,Yes,Yes,Yes,No,Yes,No,Two year,Yes,Mailed check,77.0,2873.79,Yes
1469-DOGPU,Male,1,Yes,No,42,Yes,No,Fiber optic,No,No,No,No,No,No,Month-to-month,No,Bank transfer (automatic),67.33,2814.21,No
3242-ZAONX,Male,0,No,No,33,Yes,No,Fiber optic,Yes,No,No,No,No,No,Two year,No,Mailed check,79.81,2442.05,No
0678-PSSRT,Male,1,No,Yes,6,Yes,No,No,No internet service,No internet service,No internet service,No internet service,No internet service,No internet service,Month-to-month,No,Bank transfer (automatic),29.16,232.62,No
4427-CYDVN,Female,0,No,No,0,Yes,Yes,DSL,No,No,Yes,Yes,No,Yes,Month-to-month,No,Bank transfer (automatic),75.15,,Yes
2624-BNKMV,Female,0,Yes,Yes,57,Yes,Yes,DSL,No,Yes,No,No,Yes,Yes,Two year,No,Mailed check,78.95,4211.69,No
2022-JDQMF,Female,1,No,No,43,Yes,Yes,No,No internet service,No internet service,No internet service,No internet service,No internet service,No internet service,Two year,No,Bank transfer (automatic),34.42,1366.93,No
4157-HZFHH,Male,1,No,No,30,Yes,No,Fiber optic,No,No,Yes,No,Yes,Yes,Month-to-month,No,Credit card (automatic),96.15,2869.95,Yes
3088-GUNGZ,Male,0,Yes,No,5,Yes,No,Fiber optic,No,No,No,Yes,Yes,No,Month-to-month,Yes,Credit card (automatic),87.6,436.65,Yes
2858-QGDOL,Male,0,Yes,Yes,2,No,No phone service,Fiber optic,Yes,No,Yes,Yes,No,No,Month-to-month,Yes,Credit card (automatic),83.39,272.79,Yes
1886-TOVIZ,Female,0,No,No,17,No,No phone service,DSL,Yes,No,Yes,Yes,Yes,Yes,Month-to-month,Yes,Electronic check,77.55,1371.46,Yes
3254-ROLUC,Male,0,Yes,No,57,No,No phone service,DSL,Yes,Yes,No,Yes,No,No,Two year,Yes,Electronic check,59.56,3145.48,No
0333-AQKXY,Male,0,No,No,45,Yes,Yes,DSL,Yes,Yes,No,Yes,No,Yes,Two year,No,Credit card (automatic),85.01,3449.38,No
0892-CMFDS,Male,0,No,No,6,Yes,Yes,DSL,Yes,No,No,Yes,No,No,Month-to-month,Yes,Credit card (automatic),66.6,414.26,No
4007-TFFHP,Male,0,No,No,13,No,No phone service,DSL,No,No,No,Yes,Yes,No,Month-to-month,No,Electronic check,54.93,676.13,Yes
1430-UGRUI,Female,0,Yes,No,68,Yes,Yes,No,No internet service,No internet service,No internet service,No internet service,No internet service,No internet service,One year,Yes,Bank transfer (automatic),30.84,2010.37,No
1167-TWTUY,Male,0,No,No,55,Yes,No,Fiber optic,Yes,Yes,No,Yes,Yes,Yes,Month-to-month,Yes,Electronic check,108.07,5865.08,No
4150-UCQQB,Female,0,Yes,No,42,Yes,No,No,No internet service,No internet service,No internet service,No internet service,No internet service,No internet service,One year,No,Bank transfer (automatic),30.31,1256.61,No
1050-TYAOJ,Male,0,No,Yes,5,Yes,No,DSL,No,Yes,Yes,No,No,Yes,Month-to-month,Yes,Electronic check,68.24,302.25,Yes
3203-RAYTI,Female,0,Yes,No,16,Yes,No,No,No internet service,No internet service,No internet service,No internet service,No internet service,No internet service,Month-to-month,No,Credit card (automatic),27.17,359.62,No
2583-CXOGO,Female,0,Yes,Yes,17,Yes,Yes,Fiber optic,No,No,No,No,Yes,No,Month-to-month,Yes,Electronic check,84.41,1472.39,Yes
2028-OJZQG,Female,0,Yes,Yes,40,Yes,No,DSL,No,Yes,No,No,Yes,Yes,Month-to-month,No,Mailed check,71.96,2875.8,No
1078-QPKMH,Male,1,Yes,Yes,56,Yes,Yes,Fiber optic,No,No,No,Yes,Yes,No,One year,No,Mailed check,93.49,5084.66,No
4346-HANIU,Female,0,Yes,Yes,20,Yes,Yes,No,No internet service,No internet service,No internet service,No internet service,No internet service,No internet service,Two year,Yes,Credit card (automatic),34.77,623.53,No
3505-GXHRE,Male,0,Yes,Yes,31,Yes,No,No,No internet service,No internet service,No internet service,No internet service,No internet service,No internet service,Month-to-month,No,Mailed check,27.1,822.66,Yes
0968-JUNDH,Female,0,No,No,4,Yes,Yes,DSL,Yes,Yes,Yes,No,No,No,Month-to-month,Yes,Bank transfer (automatic),73.16,212.04,No
0370-XKTII,Male,0,Yes,No,30,Yes,Yes,DSL,No,No,No,No,Yes,No,Month-to-month,Yes,Electronic check,65.78,2044.29,Yes
5188-HJQHP,Female,0,Yes,No,32,Yes,No,No,No internet service,No internet service,No internet service,No internet service,No internet service,No internet service,Month-to-month,No,Mailed check,30.78,968.61,Yes
4712-XXMYG,Female,0,No,No,33,Yes,No,Fiber optic,No,Yes,Yes,No,Yes,Yes,One year,Yes,Bank transfer (automatic),98.53,3036.28,No
5196-XKXER,Male,0,Yes,No,11,Yes,Yes,Fiber optic,No,Yes,Yes,Yes,No,Yes,Month-to-month,No,Mailed check,100.43,1079.1,No
0784-UXHBH,Female,0,Yes,Yes,12,Yes,Yes,Fiber optic,Yes,No,No,No,Yes,No,Month-to-month,Yes,Electronic check,92.66,1026.64,Yes
4480-KIFTR,Male,0,No,No,19,Yes,Yes,No,No internet service,No internet service,No internet service,No internet service,No internet service,No internet service,Month-to-month,No,Credit card (automatic),35.41,679.9,No
5166-CSWMI,Female,0,No,Yes,64,Yes,Yes,DSL,Yes,Yes,Yes,Yes,Yes,No,One year,No,Bank transfer (automatic),85.6,5251.6,No
1379-MWAQV,Male,0,Yes,No,43,Yes,Yes,DSL,No,No,No,No,No,Yes,One year,No,Electronic check,65.91,2693.67,No
2230-EQOSS,Female,0,Yes,Yes,12,Yes,No,Fiber optic,Yes,Yes,No,No,Yes,No,Two year,No,Electronic check,93.47,1133.83,No
1380-NKETR,Female,0,No,No,65,Yes,No,No,No internet service,No internet service,No internet service,No internet service,No internet service,No internet service,Two year,Yes,Electronic check,23.09,1399.49,No
0967-SEEVD,Male,1,Yes,No,11,Yes,No,DSL,No,No,No,No,No,No,Month-to-month,No,Credit card (automatic),48.2,597.21,Yes
0715-QSEIX,Female,0,Yes,No,47,No,No phone service,Fiber optic,No,No,No,No,Yes,No,Two year,Yes,Electronic check,70.52,3053.15,No
2582-JWICP,Female,1,Yes,No,9,No,No phone service,Fiber optic,No,No,No,Yes,No,Yes,Month-to-month,Yes,Mailed check,78.35,780.09,Yes
4608-KUTLZ,Male,0,No,No,71,Yes,Yes,DSL,Yes,Yes,No,Yes,Yes,No,One year,Yes,Credit card (automatic),73.65,5025.63,No
5230-RNSKA,Female,0,No,No,24,Yes,Yes,No,No internet service,No internet service,No internet service,No internet service,No internet service,No internet service,Month-to-month,Yes,Bank transfer (automatic),32.87,809.67,No
1361-QGSLR,Male,0,Yes,No,54,Yes,No,Fiber optic,No,No,No,No,No,Yes,Month-to-month,No,Bank transfer (automatic),85.81,4490.63,Yes
1877-KRZOU,Male,0,No,No,2,Yes,Yes,Fiber optic,No,No,Yes,Yes,No,Yes,Month-to-month,Yes,Mailed check,94.23,190.31,Yes
1027-IAECB,Male,0,No,Yes,52,Yes,Yes,No,No internet service,No internet service,No internet service,No internet service,No internet service,No internet service,Two year,Yes,Electronic check,29.97,1499.05,No
1352-SYHKT,Male,0,Yes,Yes,72,Yes,Yes,No,No internet service,No internet service,No internet service,No internet service,No internet service,No internet service,Two year,No,Electronic check,32.63,2185.17,No
3629-RMLBN,Male,0,Yes,No,66,Yes,Yes,No,No internet service,No internet service,No internet service,No internet service,No internet service,No internet service,Two year,Yes,Mailed check,32.95,2032.7,No
0334-GMJJX,Male,0,No,No,0,Yes,Yes,Fiber optic,No,Yes,Yes,No,Yes,No,Month-to-month,No,Mailed check,99.84,,Yes
3023-AAULM,Male,1,No,No,35,Yes,Yes,Fiber optic,No,Yes,Yes,No,Yes,Yes,Two year,No,Mailed check,102.66,3260.04,No
0501-FVSMS,Female,0,No,Yes,64,Yes,No,Fiber optic,Yes,Yes,No,No,Yes,No,One year,Yes,Mailed check,88.69,5461.07,No
3293-DSPTV,Female,0,Yes,No,0,Yes,Yes,Fiber optic,No,No,Yes,No,Yes,No,Month-to-month,Yes,Electronic check,85.83,,Yes
2649-SOWOH,Female,0,No,No,57,No,No phone service,No,No internet service,No internet service,No internet service,No internet service,No internet service,No internet service,One year,Yes,Credit card (automatic),21.29,1168.52,No
4759-SHTTT,Male,0,Yes,Yes,26,Yes,No,No,No internet service,No internet service,No internet service,No internet service,No internet service,No internet service,One year,No,Mailed check,23.53,581.67,No
2507-GNVGA,Male,0,No,No,9,Yes,Yes,No,No internet service,No internet service,No internet service,No internet service,No internet service,No internet service,Month-to-month,Yes,Credit card (automatic),32.12,265.88,Yes
2875-LOPAI,Male,1,No,No,31,Yes,Yes,No,No internet service,No internet service,No internet service,No internet service,No internet service,No internet service,Two year,No,Electronic check,32.05,946.91,No
4381-MYRFD,Female,0,Yes,No,72,No,No phone service,Fiber optic,No,No,Yes,Yes,Yes,No,Month-to-month,Yes,Electronic check,83.49,5983.75,No
3337-VOQFK,Female,1,No,No,63,Yes,No,Fiber optic,No,No,Yes,No,Yes,Yes,One year,Yes,Mailed check,86.64,5234.74,Yes
1658-XNLSC,Male,0,No,No,46,Yes,No,No,No internet service,No internet service,No internet service,No internet service,No internet service,No internet service,Two year,Yes,Credit card (automatic),20.45,894.0,No
4655-BXHWH,Female,0,Yes,No,7,Yes,Yes,DSL,Yes,No,No,No,No,Yes,Month-to-month,No,Electronic check,74.29,596.76,Yes
3436-WKFYR,Female,0,No,Yes,32,Yes,Yes,DSL,Yes,No,No,No,Yes,No,One year,No,Credit card (automatic),71.43,2195.77,Yes
2641-UOXHW,Male,0,No,No,4,Yes,Yes,DSL,No,Yes,Yes,Yes,Yes,No,Month-to-month,No,Electronic check,86.51,302.15,No
1135-ONBJK,Male,0,Yes,No,5,Yes,Yes,DSL,Yes,Yes,No,Yes,Yes,Yes,Month-to-month,Yes,Bank transfer (automatic),90.23,469.1,Yes
0598-CNOZK,Male,1,Yes,No,22,Yes,No,No,No internet service,No internet service,No internet service,No internet service,No internet service,No internet service,Two year,No,Mailed check,25.8,486.49,No
3609-EHOII,Female,1,No,Yes,6,Yes,Yes,DSL,Yes,No,No,No,No,No,Month-to-month,Yes,Electronic check,67.41,482.19,No
2293-UEQUH,Male,0,Yes,Yes,14,Yes,No,Fiber optic,No,No,No,No,No,Yes,Month-to-month,No,Electronic check,72.11,1025.81,Yes
0407-JQJLN,Female,0,No,No,26,Yes,Yes,Fiber optic,No,Yes,No,Yes,Yes,No,Month-to-month,No,Credit card (automatic),91.51,2513.81,Yes
0861-CODUX,Female,0,Yes,No,25,No,No phone service,DSL,Yes,Yes,No,Yes,No,No,Two year,Yes,Electronic check,56.32,1348.2,No
4698-ZNVBO,Female,1,Yes,No,56,Yes,No,No,No internet service,No internet service,No internet service,No internet service,No internet service,No internet service,Two year,No,Electronic check,30.28,1586.73,No
4720-QVZYY,Male,0,No,No,50,Yes,No,DSL,No,Yes,No,No,No,Yes,Two year,Yes,Mailed check,63.08,2921.34,No
3909-OYTHL,Male,0,Yes,No,25,No,No phone service,DSL,Yes,Yes,Yes,No,No,No,Two year,No,Mailed check,54.62,1298.21,No
1849-OOZFZ,Female,1,No,No,30,Yes,Yes,DSL,Yes,No,Yes,Yes,No,No,Two year,Yes,Mailed check,72.77,1907.45,No
3491-ZBUJJ,Female,0,No,No,54,Yes,No,Fiber optic,No,No,Yes,Yes,No,No,Month-to-month,Yes,Mailed check,76.82,4204.95,Yes
3408-UHEDH,Male,1,Yes,Yes,18,Yes,No,DSL,Yes,Yes,No,No,No,No,One year,Yes,Electronic check,61.39,1054.12,No
1128-GYMWJ,Female,0,Yes,Yes,20,Yes,Yes,No,No internet service,No internet service,No internet service,No internet service,No internet service,No internet service,Month-to-month,Yes,Credit card (automatic),33.3,667.01,No
3563-SZKRS,Female,0,No,Yes,12,Yes,Yes,DSL,No,Yes,Yes,Yes,No,No,One year,Yes,Credit card (automatic),72.33,775.96,No
0344-PBBGX,Male,0,Yes,Yes,56,Yes,No,Fiber optic,No,Yes,Yes,Yes,No,Yes,One year,Yes,Bank transfer (automatic),94.13,5100.72,No
0205-JONKS,Female,0,No,No,58,Yes,Yes,Fiber optic,Yes,No,Yes,No,Yes,Yes,Month-to-month,Yes,Electronic check,103.81,5861.85,Yes
3271-XLEZN,Male,0,Yes,Yes,5,Yes,No,DSL,No,No,Yes,Yes,No,No,Month-to-month,Yes,Electronic check,62.08,327.51,Yes
1790-LNXWF,Female,0,Yes,No,43,Yes,No,Fiber optic,No,Yes,Yes,No,Yes,Yes,One year,Yes,Mailed check,96.57,4020.76,No
2752-ZZVUR,Male,0,No,Yes,6,Yes,Yes,No,No internet service,No internet service,No internet service,No internet service,No internet service,No internet service,Month-to-month,Yes,Bank transfer (automatic),32.32,162.8,No
3365-IHDNR,Female,0,No,No,37,Yes,No,Fiber optic,Yes,No,Yes,Yes,Yes,Yes,Two year,Yes,Electronic check,104.49,3672.09,No
3091-MKFBY,Female,0,No,Yes,61,Yes,No,DSL,Yes,No,Yes,No,No,Yes,Two year,No,Bank transfer (automatic),68.61,3854.75,No
2058-DUQVM,Female,0,Yes,No,20,Yes,Yes,DSL,Yes,Yes,Yes,No,No,No,Month-to-month,No,Bank transfer (automatic),67.85,1316.34,Yes
4491-UHIRS,Female,1,No,No,3,Yes,No,DSL,Yes,No,Yes,Yes,No,No,Month-to-month,No,Mailed check,68.93,204.21,No
1272-AKNWX,Male,0,Yes,No,36,Yes,Yes,No,No internet service,No internet service,No internet service,No internet service,No internet service,No internet service,One year,No,Bank transfer (automatic),32.93,1115.25,No
5035-QHDZG,Male,0,No,No,6,Yes,No,No,No internet service,No internet service,No internet service,No internet service,No internet service,No internet service,Month-to-month,No,Electronic check,24.67,142.63,No
0837-QGAOD,Male,0,Yes,Yes,16,Yes,Yes,Fiber optic,Yes,No,Yes,Yes,Yes,Yes,Month-to-month,Yes,Electronic check,112.91,1784.01,Yes
3217-DVILB,Male,0,Yes,Yes,56,No,No phone service,Fiber optic,No,Yes,Yes,No,No,No,One year,Yes,Mailed check,76.26,4209.29,No
0658-YYUJN,Female,1,No,Yes,20,Yes,No,Fiber optic,No,No,No,No,Yes,Yes,Two year,Yes,Credit card (automatic),87.36,1638.5,No
2150-SWCFA,Female,1,No,No,31,Yes,No,No,No internet service,No internet service,No internet service,No internet service,No internet service,No internet service,Month-to-month,No,Electronic check,28.86,914.64,No
1251-HYXHZ,Male,1,Yes,No,31,Yes,No,No,No internet service,No internet service,No internet service,No internet service,No internet service,No internet service,Two year,No,Electronic check,22.47,672.82,No
0329-CZFYU,Male,0,No,No,3,Yes,No,Fiber optic,No,Yes,Yes,No,No,Yes,Month-to-month,Yes,Electronic check,93.88,211.29,Yes
4648-ONRIP,Female,0,No,Yes,12,Yes,No,DSL,Yes,Yes,No,Yes,Yes,No,Month-to-month,Yes,Bank transfer (automatic),73.81,895.17,No
4456-VBDVB,Male,0,No,No,23,Yes,Yes,DSL,No,Yes,No,No,Yes,Yes,Month-to-month,Yes,Mailed check,81.41,1852.31,Yes
4451-BBVET,Male,0,Yes,No,12,Yes,Yes,Fiber optic,No,Yes,No,No,Yes,No,Two year,Yes,Bank transfer (automatic),88.61,1023.67,Yes
0187-BRRXJ,Male,0,Yes,No,67,No,No phone service,Fiber optic,No,Yes,No,No,Yes,Yes,One year,Yes,Bank transfer (automatic),83.31,5404.38,No
1654-XEGOB,Female,1,No,Yes,3,No,No phone service,Fiber optic,No,No,No,Yes,Yes,Yes,Month-to-month,Yes,Credit card (automatic),91.23,286.8,Yes
0014-WZHQK,Male,0,Yes,No,53,Yes,No,DSL,No,Yes,No,No,Yes,No,Month-to-month,Yes,Electronic check,65.11,3414.9,Yes
1424-KNAIN,Female,0,No,No,13,Yes,Yes,Fiber optic,No,No,Yes,Yes,Yes,Yes,Two year,Yes,Credit card (automatic),101.73,1347.34,Yes
0425-WCVDL,Male,0,No,Yes,16,Yes,No,Fiber optic,No,Yes,No,No,No,Yes,Month-to-month,Yes,Bank transfer (automatic),86.1,1352.99,Yes
4273-OHIYB,Female,0,No,Yes,37,Yes,Yes,DSL,Yes,No,Yes,No,Yes,Yes,Month-to-month,Yes,Mailed check,83.93,3153.28,No
2502-TNJHT,Female,0,No,No,32,Yes,No,No,No internet service,No internet service,No internet service,No internet service,No internet service,No internet service,Month-to-month,No,Electronic check,24.06,799.48,Yes
1258-MAUQT,Male,0,Yes,No,38,No,No phone service,Fiber optic,Yes,Yes,No,Yes,Yes,Yes,One year,No,Bank transfer (automatic),95.96,3594.19,No
3479-VYAUI,Male,0,No,No,16,Yes,No,Fiber optic,Yes,Yes,No,Yes,No,No,One year,Yes,Electronic check,82.92,1191.83,No
2921-LPGIL,Male,0,No,No,40,No,No phone service,No,No internet service,No internet service,No internet service,No internet service,No internet service,No internet service,Two year,Yes,Electronic check,18.0,671.77,No
4006-UAVDB,Male,1,No,No,7,Yes,Yes,No,No internet service,No internet service,No internet service,No internet service,No internet service,No internet service,Month-to-month,Yes,Mailed check,34.6,223.08,No
5047-NURZH,Female,0,No,No,7,Yes,No,No,No internet service,No internet service,No internet service,No internet service,No internet service,No internet service,Month-to-month,No,Credit card (automatic),22.16,172.63,No
0219-URLRW,Male,0,Yes,Yes,30,Yes,No,Fiber optic,No,Yes,No,Yes,No,No,One year,Yes,Credit card (automatic),81.49,2376.47,Yes
2734-VJBSU,Female,0,Yes,Yes,63,Yes,No,Fiber optic,No,Yes,No,No,No,No,Two year,Yes,Bank transfer (automatic),76.61,4495.74,No
5125-OPYQR,Female,0,Yes,No,18,Yes,Yes,Fiber optic,No,Yes,Yes,Yes,Yes,Yes,Month-to-month,No,Bank transfer (automatic),104.73,1876.84,No
4931-THHCV,Male,0,No,No,11,Yes,Yes,DSL,No,No,No,Yes,Yes,No,Month-to-month,Yes,Electronic check,69.71,819.64,No
1506-IGZAX,Female,0,No,No,51,Yes,Yes,Fiber optic,Yes,Yes,No,No,Yes,Yes,Month-to-month,Yes,Credit card (automatic),103.02,5267.7,Yes
5173-HVETD,Female,0,Yes,No,37,Yes,No,DSL,Yes,Yes,Yes,No,Yes,Yes,Month-to-month,No,Mailed check,84.8,3110.2,Yes
1764-AAMCY,Male,0,No,No,4,Yes,No,Fiber optic,No,No,No,Yes,Yes,No,Month-to-month,Yes,Credit card (automatic),80.94,228.51,No
1219-HJCQH,Female,0,Yes,No,7,No,No phone service,No,No internet service,No internet service,No internet service,No internet service,No internet service,No internet service,Month-to-month,Yes,Bank transfer (automatic),20.74,136.39,Yes
3281-GDOZD,Male,0,Yes,Yes,6,Yes,No,DSL,No,Yes,No,No,No,Yes,Month-to-month,Yes,Mailed check,64.3,407.74,Yes
2343-OYIAX,Female,0,No,No,62,Yes,No,Fiber optic,No,No,No,Yes,Yes,No,Two year,Yes,Credit card (automatic),86.12,4968.48,No
2355-QINLW,Male,0,Yes,No,6,Yes,No,DSL,Yes,No,No,No,No,No,Month-to-month,No,Credit card (automatic),48.38,309.07,Yes
1664-KCNTG,Male,0,Yes,No,16,Yes,No,Fiber optic,No,No,No,No,No,Yes,Month-to-month,Yes,Electronic check,80.04,1272.06,Yes
2189-VBHCN,Male,0,No,Yes,27,Yes,Yes,No,No internet service,No internet service,No internet service,No internet service,No internet service,No internet service,Month-to-month,No,Bank transfer (automatic),33.23,929.65,No
5255-ESAOU,Male,0,Yes,No,23,Yes,No,DSL,Yes,No,No,No,No,Yes,One year,Yes,Bank transfer (automatic),62.21,1365.24,No
2648-BHCGO,Male,0,Yes,No,29,Yes,No,Fiber optic,No,No,No,No,No,No,One year,Yes,Mailed check,72.89,2039.09,No
4091-PUUZQ,Female,0,No,Yes,3,Yes,No,Fiber optic,No,No,No,Yes,No,Yes,Month-to-month,No,Mailed check,82.86,221.2,No
0087-ZIQUL,Female,0,Yes,No,55,Yes,Yes,Fiber optic,No,No,Yes,No,Yes,Yes,One year,Yes,Electronic check,97.6,5121.92,No
2243-WOXBC,Male,0,Yes,No,0,Yes,No,Fiber optic,No,No,Yes,No,No,No,Month-to-month,Yes,Bank transfer (automatic),78.61,,Yes
2640-GRLHL,Male,1,No,No,0,No,No phone service,Fiber optic,Yes,No,No,No,Yes,No,Month-to-month,Yes,Credit card (automatic),78.37,,Yes
2950-FXTTK,Male,0,Yes,No,44,Yes,Yes,No,No internet service,No internet service,No internet service,No internet service,No internet service,No internet service,Month-to-month,No,Electronic check,30.46,1338.83,Yes
2468-TFLNN,Male,1,No,No,8,Yes,No,No,No internet service,No internet service,No internet service,No internet service,No internet service,No internet service,Month-to-month,Yes,Credit card (automatic),29.69,248.64,No
2969-NSRME,Male,0,Yes,No,10,Yes,No,No,No internet service,No internet service,No internet service,No internet service,No internet service,No internet service,Month-to-month,No,Bank transfer (automatic),26.75,279.78,No
0618-MVRMN,Male,0,No,No,60,Yes,Yes,DSL,No,No,Yes,No,No,No,Month-to-month,Yes,Electronic check,61.11,3680.93,No
3386-ZZINJ,Female,0,Yes,No,3,Yes,Yes,Fiber optic,No,No,No,Yes,No,Yes,Month-to-month,No,Electronic check,84.69,192.83,Yes
3035-XTYZL,Male,0,Yes,No,67,Yes,No,No,No internet service,No internet service,No internet service,No internet service,No internet service,No internet service,Month-to-month,Yes,Mailed check,30.77,2057.5,No
1866-DKAWY,Male,0,No,No,67,Yes,No,No,No internet service,No internet service,No internet service,No internet service,No internet service,No internet service,One year,Yes,Credit card (automatic),27.31,1800.75,No
3809-JODLI,Male,1,Yes,Yes,15,Yes,No,DSL,Yes,No,No,No,No,No,Month-to-month,Yes,Mailed check,51.09,782.36,No
1204-EZGAC,Male,0,No,No,29,Yes,Yes,Fiber optic,No,No,No,Yes,No,Yes,One year,Yes,Electronic check,92.29,2540.17,No
0188-NIKEJ,Male,1,No,No,9,Yes,Yes,No,No internet service,No internet service,No internet service,No internet service,No internet service,No internet service,Month-to-month,Yes,Electronic check,29.18,262.51,Yes
2552-CVFLW,Male,0,Yes,No,6,Yes,No,Fiber optic,No,No,Yes,No,Yes,No,Month-to-month,Yes,Bank transfer (automatic),87.16,467.04,Yes
1037-FPODV,Female,0,Yes,Yes,17,Yes,No,No,No internet service,No internet service,No internet service,No internet service,No internet service,No internet service,Month-to-month,Yes,Credit card (automatic),22.05,355.48,No
0325-HDISW,Female,0,No,Yes,0,Yes,Yes,Fiber optic,No,Yes,No,No,Yes,No,One year,Yes,Bank transfer (automatic),81.5,,Yes
5071-FTJDW,Female,0,Yes,No,22,Yes,No,Fiber optic,No,No,No,Yes,No,Yes,Month-to-month,Yes,Mailed check,85.07,1900.62,No
1248-EQNTE,Male,0,No,No,13,Yes,Yes,DSL,Yes,Yes,Yes,Yes,Yes,No,Month-to-month,No,Electronic check,85.15,1162.45,No
1649-OOVQP,Male,1,No,No,44,Yes,No,Fiber optic,Yes,No,No,Yes,No,Yes,Two year,Yes,Credit card (automatic),85.42,3489.7,No
0998-MLUSP,Male,0,Yes,No,0,Yes,Yes,No,No internet service,No internet service,No internet service,No internet service,No internet service,No internet service,Month-to-month,No,Electronic check,30.04,,Yes
0154-NVVGO,Male,0,Yes,Yes,24,Yes,Yes,DSL,No,Yes,Yes,Yes,Yes,No,One year,Yes,Mailed check,80.61,1882.19,No
3250-FWNTS,Female,1,No,No,27,Yes,No,No,No internet service,No internet service,No internet service,No internet service,No internet service,No internet service,Month-to-month,Yes,Mailed check,25.34,694.72,No
5144-BDGTJ,Male,0,No,No,33,Yes,No,Fiber optic,No,Yes,No,No,No,No,One year,Yes,Electronic check,81.58,2567.27,Yes
0921-PSQFS,Female,0,Yes,Yes,36,Yes,Yes,No,No internet service,No internet service,No internet service,No internet service,No internet service,No internet service,Month-to-month,Yes,Credit card (automatic),29.79,1081.18,No
2784-FSQAE,Male,0,Yes,No,11,Yes,Yes,DSL,No,No,Yes,No,No,Yes,Month-to-month,No,Electronic check,70.27,796.3,Yes
2576-PXOPU,Male,0,Yes,No,71,Yes,Yes,Fiber optic,No,No,No,Yes,No,Yes,Two year,Yes,Electronic check,91.32,6020.1,No
2068-PHVJC,Female,0,Yes,No,26,Yes,Yes,DSL,No,No,No,No,No,Yes,Month-to-month,Yes,Credit card (automatic),66.42,1609.08,Yes
3892-KHJEV,Female,0,No,No,36,Yes,No,No,No internet service,No internet service,No internet service,No internet service,No internet service,No internet service,Month-to-month,Yes,Electronic check,27.12,972.73,No
1724-TVYKC,Male,1,Yes,No,49,Yes,Yes,No,No internet service,No internet service,No internet service,No internet service,No internet service,No internet service,One year,Yes,Electronic check,40.02,1890.21,No
0242-DKPCY,Female,0,No,No,26,Yes,No,DSL,Yes,No,No,No,Yes,No,Two year,Yes,Electronic check,65.54,1513.64,Yes
0365-ZOATZ,Female,0,Yes,Yes,44,Yes,Yes,Fiber optic,No,No,Yes,Yes,Yes,Yes,Two year,Yes,Bank transfer (automatic),101.06,4199.56,No
2133-PZOVX,Female,0,Yes,Yes,20,Yes,No,No,No internet service,No internet service,No internet service,No internet service,No internet service,No internet service,One year,No,Electronic check,27.79,545.62,No
0716-FTSVF,Male,0,Yes,Yes,9,Yes,Yes,DSL,Yes,Yes,Yes,No,Yes,Yes,Month-to-month,No,Bank transfer (automatic),91.64,737.98,Yes
1706-NHPAH,Female,0,No,Yes,59,Yes,No,Fiber optic,No,Yes,Yes,No,Yes,No,Two year,Yes,Bank transfer (automatic),88.24,4830.87,Yes
0029-WPATV,Female,0,Yes,No,6,Yes,No,No,No internet service,No internet service,No internet service,No internet service,No internet service,No internet service,Month-to-month,No,Bank transfer (automatic),27.18,178.55,No
3353-WIKKU,Female,0,No,No,36,Yes,Yes,DSL,No,Yes,Yes,Yes,No,Yes,Two year,No,Mailed check,79.47,2599.65,No
3321-RBORG,Male,0,No,No,24,Yes,No,DSL,No,No,No,No,Yes,No,One year,No,Electronic check,56.49,1299.02,Yes
0059-ELLSX,Male,0,Yes,No,62,Yes,No,Fiber optic,No,Yes,Yes,No,Yes,No,Month-to-month,Yes,Electronic check,91.64,5720.95,No
0142-RXDSZ,Female,0,Yes,No,60,Yes,Yes,DSL,No,Yes,No,No,No,No,Two year,Yes,Electronic check,62.18,3406.68,No
4116-KUBRH,Male,0,No,No,12,Yes,No,Fiber optic,No,Yes,Yes,Yes,Yes,No,Month-to-month,Yes,Electronic check,88.77,947.15,Yes
3593-HHPMU,Female,1,No,No,6,Yes,Yes,Fiber optic,No,Yes,No,No,No,Yes,Month-to-month,No,Electronic check,86.24,560.25,Yes
2467-ONNRF,Male,1,Yes,No,17,Yes,Yes,No,No internet service,No internet service,No internet service,No internet service,No internet service,No internet service,Two year,Yes,Mailed check,31.77,455.27,No
0305-RBYCV,Male,0,Yes,No,21,Yes,No,Fiber optic,No,Yes,Yes,Yes,Yes,No,Month-to-month,Yes,Electronic check,92.68,1958.78,No
2629-CQRNX,Female,0,No,No,15,Yes,Yes,No,No internet service,No internet service,No internet service,No internet service,No internet service,No internet service,Month-to-month,No,Credit card (automatic),30.21,519.61,Yes
3076-IPOZM,Male,1,No,No,0,Yes,Yes,DSL,No,Yes,No,Yes,No,Yes,Month-to-month,Yes,Bank transfer (automatic),73.82,,Yes
3679-QRQQT,Male,0,Yes,No,72,No,No phone service,No,No internet service,No internet service,No internet service,No internet service,No internet service,No internet service,Two year,No,Electronic check,21.28,1438.21,No
2197-OFMPY,Female,0,No,No,42,Yes,Yes,Fiber optic,No,No,No,No,Yes,Yes,Month-to-month,Yes,Mailed check,90.25,3858.79,Yes
1129-YJLQM,Male,0,Yes,No,43,Yes,No,DSL,Yes,No,Yes,Yes,No,Yes,Month-to-month,Yes,Electronic check,72.56,3064.06,No
5239-WGAWC,Female,0,Yes,No,64,Yes,Yes,DSL,Yes,No,No,No,No,Yes,One year,Yes,Bank transfer (automatic),76.24,4767.88,No
3237-QYSBX,Male,0,Yes,Yes,19,Yes,Yes,DSL,No,No,No,No,No,No,One year,Yes,Mailed check,57.89,1062.05,No
5032-GMMVE,Female,0,No,No,8,Yes,No,Fiber optic,No,No,Yes,No,Yes,No,Month-to-month,No,Mailed check,86.17,740.87,No
3556-FKGRD,Female,0,Yes,Yes,23,Yes,Yes,Fiber optic,Yes,No,No,No,Yes,Yes,Two year,Yes,Electronic check,100.52,2232.69,No
0992-WEDPV,Female,0,No,No,19,Yes,No,DSL,Yes,No,No,Yes,No,No,Two year,Yes,Bank transfer (automatic),61.48,1090.59,No
1814-CJORG,Male,0,Yes,Yes,28,Yes,Yes,Fiber optic,No,No,No,No,No,Yes,Two year,No,Bank transfer (automatic),81.46,2058.34,No
2903-RUWOJ,Female,1,No,Yes,6,Yes,Yes,DSL,Yes,No,Yes,No,Yes,Yes,Month-to-month,Yes,Bank transfer (automatic),90.24,563.49,No
2183-QSBOH,Male,1,Yes,Yes,47,Yes,No,DSL,No,Yes,Yes,No,Yes,Yes,One year,Yes,Electronic check,78.99,3484.44,No
4422-MKTQI,Female,0,Yes,Yes,43,Yes,No,DSL,Yes,Yes,No,Yes,Yes,No,Two year,No,Bank transfer (automatic),78.77,3134.84,No
0297-JZYVT,Male,0,No,Yes,41,Yes,Yes,No,No internet service,No internet service,No internet service,No internet service,No internet service,No internet service,One year,No,Mailed check,35.9,1424.3,No
5164-MFTKG,Male,0,Yes,Yes,72,Yes,No,No,No internet service,No internet service,No internet service,No internet service,No internet service,No internet service,Two year,Yes,Bank transfer (automatic),24.96,1692.61,No
1533-WALMG,Female,0,No,No,2,Yes,Yes,No,No internet service,No internet service,No internet service,No internet service,No internet service,No internet service,Month-to-month,Yes,Electronic check,34.13,41.97,No
4097-WNPML,Male,0,Yes,No,71,Yes,Yes,Fiber optic,Yes,No,No,Yes,Yes,Yes,Two year,Yes,Credit card (automatic),102.74,6846.37,No
0628-KVCPN,Female,0,No,No,11,Yes,Yes,DSL,Yes,Yes,No,No,Yes,Yes,Month-to-month,No,Credit card (automatic),88.33,921.37,Yes
2696-FRWXC,Female,0,Yes,No,36,Yes,Yes,DSL,No,No,No,Yes,No,Yes,One year,Yes,Bank transfer (automatic),72.32,2596.13,No
4905-EOPOR,Female,0,No,Yes,69,Yes,Yes,DSL,Yes,No,Yes,No,Yes,Yes,Two year,No,Credit card (automatic),82.7,5283.6,No
2082-WMCMX,Male,1,Yes,Yes,14,Yes,No,DSL,No,No,No,No,No,Yes,One year,Yes,Electronic check,61.0,845.48,No
2325-VNOKX,Male,0,Yes,No,26,Yes,Yes,DSL,Yes,No,Yes,No,No,Yes,Month-to-month,No,Mailed check,79.64,2067.31,No
3750-CWFME,Male,0,No,No,43,Yes,No,No,No internet service,No internet service,No internet service,No internet service,No internet service,No internet service,Month-to-month,Yes,Electronic check,19.37,824.48,No
3845-OFBUP,Female,0,Yes,No,34,Yes,Yes,Fiber optic,No,Yes,Yes,No,Yes,No,One year,Yes,Bank transfer (automatic),98.69,3160.62,No
0400-MLMZM,Female,1,Yes,No,10,Yes,No,No,No internet service,No internet service,No internet service,No internet service,No internet service,No internet service,Month-to-month,No,Bank transfer (automatic),28.26,303.23,Yes
3810-VOARA,Female,0,No,No,13,Yes,Yes,Fiber optic,Yes,Yes,Yes,Yes,Yes,Yes,Month-to-month,Yes,Electronic check,115.45,1679.34,Yes
4767-XPSSJ,Female,0,No,No,6,No,No phone service,Fiber optic,No,No,Yes,Yes,No,Yes,Month-to-month,No,Mailed check,84.04,379.24,No
1433-RPKII,Female,0,Yes,No,69,Yes,No,Fiber optic,No,No,No,Yes,No,No,One year,Yes,Electronic check,76.83,5140.38,No
0120-ZMDUM,Female,0,Yes,No,21,Yes,Yes,No,No internet service,No internet service,No internet service,No internet service,No internet service,No internet service,Two year,No,Mailed check,33.39,667.02,No
1263-VSTPJ,Female,0,Yes,No,1,Yes,Yes,Fiber optic,Yes,No,Yes,Yes,Yes,No,Month-to-month,Yes,Mailed check,98.34,80.31,No
3724-OBXLA,Male,0,No,No,56,Yes,Yes,DSL,Yes,No,No,Yes,No,Yes,Two year,Yes,Bank transfer (automatic),73.8,3809.71,No
5046-ESMNV,Male,0,No,No,40,Yes,No,DSL,Yes,No,No,No,Yes,No,Two year,Yes,Credit card (automatic),66.48,2455.93,No
4255-JPHPS,Female,0,Yes,No,12,Yes,No,Fiber optic,No,No,No,No,Yes,No,One year,Yes,Bank transfer (automatic),76.83,889.05,No
2224-LLFEH,Male,0,No,No,50,Yes,Yes,DSL,No,No,No,Yes,No,No,Two year,Yes,Electronic check,67.01,2957.54,No
3467-SOXDN,Female,1,No,No,21,Yes,No,DSL,No,Yes,No,No,No,Yes,Month-to-month,No,Mailed check,65.98,1397.35,Yes
0053-UGGZU,Male,0,No,No,21,Yes,No,DSL,Yes,No,No,No,No,Yes,Month-to-month,Yes,Bank transfer (automatic),71.37,1575.76,No
2455-ZRZSI,Female,1,No,No,52,Yes,Yes,DSL,No,Yes,No,Yes,No,Yes,Month-to-month,Yes,Credit card (automatic),73.05,3860.62,No
1493-WYXDE,Male,0,No,No,21,Yes,Yes,No,No internet service,No internet service,No internet service,No internet service,No internet service,No internet service,Two year,Yes,Mailed check,29.73,580.85,No
0486-AXFRY,Female,0,Yes,No,55,Yes,No,DSL,No,No,No,Yes,No,No,Two year,No,Electronic check,58.86,3019.9,No
4196-TFUHK,Male,0,No,No,3,Yes,Yes,No,No internet service,No internet service,No internet service,No internet service,No internet service,No internet service,Month-to-month,Yes,Electronic check,32.74,36.38,No
0668-AWTSB,Male,0,Yes,No,19,Yes,No,DSL,No,No,No,No,No,Yes,Month-to-month,No,Bank transfer (automatic),59.02,1157.32,No
2697-MMFXA,Male,0,Yes,No,18,Yes,Yes,Fiber optic,Yes,No,No,No,Yes,Yes,Two year,Yes,Mailed check,92.26,1535.17,Yes
2869-XSQOK,Female,0,No,No,63,Yes,Yes,No,No internet service,No internet service,No internet service,No internet service,No internet service,No internet service,One year,No,Bank transfer (automatic),31.31,1933.45,No
2207-MBKNH,Male,1,No,No,67,Yes,No,Fiber optic,No,No,No,No,No,No,Two year,Yes,Electronic check,74.04,4634.92,Yes
4677-BCQUN,Female,1,No,No,23,Yes,Yes,Fiber optic,No,Yes,Yes,Yes,Yes,Yes,Month-to-month,Yes,Mailed check,109.28,2424.27,Yes
4563-FDODG,Female,0,Yes,No,61,Yes,Yes,Fiber optic,Yes,Yes,No,No,Yes,Yes,Two year,Yes,Bank transfer (automatic),104.0,5929.27,No
0446-DNAWO,Male,0,Yes,No,5,Yes,Yes,Fiber optic,No,No,No,No,Yes,No,Month-to-month,Yes,Mailed check,82.99,412.3,Yes
0844-QSFNI,Female,0,Yes,No,32,Yes,Yes,No,No internet service,No internet service,No internet service,No internet service,No internet service,No internet service,Two year,No,Mailed check,35.27,1017.93,No
0206-OGRCY,Male,0,No,No,10,Yes,No,No,No internet service,No internet service,No internet service,No internet service,No internet service,No internet service,Month-to-month,Yes,Mailed check,27.07,244.05,No
4100-WWVNC,Male,0,No,Yes,48,No,No phone service,No,No internet service,No internet service,No internet service,No internet service,No internet service,No internet service,Month-to-month,No,Electronic check,19.93,971.42,No
0540-WUTQH,Female,0,No,No,13,Yes,No,Fiber optic,Yes,No,Yes,No,Yes,Yes,Month-to-month,Yes,Electronic check,95.8,1144.92,Yes
0714-BEDCB,Female,0,Yes,No,3,Yes,No,Fiber optic,No,No,Yes,Yes,No,No,Month-to-month,No,Mailed check,79.75,190.51,No
4567-MOYDF,Male,0,No,No,32,Yes,Yes,DSL,Yes,No,Yes,Yes,No,Yes,Two year,Yes,Bank transfer (automatic),77.84,2313.8,No
1920-SGLNF,Male,1,Yes,Yes,28,Yes,Yes,DSL,No,No,Yes,Yes,No,Yes,Month-to-month,No,Electronic check,76.93,2099.51,No
4337-DLZMJ,Male,0,Yes,No,63,Yes,No,DSL,No,Yes,Yes,Yes,Yes,Yes,One year,No,Mailed check,80.44,4873.38,No
1060-FEHYZ,Male,0,No,No,37,Yes,No,Fiber optic,Yes,Yes,Yes,Yes,No,Yes,Month-to-month,Yes,Bank transfer (automatic),98.81,3674.11,Yes
2716-WPCNN,Male,0,No,No,36,Yes,Yes,DSL,Yes,Yes,No,Yes,Yes,Yes,Two year,Yes,Electronic check,89.3,3029.45,No
3876-DINAK,Male,0,No,No,37,Yes,Yes,DSL,No,No,Yes,Yes,No,Yes,Two year,Yes,Credit card (automatic),74.96,2508.47,No
0620-MPCKQ,Male,1,Yes,No,58,Yes,No,DSL,Yes,Yes,No,No,Yes,No,Two year,No,Bank transfer (automatic),71.43,3876.64,No
4831-GQXLR,Male,0,Yes,No,2,Yes,Yes,Fiber optic,Yes,No,No,No,Yes,No,Month-to-month,No,Bank transfer (automatic),91.04,132.56,No
3059-XQTSW,Male,0,Yes,No,28,Yes,No,Fiber optic,Yes,Yes,Yes,No,Yes,No,Month-to-month,Yes,Bank transfer (automatic),94.65,2593.11,Yes
3733-NVIYK,Male,0,Yes,No,4,Yes,No,No,No internet service,No internet service,No internet service,No internet service,No internet service,No internet service,Month-to-month,Yes,Bank transfer (automatic),26.99,105.35,No
2303-PQAQO,Female,0,Yes,No,1,Yes,Yes,Fiber optic,No,No,Yes,Yes,No,Yes,Month-to-month,No,Credit card (automatic),95.5,184.69,No
3470-CXGUO,Male,0,No,Yes,26,Yes,Yes,Fiber optic,Yes,No,Yes,Yes,Yes,Yes,Month-to-month,No,Electronic check,107.91,2756.79,Yes
2317-CPKGW,Male,0,No,No,0,Yes,No,No,No internet service,No internet service,No internet service,No internet service,No internet service,No internet service,Month-to-month,No,Mailed check,21.97,,Yes
3927-LLRZI,Male,1,No,No,45,Yes,No,Fiber optic,No,No,Yes,No,Yes,No,Two year,No,Mailed check,89.19,3844.05,No
0291-ZPIPZ,Female,0,No,No,7,Yes,Yes,Fiber optic,No,Yes,No,No,No,Yes,Month-to-month,Yes,Electronic check,95.92,598.25,Yes
2171-LMKYB,Female,0,Yes,No,60,Yes,Yes,Fiber optic,No,No,Yes,No,No,No,Month-to-month,No,Electronic check,80.38,4837.39,Yes
0969-DRSZS,Male,0,No,No,2,Yes,Yes,Fiber optic,No,Yes,Yes,Yes,No,Yes,Month-to-month,No,Electronic check,98.92,180.6,Yes
4668-HELBL,Male,0,No,Yes,61,Yes,Yes,DSL,Yes,No,No,No,Yes,No,One year,Yes,Electronic check,72.65,4300.94,No
3887-FGXBK,Male,0,No,No,34,Yes,No,No,No internet service,No internet service,No internet service,No internet service,No internet service,No internet service,Two year,Yes,Credit card (automatic),27.6,864.74,No
0545-GXYSN,Male,0,Yes,No,14,Yes,Yes,No,No internet service,No internet service,No internet service,No internet service,No internet service,No internet service,Month-to-month,Yes,Credit card (automatic),33.83,483.12,No
5283-FWDUE,Female,0,Yes,No,47,Yes,No,No,No internet service,No internet service,No internet service,No internet service,No internet service,No internet service,One year,Yes,Electronic check,21.89,1005.4,No
2285-XNNTW,Female,0,No,No,17,Yes,Yes,DSL,Yes,Yes,No,No,No,Yes,Month-to-month,No,Bank transfer (automatic),78.22,1387.34,No
4235-GAZGC,Female,1,Yes,No,7,Yes,No,Fiber optic,No,Yes,No,No,Yes,No,Month-to-month,Yes,Credit card (automatic),82.57,472.69,No
2473-OVBKM,Female,0,No,Yes,17,Yes,No,Fiber optic,No,Yes,Yes,No,No,No,Month-to-month,No,Credit card (automatic),79.62,1386.92,Yes
2920-MKCJJ,Female,1,No,No,30,Yes,Yes,Fiber optic,No,No,No,No,No,Yes,One year,Yes,Mailed check,89.17,2669.43,No
3946-BQPSZ,Female,1,No,No,10,Yes,Yes,Fiber optic,No,No,Yes,No,Yes,Yes,Month-to-month,Yes,Mailed check,103.09,999.54,Yes
1157-FCNDD,Male,0,No,Yes,37,No,No phone service,DSL,Yes,No,No,Yes,Yes,No,Month-to-month,No,Credit card (automatic),56.97,2126.78,No
2958-LUNYP,Male,0,No,No,1,Yes,No,DSL,No,Yes,Yes,No,No,Yes,Month-to-month,Yes,Electronic check,75.25,45.15,Yes
2219-HAEEA,Male,0,No,No,15,Yes,Yes,Fiber optic,No,No,Yes,Yes,No,No,One year,Yes,Electronic check,90.39,1271.73,Yes
3657-EISRK,Female,0,No,No,12,Yes,No,Fiber optic,No,Yes,Yes,No,Yes,No,One year,Yes,Mailed check,88.38,984.4,Yes
2482-JLKRJ,Male,0,No,No,29,Yes,Yes,Fiber optic,No,No,No,No,No,Yes,Month-to-month,No,Bank transfer (automatic),89.35,2568.91,Yes
3471-WSHUN,Female,0,No,No,27,Yes,No,Fiber optic,Yes,Yes,Yes,Yes,No,Yes,One year,No,Bank transfer (automatic),97.75,2655.03,No
3820-PQNLV,Male,0,Yes,No,14,Yes,Yes,Fiber optic,No,No,No,No,Yes,Yes,Month-to-month,No,Electronic check,94.96,1347.63,Yes
0021-FSTEP,Female,0,No,No,42,Yes,No,Fiber optic,No,No,No,No,No,Yes,Two year,Yes,Electronic check,81.1,3235.5,No
5091-KAQMH,Male,0,No,No,8,Yes,No,No,No internet service,No internet service,No internet service,No internet service,No internet service,No internet service,Month-to-month,Yes,Mailed check,24.75,201.44,No
1589-JSNRF,Male,0,No,No,58,Yes,Yes,DSL,Yes,Yes,No,No,No,Yes,One year,Yes,Electronic check,78.53,4389.0,No
3891-LZQJF,Female,0,Yes,No,49,Yes,Yes,No,No internet service,No internet service,No internet service,No internet service,No internet service,No internet service,Two year,No,Mailed check,26.49,1217.79,No
4628-KVDIG,Male,0,No,No,10,Yes,Yes,DSL,No,No,No,Yes,No,No,Month-to-month,No,Electronic check,66.62,605.77,No
2937-PBOJZ,Female,0,Yes,No,7,Yes,No,DSL,No,Yes,No,No,Yes,Yes,Month-to-month,Yes,Mailed check,73.29,542.69,Yes
2573-RXVAC,Female,0,Yes,No,51,Yes,Yes,Fiber optic,No,Yes,Yes,No,No,Yes,Two year,No,Credit card (automatic),93.46,4444.9,No
3569-MLZUQ,Female,0,Yes,No,6,Yes,No,Fiber optic,No,No,Yes,No,Yes,Yes,Month-to-month,No,Electronic check,93.18,540.84,Yes
1900-KCACV,Male,0,Yes,No,12,Yes,Yes,No,No internet service,No internet service,No internet service,No internet service,No internet service,No internet service,Month-to-month,No,Electronic check,25.51,355.81,No
2213-CRWMJ,Male,0,Yes,Yes,44,Yes,Yes,DSL,No,No,Yes,No,Yes,No,One year,Yes,Electronic check,75.47,3366.89,No
1434-XHZRY,Female,0,Yes,No,60,Yes,Yes,Fiber optic,No,No,Yes,No,Yes,Yes,Two year,No,Mailed check,98.6,5507.0,No
5272-WSMAJ,Female,0,Yes,Yes,11,Yes,Yes,Fiber optic,Yes,Yes,No,Yes,No,Yes,Month-to-month,Yes,Electronic check,96.62,981.36,No
3603-RVEOX,Female,0,No,No,25,Yes,Yes,Fiber optic,No,Yes,No,No,Yes,Yes,Month-to-month,Yes,Bank transfer (automatic),98.99,2407.39,Yes
3347-GNRRH,Female,0,No,No,16,Yes,No,DSL,Yes,Yes,Yes,No,Yes,No,Two year,Yes,Electronic check,68.33,1020.51,No
2829-NIANW,Female,0,No,Yes,70,Yes,No,DSL,Yes,No,Yes,No,Yes,No,One year,Yes,Electronic check,65.52,4445.49,No
3301-SWLCX,Female,0,No,Yes,64,Yes,No,Fiber optic,No,Yes,No,No,Yes,No,Month-to-month,Yes,Electronic check,83.39,5315.46,No
5189-ZZDXB,Male,0,Yes,Yes,56,Yes,No,No,No internet service,No internet service,No internet service,No internet service,No internet service,No internet service,Two year,Yes,Electronic check,25.39,1253.84,No
5212-WAMMQ,Male,0,No,No,71,Yes,No,DSL,No,No,No,No,Yes,Yes,One year,No,Bank transfer (automatic),68.77,4738.82,No
1552-CUIOQ,Female,0,Yes,No,0,Yes,Yes,DSL,No,No,No,No,Yes,Yes,Month-to-month,No,Credit card (automatic),72.59,,No
3348-PTOIW,Male,0,No,No,10,Yes,No,DSL,Yes,Yes,Yes,Yes,No,Yes,Month-to-month,No,Mailed check,75.26,686.29,No
0469-UYGUQ,Male,0,No,No,46,Yes,No,DSL,No,Yes,Yes,No,Yes,No,Month-to-month,No,Credit card (automatic),72.37,3350.66,No
4609-WUUFM,Female,1,Yes,No,3,Yes,No,Fiber optic,No,No,Yes,No,Yes,Yes,Month-to-month,Yes,Mailed check,91.27,316.4,Yes
3193-IVXQX,Female,0,No,Yes,48,Yes,Yes,No,No internet service,No internet service,No internet service,No internet service,No internet service,No internet service,Month-to-month,Yes,Bank transfer (automatic),34.54,1592.55,No
4600-GHOCZ,Male,0,No,No,31,Yes,No,No,No internet service,No internet service,No internet service,No internet service,No internet service,No internet service,Month-to-month,Yes,Electronic check,25.45,807.42,Yes
4579-LVRZY,Male,0,No,No,24,Yes,Yes,Fiber optic,No,Yes,No,No,Yes,Yes,Month-to-month,Yes,Bank transfer (automatic),104.88,2496.21,Yes
4344-UGNTG,Male,0,Yes,No,30,Yes,Yes,No,No internet service,No internet service,No internet service,No internet service,No internet service,No internet service,Month-to-month,No,Electronic check,31.6,966.38,Yes
2996-QSJPP,Male,0,No,No,34,Yes,No,Fiber optic,No,No,Yes,No,No,Yes,Two year,No,Mailed check,80.25,2631.9,No
0158-LGTXC,Male,1,No,No,0,Yes,Yes,Fiber optic,No,No,Yes,No,Yes,No,Month-to-month,Yes,Credit card (automatic),96.28,,Yes
5279-ENCEQ,Male,0,No,No,0,Yes,No,DSL,No,Yes,Yes,No,Yes,No,Month-to-month,Yes,Bank transfer (automatic),70.71,,No
4231-CKGCD,Male,0,No,Yes,0,Yes,No,No,No internet service,No internet service,No internet service,No internet service,No internet service,No internet service,Month-to-month,Yes,Bank transfer (automatic),23.13,,No
0409-LDLXS,Female,0,No,No,24,Yes,No,DSL,No,Yes,No,No,Yes,Yes,One year,No,Mailed check,72.59,1661.85,Yes
0214-LRGRU,Female,1,No,No,11,Yes,Yes,No,No internet service,No internet service,No internet service,No internet service,No internet service,No internet service,One year,No,Bank transfer (automatic),32.16,363.37,No
5233-RMXGA,Male,0,Yes,Yes,14,Yes,No,DSL,No,Yes,No,No,No,No,Two year,No,Bank transfer (automatic),56.15,693.63,No
2181-UJKXC,Female,0,No,No,46,Yes,Yes,Fiber optic,Yes,Yes,No,No,Yes,No,Two year,Yes,Bank transfer (automatic),96.6,4082.31,No
3151-LIZPF,Female,0,No,No,25,Yes,No,Fiber optic,Yes,No,Yes,No,No,Yes,Month-to-month,Yes,Electronic check,89.81,2292.48,Yes
3029-TTJPS,Female,0,Yes,No,6,No,No phone service,No,No internet service,No internet service,No internet service,No internet service,No internet service,No internet service,Month-to-month,Yes,Bank transfer (automatic),18.0,126.47,No
3738-GRXUN,Male,1,Yes,Yes,35,Yes,Yes,No,No internet service,No internet service,No internet service,No internet service,No internet service,No internet service,Two year,No,Bank transfer (automatic),28.03,920.25,Yes
5190-NLWZV,Female,0,No,No,15,Yes,No,DSL,No,Yes,No,Yes,Yes,Yes,Month-to-month,Yes,Credit card (automatic),80.2,1257.3,No
5002-TBNTU,Female,0,Yes,No,16,Yes,No,Fiber optic,Yes,No,Yes,No,No,No,Month-to-month,No,Credit card (automatic),77.57,1249.23,No
3119-OKLUX,Female,0,No,No,28,No,No phone service,Fiber optic,Yes,No,No,No,No,No,One year,No,Credit card (automatic),62.17,1650.15,Yes
0864-AWTOU,Female,0,No,No,27,Yes,No,Fiber optic,No,Yes,Yes,Yes,Yes,Yes,One year,Yes,Electronic check,102.34,2703.55,No
0117-OYDTG,Female,0,Yes,No,51,Yes,Yes,DSL,No,Yes,No,No,No,Yes,One year,No,Credit card (automatic),75.49,3751.06,Yes
4918-KINOI,Male,0,No,No,9,Yes,No,No,No internet service,No internet service,No internet service,No internet service,No internet service,No internet service,Month-to-month,No,Electronic check,24.24,221.79,Yes
2780-BRXHG,Female,0,Yes,Yes,19,Yes,No,No,No internet service,No internet service,No internet service,No internet service,No internet service,No internet service,Two year,Yes,Mailed check,26.34,438.02,No
3394-BZUGT,Female,0,Yes,No,0,Yes,No,DSL,No,No,No,Yes,No,No,Month-to-month,Yes,Credit card (automatic),52.5,,No
0208-CHALP,Male,0,Yes,No,31,No,No phone service,Fiber optic,No,No,No,No,No,No,Two year,No,Electronic check,69.4,1916.02,No
1237-UGLLQ,Female,1,No,Yes,9,No,No phone service,DSL,Yes,Yes,No,No,Yes,Yes,Month-to-month,No,Electronic check,71.62,696.64,Yes
0952-DNLAQ,Male,0,Yes,Yes,11,Yes,Yes,Fiber optic,Yes,No,Yes,No,Yes,No,Month-to-month,Yes,Electronic check,97.17,1153.47,Yes
4794-BNNJQ,Female,0,Yes,No,35,Yes,Yes,Fiber optic,No,No,No,No,No,Yes,One year,Yes,Mailed check,88.15,2957.11,Yes
4724-LFIVS,Female,0,No,No,2,Yes,Yes,Fiber optic,Yes,No,Yes,No,No,Yes,Month-to-month,Yes,Electronic check,99.82,284.56,Yes
0176-UABUM,Male,0,Yes,No,5,Yes,No,No,No internet service,No internet service,No internet service,No internet service,No internet service,No internet service,Month-to-month,Yes,Electronic check,23.72,106.14,Yes
4190-QTZDR,Female,0,Yes,No,13,Yes,Yes,DSL,Yes,Yes,No,No,Yes,No,Month-to-month,Yes,Electronic check,80.4,1040.46,Yes
1627-LXOAT,Male,0,Yes,No,49,Yes,No,No,No internet service,No internet service,No internet service,No internet service,No internet service,No internet service,Two year,No,Electronic check,25.06,1145.45,No
1679-GXBRF,Female,0,No,Yes,34,Yes,Yes,Fiber optic,No,Yes,Yes,No,No,Yes,Two year,No,Bank transfer (automatic),101.08,3103.6,No
2643-QHTPR,Female,0,No,Yes,48,Yes,No,No,No internet service,No internet service,No internet service,No internet service,No internet service,No internet service,Two year,Yes,Credit card (automatic),22.83,1029.02,No
0244-TZWDL,Male,0,No,Yes,18,Yes,No,Fiber optic,No,No,No,No,Yes,No,Month-to-month,Yes,Mailed check,84.54,1552.51,Yes
5217-VTUYK,Male,0,Yes,No,0,Yes,Yes,Fiber optic,Yes,Yes,No,No,Yes,No,Month-to-month,Yes,Electronic check,96.83,,No
0638-EXHHD,Male,0,No,No,4,Yes,Yes,No,No internet service,No internet service,No internet service,No internet service,No internet service,No internet service,Month-to-month,Yes,Electronic check,31.25,121.14,Yes
3152-XFZSR,Male,0,Yes,No,28,Yes,Yes,No,No internet service,No internet service,No internet service,No internet service,No internet service,No internet service,Two year,Yes,Bank transfer (automatic),37.02,977.69,No
3442-XGEYT,Female,0,Yes,No,60,No,No phone service,Fiber optic,Yes,No,Yes,Yes,No,No,One year,No,Mailed check,80.1,4756.44,No
1243-GYVYR,Female,1,No,Yes,18,Yes,No,No,No internet service,No internet service,No internet service,No internet service,No internet service,No internet service,Month-to-month,No,Electronic check,22.14,424.38,Yes
4442-VAMFX,Female,0,Yes,No,66,Yes,No,No,No internet service,No internet service,No internet service,No internet service,No internet service,No internet service,Two year,No,Bank transfer (automatic),23.92,1464.9,No
0988-ESMXW,Male,0,Yes,No,21,Yes,No,Fiber optic,Yes,Yes,Yes,No,No,No,Month-to-month,Yes,Bank transfer (automatic),89.85,1934.13,Yes
3038-OVYAM,Male,0,Yes,No,31,Yes,Yes,DSL,No,Yes,No,Yes,Yes,No,Month-to-month,Yes,Bank transfer (automatic),76.77,2401.78,No
5185-XAPKY,Female,0,No,Yes,9,Yes,Yes,Fiber optic,No,No,Yes,No,Yes,No,Month-to-month,No,Mailed check,92.81,808.1,No
5072-GACZE,Female,0,Yes,No,57,Yes,Yes,Fiber optic,Yes,Yes,Yes,Yes,Yes,Yes,One year,No,Bank transfer (automatic),118.0,6250.18,No
4885-MCBFP,Male,0,Yes,Yes,18,Yes,No,No,No internet service,No internet service,No internet service,No internet service,No internet service,No internet service,Two year,No,Mailed check,31.82,545.2,No
1798-ZBYLQ,Male,0,No,No,57,No,No phone service,Fiber optic,No,No,No,No,No,Yes,Two year,No,Electronic check,73.4,3807.86,No
3627-RPHAK,Male,0,Yes,Yes,72,Yes,No,Fiber optic,No,Yes,Yes,Yes,No,Yes,Month-to-month,Yes,Mailed check,96.57,6924.49,No
0212-GENAZ,Female,0,No,No,26,Yes,Yes,DSL,No,Yes,No,Yes,Yes,No,Month-to-month,No,Credit card (automatic),76.2,1891.97,No
3247-IEESC,Male,0,Yes,No,18,Yes,Yes,Fiber optic,Yes,Yes,Yes,No,Yes,Yes,Month-to-month,Yes,Credit card (automatic),110.85,1953.74,Yes
0211-SPHUG,Male,0,No,Yes,15,Yes,No,Fiber optic,No,No,Yes,No,No,No,One year,Yes,Mailed check,76.03,1156.56,Yes
5235-LJSTV,Female,0,No,No,6,No,No phone service,DSL,No,No,No,No,Yes,No,Month-to-month,Yes,Mailed check,55.09,373.96,Yes
2359-DBOKO,Female,0,Yes,No,24,Yes,No,Fiber optic,No,Yes,Yes,Yes,Yes,Yes,Month-to-month,Yes,Electronic check,106.59,2494.56,Yes
2970-LACBT,Female,1,No,No,29,Yes,Yes,Fiber optic,No,Yes,Yes,No,Yes,No,Month-to-month,Yes,Electronic check,92.78,2750.85,Yes
2344-IBQEU,Male,0,No,Yes,16,Yes,No,Fiber optic,No,Yes,Yes,Yes,No,Yes,One year,No,Electronic check,92.16,1471.09,No
2846-MEKGO,Female,1,No,No,22,Yes,No,DSL,Yes,No,No,Yes,No,No,Two year,No,Mailed check,59.87,1221.48,No
0940-THYYJ,Female,0,Yes,Yes,3,Yes,Yes,Fiber optic,No,Yes,No,No,No,No,Month-to-month,No,Electronic check,86.29,337.78,No
4559-RVIGZ,Female,0,Yes,Yes,7,Yes,Yes,Fiber optic,No,Yes,Yes,Yes,No,Yes,Month-to-month,No,Electronic check,104.01,632.28,No
1073-LJOCW,Male,0,No,No,1,No,No phone service,No,No internet service,No internet service,No internet service,No internet service,No internet service,No internet service,Month-to-month,Yes,Electronic check,21.63,42.37,No
4343-UNWNX,Male,0,No,No,18,Yes,No,Fiber optic,Yes,Yes,No,No,No,Yes,Two year,No,Electronic check,89.45,1449.72,Yes
2704-FEXWI,Female,1,Yes,No,72,Yes,Yes,Fiber optic,Yes,No,Yes,Yes,Yes,No,Month-to-month,No,Electronic check,101.4,7344.38,Yes
3332-VTIOB,Female,0,No,Yes,50,Yes,Yes,No,No internet service,No internet service,No internet service,No internet service,No internet service,No internet service,One year,Yes,Electronic check,31.08,1453.05,No
2381-VAXWC,Male,1,Yes,Yes,46,Yes,No,DSL,No,Yes,No,No,No,No,Month-to-month,Yes,Credit card (automatic),53.56,2510.44,Yes
2861-ILGVB,Female,0,Yes,Yes,7,Yes,Yes,No,No internet service,No internet service,No internet service,No internet service,No internet service,No internet service,Month-to-month,Yes,Electronic check,33.14,223.91,No
2942-HSCST,Male,0,No,No,1,Yes,Yes,No,No internet service,No internet service,No internet service,No internet service,No internet service,No internet service,Month-to-month,Yes,Credit card (automatic),34.38,22.52,No
2352-SOHMA,Female,1,Yes,Yes,62,Yes,Yes,DSL,Yes,Yes,No,Yes,No,Yes,Two year,Yes,Bank transfer (automatic),79.42,4608.26,No
0271-UKKLW,Female,0,Yes,No,2,Yes,Yes,Fiber optic,Yes,No,Yes,No,Yes,Yes,Month-to-month,No,Mailed check,104.62,167.93,Yes
0896-WMRCW,Female,1,No,No,12,No,No phone service,DSL,Yes,No,No,No,Yes,No,Month-to-month,Yes,Electronic check,52.82,674.29,Yes
1909-YZYHF,Male,0,No,Yes,20,Yes,No,No,No internet service,No internet service,No internet service,No internet service,No internet service,No internet service,One year,Yes,Electronic check,26.45,525.5,No
3355-NYJGP,Female,0,No,No,0,Yes,Yes,DSL,Yes,No,Yes,No,No,No,Month-to-month,Yes,Bank transfer (automatic),70.96,,No
4404-RNHDE,Female,1,No,No,23,Yes,Yes,No,No internet service,No internet service,No internet service,No internet service,No internet service,No internet service,Month-to-month,Yes,Bank transfer (automatic),33.62,709.22,Yes
0416-MXNGA,Female,1,No,No,18,Yes,Yes,Fiber optic,Yes,Yes,No,Yes,Yes,Yes,Two year,Yes,Bank transfer (automatic),108.05,1821.58,No
5040-EZUFS,Male,0,No,No,8,Yes,No,Fiber optic,No,No,No,Yes,No,Yes,Month-to-month,No,Credit card (automatic),83.29,637.87,Yes
0064-QMQHY,Female,1,Yes,No,3,Yes,No,Fiber optic,No,No,No,No,Yes,Yes,Month-to-month,No,Bank transfer (automatic),94.46,208.31,Yes
3345-PCYUN,Female,0,Yes,No,35,Yes,Yes,Fiber optic,Yes,Yes,Yes,No,No,Yes,Month-to-month,Yes,Electronic check,103.33,3644.37,Yes
2448-FZRWW,Female,0,No,No,15,Yes,No,Fiber optic,Yes,No,No,No,No,Yes,Month-to-month,Yes,Credit card (automatic),85.9,1254.89,No
4219-YUXQY,Male,0,No,No,23,Yes,Yes,DSL,No,No,Yes,No,No,No,Two year,Yes,Mailed check,64.07,1317.59,No
1104-THKVK,Female,0,No,No,4,Yes,No,Fiber optic,Yes,Yes,No,No,No,Yes,Month-to-month,Yes,Mailed check,92.83,294.58,Yes
0693-CJAKX,Male,0,Yes,No,6,Yes,No,No,No internet service,No internet service,No internet service,No internet service,No internet service,No internet service,One year,No,Electronic check,20.24,112.62,No
0236-EBIWD,Female,0,No,No,2,No,No phone service,DSL,No,No,No,No,No,Yes,Month-to-month,No,Electronic check,52.16,49.88,No
3844-WVZUD,Female,0,Yes,No,65,Yes,Yes,No,No internet service,No internet service,No internet service,No internet service,No internet service,No internet service,One year,No,Bank transfer (automatic),27.55,1717.56,No
3592-DTXJM,Female,0,No,No,72,No,No phone service,DSL,No,Yes,No,Yes,Yes,Yes,Month-to-month,Yes,Electronic check,67.58,4850.37,No
3082-CJFZB,Female,0,Yes,No,32,Yes,Yes,Fiber optic,No,No,No,No,Yes,Yes,Month-to-month,Yes,Electronic check,97.8,3292.02,Yes
4975-LPQBF,Male,0,Yes,No,15,No,No phone service,Fiber optic,No,Yes,No,Yes,Yes,No,Month-to-month,Yes,Electronic check,78.95,1217.15,Yes
0708-KRAGL,Male,0,Yes,No,6,Yes,Yes,DSL,No,Yes,No,Yes,Yes,No,Month-to-month,Yes,Bank transfer (automatic),80.4,578.11,Yes
0642-HXWPL,Female,0,Yes,No,22,Yes,Yes,Fiber optic,No,Yes,Yes,No,No,No,One year,Yes,Credit card (automatic),87.5,1888.96,Yes
4957-QKEHR,Female,0,No,No,0,Yes,Yes,Fiber optic,Yes,No,No,Yes,Yes,No,One year,Yes,Electronic check,91.99,,No
4856-VTGOZ,Female,0,Yes,No,7,No,No phone service,DSL,No,No,Yes,No,No,Yes,Month-to-month,Yes,Electronic check,58.18,374.98,Yes
3729-OUTRG,Male,0,No,No,58,Yes,No,No,No internet service,No internet service,No internet service,No internet service,No internet service,No internet service,Two year,No,Mailed check,32.96,1785.97,No
3413-UXEXG,Female,0,Yes,No,36,Yes,No,DSL,Yes,No,No,Yes,No,No,One year,Yes,Credit card (automatic),60.33,2130.05,No
4738-KDVWJ,Male,0,No,No,46,Yes,Yes,No,No internet service,No internet service,No internet service,No internet service,No internet service,No internet service,Month-to-month,No,Bank transfer (automatic),34.4,1573.48,No
3492-KUXRR,Male,0,No,No,12,Yes,Yes,DSL,No,No,No,No,Yes,Yes,Month-to-month,No,Bank transfer (automatic),77.29,875.95,Yes
2656-EVNIW,Male,0,No,No,47,Yes,No,DSL,No,No,Yes,Yes,No,Yes,One year,Yes,Bank transfer (automatic),72.04,3360.27,Yes
0863-BPIPO,Female,1,No,Yes,11,Yes,No,Fiber optic,No,Yes,No,Yes,No,No,Month-to-month,Yes,Bank transfer (automatic),79.59,933.88,Yes
1354-WJZFV,Male,1,No,Yes,16,Yes,No,DSL,Yes,Yes,Yes,Yes,No,No,Two year,No,Bank transfer (automatic),71.85,1075.95,No
1801-LZIFT,Female,1,Yes,No,52,Yes,No,Fiber optic,No,Yes,No,No,No,Yes,One year,Yes,Bank transfer (automatic),89.14,4503.49,No
1388-NXGGA,Male,0,No,Yes,6,Yes,No,DSL,Yes,No,No,Yes,No,Yes,One year,Yes,Electronic check,64.55,345.68,No
4029-XJPMI,Male,0,No,No,54,Yes,Yes,No,No internet service,No internet service,No internet service,No internet service,No internet service,No internet service,Month-to-month,Yes,Mailed check,32.43,1716.35,No
2693-VLESM,Male,0,No,Yes,63,No,No phone service,Fiber optic,No,Yes,No,No,No,Yes,Two year,No,Electronic check,74.43,4328.14,No
0483-MPZXY,Male,0,No,No,62,Yes,Yes,DSL,No,Yes,Yes,No,No,No,One year,No,Electronic check,66.78,4063.99,No
2585-DTJHT,Female,0,Yes,No,25,Yes,Yes,Fiber optic,No,Yes,Yes,No,No,Yes,Two year,Yes,Credit card (automatic),94.58,2146.11,No
4203-VSTZB,Female,0,No,No,42,Yes,No,No,No internet service,No internet service,No internet service,No internet service,No internet service,No internet service,One year,Yes,Credit card (automatic),25.66,1085.07,No
1134-JBFTQ,Male,0,No,No,2,Yes,Yes,DSL,Yes,No,No,No,No,Yes,Month-to-month,Yes,Credit card (automatic),65.71,171.98,Yes
1754-CSMMY,Female,0,No,Yes,44,Yes,No,Fiber optic,Yes,No,Yes,No,No,No,Two year,Yes,Bank transfer (automatic),78.5,3230.06,No
3914-TUPVM,Female,0,Yes,Yes,8,Yes,Yes,No,No internet service,No internet service,No internet service,No internet service,No internet service,No internet service,Month-to-month,Yes,Credit card (automatic),27.84,207.87,Yes
3766-VXWPP,Female,0,No,No,26,Yes,Yes,DSL,Yes,Yes,No,Yes,Yes,Yes,Month-to-month,Yes,Credit card (automatic),85.81,2255.05,Yes
0836-JAGAT,Male,0,No,No,20,Yes,Yes,Fiber optic,Yes,No,Yes,Yes,Yes,No,Month-to-month,Yes,Mailed check,96.39,2013.22,No
1319-QCOEX,Female,0,No,No,35,Yes,No,DSL,No,No,No,No,No,Yes,Two year,Yes,Electronic check,62.41,2076.45,No
3042-DEQPS,Female,1,No,No,1,Yes,Yes,Fiber optic,Yes,Yes,Yes,No,Yes,Yes,Month-to-month,Yes,Credit card (automatic),106.66,64.7,Yes
0914-VBKDL,Female,0,No,Yes,6,Yes,No,Fiber optic,No,No,Yes,No,Yes,Yes,Month-to-month,Yes,Electronic check,91.07,519.74,Yes
3475-NLHBQ,Male,0,Yes,No,0,Yes,No,No,No internet service,No internet service,No internet service,No internet service,No internet service,No internet service,Month-to-month,Yes,Mailed check,27.24,,No
0555-KXFEC,Male,0,No,No,71,Yes,Yes,Fiber optic,Yes,No,Yes,No,No,Yes,Two year,Yes,Bank transfer (automatic),96.42,6360.8,No
4735-ITLYX,Male,0,Yes,Yes,2,Yes,Yes,No,No internet service,No internet service,No internet service,No internet service,No internet service,No internet service,Month-to-month,Yes,Bank transfer (automatic),31.56,37.2,No
3178-XNACP,Male,0,Yes,Yes,48,Yes,Yes,Fiber optic,No,No,Yes,Yes,Yes,Yes,Two year,No,Mailed check,106.02,4824.7,No
3904-JLPBZ,Female,0,Yes,No,10,Yes,No,Fiber optic,No,No,No,No,No,No,Month-to-month,Yes,Mailed check,72.91,731.76,No
3730-UKSYX,Female,0,Yes,Yes,17,No,No phone service,Fiber optic,No,No,No,No,Yes,Yes,Two year,Yes,Bank transfer (automatic),82.36,1283.2,No
3709-CLDLN,Female,1,Yes,No,32,Yes,Yes,No,No internet service,No internet service,No internet service,No internet service,No internet service,No internet service,Two year,Yes,Electronic check,35.19,1093.59,No
0171-LQNXM,Female,0,Yes,Yes,22,Yes,Yes,Fiber optic,No,No,No,No,No,No,One year,Yes,Credit card (automatic),73.61,1551.6,No
3838-HEUWQ,Male,0,No,Yes,14,Yes,Yes,DSL,No,Yes,Yes,Yes,Yes,Yes,One year,No,Bank transfer (automatic),92.34,1332.92,No
3315-TCSHC,Male,1,No,No,35,No,No phone service,No,No internet service,No internet service,No internet service,No internet service,No internet service,No internet service,Month-to-month,Yes,Mailed check,19.9,709.36,No
2041-RELSN,Male,1,No,Yes,39,Yes,Yes,Fiber optic,Yes,No,No,No,No,Yes,One year,Yes,Electronic check,90.08,3314.99,Yes
5156-WEGDD,Male,0,No,No,37,No,No phone service,DSL,Yes,No,Yes,Yes,No,No,One year,No,Bank transfer (automatic),63.61,2331.34,No
2110-ZKAGI,Male,0,Yes,Yes,0,Yes,Yes,DSL,Yes,No,Yes,No,Yes,Yes,Month-to-month,Yes,Credit card (automatic),86.73,,No
1777-KWPST,Male,0,Yes,No,22,Yes,Yes,DSL,No,Yes,Yes,Yes,Yes,No,Month-to-month,Yes,Electronic check,84.62,1814.18,Yes
2289-HITDG,Female,0,No,Yes,69,Yes,No,Fiber optic,No,No,Yes,No,Yes,No,Two year,Yes,Electronic check,83.04,5261.02,No
0820-OGLVY,Male,0,Yes,No,43,Yes,Yes,Fiber optic,No,No,Yes,Yes,No,Yes,Two year,No,Bank transfer (automatic),98.12,3906.65,Yes
2131-RKCJL,Female,0,No,No,45,Yes,Yes,Fiber optic,No,No,No,Yes,No,No,Two year,No,Bank transfer (automatic),83.25,3546.73,No
4073-RIMOQ,Female,0,No,No,2,Yes,No,DSL,Yes,No,No,No,Yes,Yes,Month-to-month,No,Electronic check,75.8,177.01,Yes
2091-ZPAOG,Male,0,No,No,72,Yes,Yes,DSL,No,No,No,Yes,No,Yes,Month-to-month,Yes,Credit card (automatic),68.85,4909.13,No
0926-VUXYR,Male,1,No,No,4,Yes,No,No,No internet service,No internet service,No internet service,No internet service,No internet service,No internet service,Month-to-month,Yes,Bank transfer (automatic),28.18,84.58,No
0172-KOKET,Male,0,Yes,No,0,Yes,No,Fiber optic,No,Yes,No,No,Yes,Yes,Month-to-month,Yes,Electronic check,94.84,,Yes
5031-HQMOI,Male,0,No,No,6,Yes,Yes,No,No internet service,No internet service,No internet service,No internet service,No internet service,No internet service,Month-to-month,No,Mailed check,27.51,163.65,No
4329-TNCBT,Male,0,No,Yes,20,Yes,Yes,DSL,No,Yes,Yes,Yes,Yes,Yes,Two year,Yes,Bank transfer (automatic),92.54,1696.82,No
3722-UCIQG,Male,0,No,No,21,Yes,No,DSL,No,No,Yes,Yes,Yes,Yes,Month-to-month,No,Credit card (automatic),83.08,1618.98,No
0550-AWGEM,Male,1,No,Yes,42,Yes,No,Fiber optic,No,Yes,No,No,No,No,One year,No,Electronic check,74.72,3046.72,Yes
4908-BBIUG,Female,0,No,No,7,Yes,Yes,DSL,Yes,No,Yes,Yes,No,Yes,Month-to-month,Yes,Bank transfer (automatic),76.67,556.0,No
1876-AEKVB,Male,1,No,No,32,Yes,No,No,No internet service,No internet service,No internet service,No internet service,No internet service,No internet service,One year,Yes,Credit card (automatic),21.24,652.78,No
0261-DWUHU,Male,0,No,Yes,52,Yes,Yes,Fiber optic,No,No,No,Yes,No,Yes,Month-to-month,Yes,Bank transfer (automatic),84.53,4443.23,No
4210-MRRXP,Female,1,No,Yes,26,Yes,Yes,No,No internet service,No internet service,No internet service,No internet service,No internet service,No internet service,Month-to-month,Yes,Electronic check,30.0,836.98,No
0019-WTJAJ,Female,0,Yes,Yes,6,Yes,Yes,DSL,No,No,Yes,No,No,Yes,Month-to-month,Yes,Mailed check,69.6,478.56,No
5045-RTFMV,Male,1,No,No,14,Yes,No,DSL,No,No,Yes,Yes,No,Yes,Month-to-month,No,Credit card (automatic),71.64,950.26,Yes
0854-JZEMH,Female,1,Yes,Yes,8,Yes,No,No,No internet service,No internet service,No internet service,No internet service,No internet service,No internet service,Month-to-month,Yes,Bank transfer (automatic),22.51,177.49,No
3310-ICPZB,Female,0,No,No,30,Yes,Yes,DSL,Yes,No,No,No,Yes,No,Month-to-month,Yes,Mailed check,71.96,2204.24,No
1948-GLVKV,Male,0,No,No,64,Yes,Yes,DSL,No,Yes,No,No,No,Yes,Two year,Yes,Bank transfer (automatic),73.45,4398.56,No
1344-LWGCP,Female,0,Yes,No,55,Yes,No,Fiber optic,No,No,No,No,No,Yes,One year,No,Electronic check,82.96,4379.29,No
4890-KGVKU,Male,0,Yes,Yes,48,Yes,No,Fiber optic,Yes,No,No,Yes,Yes,No,Two year,Yes,Mailed check,89.67,4025.15,No
0253-UHCUM,Male,0,Yes,No,21,Yes,Yes,DSL,No,No,No,Yes,No,No,One year,Yes,Credit card (automatic),64.22,1354.83,No
4180-MIVQC,Male,0,Yes,No,0,Yes,Yes,No,No internet service,No internet service,No internet service,No internet service,No internet service,No internet service,Month-to-month,Yes,Mailed check,35.61,,Yes
0669-PJAFT,Female,1,Yes,No,42,Yes,No,DSL,No,No,Yes,Yes,No,No,Month-to-month,No,Bank transfer (automatic),62.37,2573.38,No
1343-EFBVB,Male,0,No,Yes,64,Yes,Yes,DSL,Yes,No,Yes,Yes,No,No,Two year,Yes,Mailed check,73.88,4326.87,No
0178-LUNTW,Female,0,No,No,16,Yes,No,No,No internet service,No internet service,No internet service,No internet service,No internet service,No internet service,Month-to-month,No,Credit card (automatic),27.47,462.39,No
4671-XRZUI,Male,0,No,Yes,7,Yes,No,DSL,Yes,Yes,No,No,No,Yes,Month-to-month,Yes,Credit card (automatic),70.05,444.72,Yes
0692-XDDSV,Male,0,Yes,Yes,9,Yes,No,Fiber optic,No,Yes,No,No,No,Yes,Month-to-month,Yes,Electronic check,81.59,798.7,Yes
2776-PDMDL,Female,0,Yes,Yes,14,Yes,Yes,DSL,No,No,Yes,No,No,No,Two year,Yes,Electronic check,65.68,883.51,No
3109-DOEKO,Male,0,Yes,No,13,Yes,Yes,Fiber optic,No,Yes,No,Yes,Yes,No,Month-to-month,Yes,Mailed check,96.84,1299.59,No
2775-ADZMH,Male,0,No,No,60,No,No phone service,Fiber optic,No,Yes,No,No,No,Yes,Two year,Yes,Mailed check,82.21,4606.72,No
4209-ZXUYB,Female,0,Yes,No,23,Yes,Yes,Fiber optic,No,No,No,No,No,No,One year,No,Mailed check,79.47,1660.18,No
3765-LGKZH,Male,0,Yes,Yes,14,Yes,No,DSL,No,No,No,No,No,No,Two year,No,Mailed check,51.45,600.2,No
0786-GAURY,Female,0,No,No,44,Yes,No,DSL,No,No,No,No,No,No,Month-to-month,No,Electronic check,48.97,2187.76,Yes
2554-MQIRP,Female,0,No,Yes,37,Yes,Yes,No,No internet service,No internet service,No internet service,No internet service,No internet service,No internet service,One year,Yes,Mailed check,29.35,1023.32,No
0971-ZKHPO,Female,0,No,No,21,Yes,Yes,DSL,No,No,Yes,No,Yes,Yes,Two year,No,Electronic check,82.51,1572.44,No
2948-RUAEL,Male,0,No,No,8,Yes,No,DSL,Yes,Yes,Yes,Yes,Yes,No,Month-to-month,Yes,Electronic check,80.84,618.36,Yes
3804-WJYEF,Male,0,No,No,41,Yes,No,Fiber optic,Yes,No,Yes,No,No,No,Month-to-month,Yes,Credit card (automatic),81.07,3329.57,Yes
0776-BNCQV,Male,0,Yes,No,2,Yes,No,Fiber optic,No,No,Yes,No,Yes,No,Month-to-month,Yes,Credit card (automatic),84.97,50.98,Yes
3670-CFUHH,Male,0,Yes,Yes,38,No,No phone service,No,No internet service,No internet service,No internet service,No internet service,No internet service,No internet service,Two year,Yes,Mailed check,18.0,643.3,No
2350-HAFJO,Male,0,Yes,No,22,No,No phone service,DSL,Yes,No,No,No,No,Yes,One year,No,Electronic check,60.32,1280.62,No
4088-VMMXC,Female,0,No,Yes,51,Yes,No,Fiber optic,No,No,Yes,No,No,No,Two year,Yes,Bank transfer (automatic),77.55,3726.24,No
4160-CCHHN,Female,0,Yes,Yes,25,Yes,No,Fiber optic,No,No,Yes,Yes,Yes,No,Month-to-month,Yes,Mailed check,87.25,2191.68,Yes
1717-OYCDM,Male,0,No,No,40,Yes,No,Fiber optic,No,No,No,No,Yes,No,Two year,No,Electronic check,76.96,2877.19,No
4820-HAKUY,Female,0,No,No,38,Yes,Yes,DSL,Yes,No,No,No,No,Yes,One year,Yes,Mailed check,73.68,2620.47,No
2825-JLTDX,Female,0,No,No,42,Yes,Yes,No,No internet service,No internet service,No internet service,No internet service,No internet service,No internet service,Two year,Yes,Credit card (automatic),35.32,1308.89,No
0993-MFCCS,Female,0,Yes,No,12,No,No phone service,No,No internet service,No internet service,No internet service,No internet service,No internet service,No internet service,Month-to-month,No,Bank transfer (automatic),21.49,262.87,No
2431-PTMZV,Female,0,No,Yes,1,Yes,No,DSL,No,Yes,No,Yes,Yes,Yes,Month-to-month,Yes,Electronic check,76.84,127.65,No
2412-ITHNG,Female,0,Yes,Yes,7,Yes,Yes,Fiber optic,No,No,No,No,No,Yes,Month-to-month,Yes,Credit card (automatic),82.7,557.71,Yes
3097-XJVZS,Female,0,Yes,No,52,Yes,No,DSL,Yes,No,No,Yes,Yes,Yes,One year,No,Mailed check,83.82,4281.61,No
1686-GWCNR,Female,0,Yes,No,60,No,No phone service,Fiber optic,No,No,No,No,Yes,No,Two year,Yes,Electronic check,73.19,4042.18,No
0800-ZILUD,Male,0,No,No,39,Yes,No,DSL,Yes,No,No,No,Yes,No,Two year,Yes,Mailed check,65.55,2293.99,No
2794-NOJLT,Female,0,Yes,Yes,14,Yes,No,Fiber optic,No,Yes,Yes,No,Yes,No,Month-to-month,No,Mailed check,87.69,1234.33,Yes
1137-GJAMG,Male,0,No,Yes,14,Yes,Yes,No,No internet service,No internet service,No internet service,No internet service,No internet service,No internet service,Month-to-month,Yes,Bank transfer (automatic),32.63,451.31,No
5251-ACIZV,Male,0,Yes,No,71,Yes,No,No,No internet service,No internet service,No internet service,No internet service,No internet service,No internet service,Two year,No,Credit card (automatic),28.48,1884.01,No
4009-HJHPV,Female,0,Yes,Yes,4,Yes,Yes,Fiber optic,Yes,No,No,Yes,No,No,Month-to-month,Yes,Electronic check,89.12,390.62,Yes
1757-DDMMY,Male,1,Yes,Yes,26,Yes,Yes,DSL,Yes,Yes,Yes,Yes,No,No,Two year,No,Electronic check,77.36,1903.03,No
1942-ZKLNE,Female,1,Yes,No,26,Yes,No,Fiber optic,Yes,No,No,No,No,No,Month-to-month,No,Mailed check,76.55,1916.95,Yes
4878-KFFEO,Male,1,Yes,No,53,Yes,Yes,DSL,No,Yes,No,No,No,No,Two year,Yes,Electronic check,61.15,2994.53,No
3502-IJDCS,Female,0,No,Yes,17,Yes,Yes,No,No internet service,No internet service,No internet service,No internet service,No internet service,No internet service,One year,No,Bank transfer (automatic),33.9,598.94,No
4081-IMYOX,Female,0,Yes,No,6,Yes,No,DSL,No,Yes,Yes,No,Yes,Yes,Month-to-month,Yes,Electronic check,79.62,526.86,No
1412-NQMSM,Female,0,No,No,11,Yes,Yes,No,No internet service,No internet service,No internet service,No internet service,No internet service,No internet service,Month-to-month,Yes,Credit card (automatic),28.74,323.83,Yes
1769-WXOTM,Male,0,Yes,Yes,55,Yes,Yes,DSL,No,No,Yes,No,Yes,Yes,Two year,Yes,Electronic check,85.77,4294.02,No
0759-WZSTU,Female,0,No,No,16,Yes,Yes,Fiber optic,No,No,Yes,No,Yes,Yes,Month-to-month,No,Electronic check,104.08,1618.58,Yes
2406-GFURV,Female,0,Yes,No,0,Yes,Yes,DSL,No,No,No,No,No,No,Month-to-month,No,Credit card (automatic),58.97,,Yes
1929-AQNOR,Female,0,No,No,31,No,No phone service,DSL,Yes,Yes,Yes,No,Yes,No,Two year,No,Mailed check,65.58,1918.21,No
1594-NGUFV,Male,0,No,No,72,Yes,No,DSL,No,No,Yes,No,No,Yes,One year,Yes,Electronic check,68.04,4741.0,No
1031-CMZMH,Male,0,No,No,33,Yes,No,Fiber optic,No,No,Yes,Yes,No,No,One year,No,Mailed check,74.97,2339.3,Yes
4781-XMVEI,Male,0,Yes,No,27,Yes,Yes,Fiber optic,No,No,Yes,Yes,No,No,Two year,No,Credit card (automatic),83.88,1974.25,No
0615-YXFKE,Female,0,No,Yes,1,Yes,No,Fiber optic,Yes,No,Yes,No,No,Yes,Month-to-month,Yes,Bank transfer (automatic),91.73,220.6,Yes
3619-LIFVR,Female,0,No,No,12,Yes,Yes,Fiber optic,No,No,No,Yes,No,No,Month-to-month,Yes,Mailed check,81.82,928.33,Yes
2077-PXZXC,Male,0,No,Yes,61,Yes,No,Fiber optic,Yes,No,No,No,No,No,One year,Yes,Electronic check,75.82,4492.52,No
0055-SDSLA,Male,0,Yes,No,68,Yes,Yes,Fiber optic,Yes,No,Yes,Yes,No,No,Two year,No,Credit card (automatic),89.79,5716.65,No
4616-VCYKB,Male,0,Yes,No,1,Yes,No,Fiber optic,No,Yes,No,No,Yes,No,Month-to-month,Yes,Mailed check,84.37,158.89,Yes
4836-EMCQB,Female,0,No,No,13,Yes,No,Fiber optic,Yes,Yes,Yes,Yes,No,No,Month-to-month,Yes,Credit card (automatic),89.87,1235.52,No
1557-WAPLJ,Female,1,Yes,Yes,34,Yes,Yes,No,No internet service,No internet service,No internet service,No internet service,No internet service,No internet service,Month-to-month,Yes,Mailed check,36.65,1235.0,No
1692-DQARA,Female,0,No,No,41,Yes,No,No,No internet service,No internet service,No internet service,No internet service,No internet service,No internet service,Month-to-month,No,Credit card (automatic),27.57,1161.2,No
0920-JBBQC,Male,0,Yes,No,10,Yes,Yes,DSL,Yes,Yes,Yes,No,Yes,Yes,One year,Yes,Mailed check,89.14,817.51,No
1061-GDXHJ,Female,0,No,Yes,48,Yes,No,Fiber optic,No,No,No,Yes,Yes,No,Two year,Yes,Electronic check,87.42,4002.87,No
4644-KVIHE,Female,0,Yes,Yes,3,Yes,No,Fiber optic,No,No,No,No,No,Yes,Month-to-month,Yes,Bank transfer (automatic),79.79,261.86,No
1527-SLKEQ,Female,0,Yes,Yes,47,Yes,No,No,No internet service,No internet service,No internet service,No internet service,No internet service,No internet service,Two year,No,Electronic check,28.59,1247.11,No
3583-RUQTG,Female,0,Yes,No,29,Yes,Yes,DSL,Yes,No,No,No,No,Yes,One year,Yes,Mailed check,73.75,2182.42,No
4234-RWRLE,Female,0,Yes,No,36,Yes,Yes,Fiber optic,Yes,No,Yes,No,No,No,Two year,Yes,Credit card (automatic),88.94,2918.06,No
0587-NKFQP,Female,0,No,Yes,16,No,No phone service,No,No internet service,No internet service,No internet service,No internet service,No internet service,No internet service,Month-to-month,Yes,Electronic check,18.56,318.53,No
2010-CMPXD,Male,1,No,No,43,Yes,No,DSL,Yes,No,No,Yes,Yes,Yes,Month-to-month,Yes,Mailed check,74.83,3270.96,No
3191-CSSOF,Male,0,No,No,22,Yes,No,Fiber optic,Yes,No,Yes,Yes,Yes,No,Month-to-month,Yes,Electronic check,95.43,2174.63,No
3017-NWUFD,Male,1,Yes,Yes,3,Yes,Yes,DSL,No,No,No,Yes,Yes,No,Month-to-month,No,Electronic check,68.71,237.95,No
1659-XDIYM,Female,0,Yes,No,10,Yes,No,Fiber optic,Yes,Yes,Yes,No,Yes,No,Month-to-month,No,Credit card (automatic),98.11,852.94,No
3792-TDKND,Male,0,Yes,Yes,10,Yes,Yes,DSL,No,No,No,No,No,No,Month-to-month,No,Mailed check,55.79,486.54,Yes
5073-OWNBG,Male,0,Yes,Yes,32,Yes,No,DSL,No,No,No,No,Yes,No,Two year,Yes,Credit card (automatic),63.68,1901.58,No
0308-ZQHAW,Male,0,No,No,26,Yes,Yes,Fiber optic,Yes,Yes,Yes,Yes,No,No,Month-to-month,No,Bank transfer (automatic),96.35,2559.88,No
1517-LWGEX,Female,1,No,No,55,Yes,No,No,No internet service,No internet service,No internet service,No internet service,No internet service,No internet service,Month-to-month,Yes,Mailed check,21.85,1212.82,No
4851-LVRSO,Female,1,Yes,Yes,64,No,No phone service,Fiber optic,No,No,Yes,No,Yes,No,Month-to-month,No,Bank transfer (automatic),76.9,4964.11,No
3522-KPLKA,Female,0,Yes,No,11,Yes,Yes,DSL,Yes,No,Yes,Yes,No,Yes,Month-to-month,Yes,Credit card (automatic),84.63,938.38,No
4513-KNJSN,Male,1,Yes,No,0,Yes,No,No,No internet service,No internet service,No internet service,No internet service,No internet service,No internet service,Month-to-month,Yes,Electronic check,26.68,,Yes
5131-DUEMS,Female,0,Yes,Yes,54,Yes,No,DSL,No,No,Yes,No,No,Yes,Two year,Yes,Credit card (automatic),64.87,3165.71,No
1885-ZUNUH,Female,0,No,Yes,4,Yes,No,No,No internet service,No internet service,No internet service,No internet service,No internet service,No internet service,Month-to-month,Yes,Electronic check,24.22,88.21,No
5084-WHXIL,Female,0,No,Yes,7,Yes,No,DSL,No,Yes,Yes,No,Yes,Yes,Month-to-month,Yes,Electronic check,76.35,494.03,No
0583-AQFJU,Male,0,Yes,No,48,Yes,Yes,Fiber optic,No,Yes,Yes,No,No,Yes,One year,Yes,Credit card (automatic),98.64,4685.25,Yes
4062-DFSFC,Female,0,No,No,26,Yes,Yes,Fiber optic,Yes,Yes,Yes,No,No,Yes,One year,Yes,Credit card (automatic),105.83,2599.19,Yes
4827-MJAHM,Female,0,No,No,18,Yes,No,No,No internet service,No internet service,No internet service,No internet service,No internet service,No internet service,One year,No,Electronic check,26.99,483.77,No
0129-GVTER,Female,0,Yes,No,24,Yes,No,DSL,No,No,No,No,No,No,Month-to-month,No,Credit card (automatic),52.57,1269.67,Yes
0050-CQBSZ,Male,1,No,Yes,66,Yes,Yes,Fiber optic,No,No,Yes,No,No,Yes,Two year,No,Mailed check,94.67,5789.09,No
0661-YYUJM,Male,0,Yes,No,44,Yes,Yes,Fiber optic,No,Yes,Yes,No,No,No,Two year,Yes,Bank transfer (automatic),87.04,3511.14,No
1456-ECMMA,Female,0,Yes,No,53,No,No phone service,No,No internet service,No internet service,No internet service,No internet service,No internet service,No internet service,Month-to-month,Yes,Mailed check,20.02,1035.77,No
1663-XAYNJ,Female,0,No,Yes,44,Yes,Yes,Fiber optic,No,No,No,No,Yes,Yes,Two year,No,Mailed check,93.51,3930.54,No
4971-LGCOI,Female,0,Yes,No,60,Yes,No,Fiber optic,Yes,Yes,No,No,No,No,Two year,Yes,Electronic check,86.96,4879.1,Yes
1249-GCUBH,Female,0,Yes,No,28,Yes,Yes,Fiber optic,No,No,Yes,No,Yes,Yes,Two year,Yes,Electronic check,99.21,2599.12,No
3573-VLICG,Male,0,Yes,No,0,Yes,No,DSL,No,Yes,No,No,Yes,No,Month-to-month,No,Credit card (automatic),62.16,,No
4106-TBHJD,Female,0,No,No,20,Yes,Yes,No,No internet service,No internet service,No internet service,No internet service,No internet service,No internet service,Two year,Yes,Bank transfer (automatic),29.94,540.96,Yes
3440-MKLGX,Female,0,No,No,43,Yes,No,DSL,Yes,Yes,No,No,No,No,Month-to-month,No,Electronic check,62.09,2742.86,Yes
2030-WOULR,Female,0,Yes,No,62,Yes,No,No,No internet service,No internet service,No internet service,No internet service,No internet service,No internet service,Two year,No,Mailed check,22.6,1309.56,No
4465-YYARK,Female,0,Yes,No,70,Yes,No,Fiber optic,No,No,Yes,No,Yes,Yes,Two year,Yes,Electronic check,96.18,6286.42,No
0801-EEJTN,Male,1,No,No,17,Yes,Yes,No,No internet service,No internet service,No internet service,No internet service,No internet service,No internet service,Month-to-month,No,Bank transfer (automatic),31.43,563.54,Yes
1912-CGQNA,Male,0,Yes,No,64,Yes,No,Fiber optic,Yes,Yes,No,No,No,No,Month-to-month,Yes,Mailed check,81.7,5292.42,No
0746-OFGQS,Male,0,No,Yes,42,Yes,Yes,DSL,Yes,No,No,No,Yes,Yes,Month-to-month,No,Electronic check,78.43,3266.58,No
1378-EQCZP,Female,0,Yes,No,52,Yes,Yes,DSL,No,Yes,No,No,No,Yes,Two year,Yes,Electronic check,69.61,3490.78,No
2774-DQBNA,Female,0,No,No,1,No,No phone service,No,No internet service,No internet service,No internet service,No internet service,No internet service,No internet service,Month-to-month,Yes,Credit card (automatic),18.0,16.65,No
2572-HHFGX,Male,0,Yes,No,55,Yes,No,Fiber optic,Yes,Yes,No,No,No,No,One year,Yes,Electronic check,76.63,4156.87,No
0566-ZAYIR,Male,1,No,No,40,Yes,Yes,Fiber optic,Yes,No,Yes,No,Yes,Yes,One year,No,Credit card (automatic),107.92,4098.5,No
3558-LTPDT,Male,1,Yes,Yes,3,Yes,No,DSL,Yes,Yes,No,No,No,Yes,Month-to-month,No,Electronic check,63.95,146.37,Yes
5295-AFIUW,Male,1,No,No,60,No,No phone service,No,No internet service,No internet service,No internet service,No internet service,No internet service,No internet service,Two year,Yes,Electronic check,18.0,989.99,No
2264-AOWFS,Male,1,No,No,56,Yes,Yes,Fiber optic,No,Yes,No,Yes,No,Yes,One year,Yes,Credit card (automatic),97.5,5176.07,Yes
4302-KFKBI,Female,0,Yes,Yes,70,Yes,Yes,Fiber optic,No,No,No,No,Yes,Yes,Two year,No,Bank transfer (automatic),95.52,6201.47,No
0768-TEZDT,Male,0,No,No,0,Yes,Yes,DSL,No,Yes,Yes,No,Yes,Yes,Month-to-month,Yes,Mailed check,79.09,,Yes
4769-QLOII,Male,0,Yes,No,10,Yes,Yes,No,No internet service,No internet service,No internet service,No internet service,No internet service,No internet service,Month-to-month,Yes,Mailed check,30.47,322.01,No
0946-JFFSJ,Female,0,Yes,No,4,Yes,No,No,No internet service,No internet service,No internet service,No internet service,No internet service,No internet service,Month-to-month,Yes,Electronic check,25.82,98.33,Yes
2425-LQHIM,Female,0,Yes,No,4,No,No phone service,DSL,Yes,No,Yes,No,Yes,Yes,Month-to-month,Yes,Credit card (automatic),71.65,306.16,No
0277-MUDPB,Male,1,Yes,No,24,Yes,Yes,Fiber optic,No,No,Yes,No,No,Yes,Month-to-month,Yes,Bank transfer (automatic),93.18,2247.09,Yes
0695-ACPGE,Female,0,Yes,No,11,Yes,No,No,No internet service,No internet service,No internet service,No internet service,No internet service,No internet service,Month-to-month,No,Credit card (automatic),22.67,256.14,No
4114-AXYVI,Male,0,No,Yes,18,Yes,Yes,Fiber optic,No,No,No,No,Yes,No,Month-to-month,No,Credit card (automatic),82.89,1505.3,Yes
2106-NSFDF,Male,1,Yes,No,23,Yes,No,Fiber optic,No,No,Yes,Yes,No,Yes,Two year,Yes,Credit card (automatic),87.49,1886.85,No
0859-HLJJY,Male,0,No,No,14,Yes,No,No,No internet service,No internet service,No internet service,No internet service,No internet service,No internet service,Month-to-month,Yes,Electronic check,26.25,346.66,No
2914-BOARM,Male,0,No,No,53,Yes,Yes,Fiber optic,No,No,Yes,Yes,Yes,Yes,Two year,No,Electronic check,100.12,4851.99,No
0371-IAMVK,Male,1,No,Yes,2,Yes,No,DSL,Yes,Yes,No,No,Yes,Yes,Month-to-month,Yes,Credit card (automatic),74.52,220.68,Yes
4684-FAOBA,Female,0,No,No,33,Yes,No,DSL,No,No,Yes,No,No,No,Two year,Yes,Electronic check,55.21,1708.18,No
4334-JAKHZ,Male,0,No,No,47,Yes,No,No,No internet service,No internet service,No internet service,No internet service,No internet service,No internet service,Two year,Yes,Electronic check,24.26,1040.05,No
4162-OZOCW,Male,0,Yes,Yes,61,Yes,No,Fiber optic,No,No,Yes,Yes,No,No,Two year,Yes,Mailed check,76.3,4280.4,No
4984-STFTZ,Female,0,No,No,17,Yes,No,Fiber optic,No,No,No,No,No,No,Month-to-month,No,Bank transfer (automatic),68.96,1049.14,Yes
2348-CJUFC,Female,0,No,No,57,Yes,No,DSL,No,No,No,No,Yes,Yes,Two year,Yes,Electronic check,66.23,3545.77,No
4309-ANDGC,Male,1,No,No,55,Yes,Yes,Fiber optic,No,Yes,No,Yes,No,No,One year,Yes,Electronic check,88.29,4635.99,No
0430-QCXHM,Female,1,No,Yes,0,Yes,Yes,DSL,No,Yes,Yes,No,Yes,No,Month-to-month,No,Credit card (automatic),76.01,,Yes
0878-ECUMO,Male,0,No,Yes,21,Yes,Yes,Fiber optic,No,Yes,Yes,No,Yes,Yes,Month-to-month,Yes,Bank transfer (automatic),102.3,2320.66,Yes
0250-UBXIH,Female,0,No,No,10,Yes,Yes,No,No internet service,No internet service,No internet service,No internet service,No internet service,No internet service,One year,Yes,Mailed check,34.95,333.95,No
0303-QRMIK,Female,0,No,No,25,No,No phone service,Fiber optic,No,Yes,Yes,No,No,No,Month-to-month,Yes,Electronic check,74.73,1873.03,Yes
0085-OBAEM,Male,1,Yes,Yes,14,Yes,Yes,Fiber optic,No,No,No,Yes,No,No,Month-to-month,No,Credit card (automatic),83.0,1163.77,Yes
4560-JDGJZ,Male,0,No,No,57,No,No phone service,DSL,No,No,No,Yes,No,Yes,One year,No,Bank transfer (automatic),50.89,2863.83,No
2357-XJFQW,Male,0,No,Yes,49,Yes,Yes,DSL,Yes,No,No,No,Yes,Yes,One year,No,Credit card (automatic),83.55,3841.79,No
3403-IKEIZ,Male,0,Yes,No,44,Yes,No,DSL,No,No,No,Yes,Yes,No,Two year,Yes,Credit card (automatic),68.92,2765.51,Yes
3712-GKIDK,Female,0,Yes,No,6,Yes,Yes,Fiber optic,No,Yes,No,No,No,No,Month-to-month,No,Electronic check,82.31,494.38,No
2314-OPQBW,Male,1,Yes,No,72,Yes,Yes,DSL,No,Yes,No,No,Yes,No,Month-to-month,Yes,Bank transfer (automatic),68.9,4950.01,Yes
1211-SILQB,Female,0,No,No,46,Yes,Yes,No,No internet service,No internet service,No internet service,No internet service,No internet service,No internet service,One year,No,Electronic check,27.41,1208.21,Yes
3329-FGPLC,Female,0,Yes,No,50,Yes,No,Fiber optic,No,No,Yes,No,No,Yes,Two year,No,Bank transfer (automatic),83.04,3923.86,No
1385-HZJHI,Male,0,No,No,1,Yes,Yes,DSL,No,Yes,No,Yes,No,Yes,Month-to-month,No,Mailed check,77.15,120.99,Yes
2878-NAMQT,Male,0,No,No,36,Yes,Yes,DSL,Yes,Yes,Yes,No,No,No,One year,Yes,Electronic check,72.96,2529.89,No
1995-BILZC,Female,1,No,No,20,Yes,No,DSL,No,Yes,No,No,Yes,Yes,Two year,Yes,Electronic check,71.65,1397.67,Yes
4766-JSIWC,Male,0,Yes,No,2,No,No phone service,Fiber optic,Yes,Yes,Yes,No,Yes,Yes,Month-to-month,Yes,Bank transfer (automatic),100.62,196.67,Yes
1394-OJTWA,Female,0,Yes,No,0,Yes,No,DSL,No,No,No,Yes,Yes,Yes,Month-to-month,No,Credit card (automatic),71.04,,No
1567-PLVKU,Male,1,Yes,Yes,43,Yes,No,DSL,No,No,No,No,Yes,No,Two year,Yes,Bank transfer (automatic),60.41,2482.43,No
0521-VAADE,Female,0,No,Yes,25,Yes,Yes,DSL,No,No,Yes,Yes,Yes,No,One year,Yes,Mailed check,79.76,1970.48,No
3626-GHRUH,Male,0,Yes,Yes,14,Yes,Yes,DSL,No,Yes,Yes,No,No,No,Month-to-month,No,Mailed check,70.29,960.77,Yes
3643-KNYVA,Female,0,Yes,Yes,10,Yes,Yes,DSL,No,Yes,No,Yes,Yes,Yes,Month-to-month,Yes,Mailed check,80.66,760.65,Yes
4939-GMHZM,Male,0,Yes,No,16,Yes,No,Fiber optic,No,No,No,No,No,No,One year,No,Electronic check,66.31,930.71,Yes
1558-NXRVB,Female,0,No,No,1,Yes,Yes,Fiber optic,No,No,No,No,No,Yes,Month-to-month,No,Credit card (automatic),84.3,199.24,Yes
2499-YPSYB,Male,0,No,Yes,14,Yes,No,No,No internet service,No internet service,No internet service,No internet service,No internet service,No internet service,Month-to-month,Yes,Bank transfer (automatic),23.89,353.82,No
1015-EVCCJ,Female,0,No,No,19,Yes,No,No,No internet service,No internet service,No internet service,No internet service,No internet service,No internet service,Two year,Yes,Electronic check,28.19,489.95,No
0450-CPPHA,Female,0,Yes,Yes,16,Yes,Yes,DSL,Yes,No,No,Yes,No,Yes,Two year,No,Electronic check,81.42,1141.83,No
3257-LTIPH,Male,0,No,No,63,Yes,No,Fiber optic,No,No,Yes,Yes,No,Yes,One year,No,Mailed check,90.34,5463.6,No
3240-WMUKW,Female,0,No,Yes,12,Yes,No,Fiber optic,No,No,No,Yes,Yes,No,Month-to-month,Yes,Bank transfer (automatic),90.14,1030.49,No
2194-CTNLC,Female,0,Yes,Yes,31,Yes,No,Fiber optic,No,Yes,No,No,Yes,No,Month-to-month,No,Electronic check,87.04,2613.39,No
2235-QUUPA,Female,0,No,No,25,No,No phone service,DSL,No,Yes,Yes,No,No,Yes,Two year,Yes,Bank transfer (automatic),58.7,1422.68,No
3482-HYMIK,Female,0,Yes,Yes,32,Yes,Yes,Fiber optic,Yes,No,No,No,Yes,No,Month-to-month,Yes,Bank transfer (automatic),92.08,2960.96,No
3295-SFEAQ,Male,0,No,No,68,Yes,No,Fiber optic,Yes,Yes,No,No,Yes,Yes,One year,Yes,Credit card (automatic),98.42,6453.96,Yes
2095-IAFZX,Female,0,No,No,18,Yes,Yes,No,No internet service,No internet service,No internet service,No internet service,No internet service,No internet service,Month-to-month,Yes,Bank transfer (automatic),33.17,591.68,No
1448-UPKXG,Female,0,Yes,No,11,Yes,Yes,DSL,No,No,Yes,No,Yes,Yes,Month-to-month,Yes,Bank transfer (automatic),83.22,751.13,Yes
5292-RJPLK,Female,0,No,Yes,40,Yes,No,No,No internet service,No internet service,No internet service,No internet service,No internet service,No internet service,Two year,Yes,Electronic check,25.26,948.05,No
0973-CBVUE,Male,0,Yes,Yes,28,No,No phone service,DSL,No,Yes,No,No,Yes,Yes,One year,Yes,Mailed check,63.49,1730.12,No
5258-KEECV,Male,0,No,No,6,Yes,No,No,No internet service,No internet service,No internet service,No internet service,No internet service,No internet service,Month-to-month,Yes,Credit card (automatic),27.65,133.35,Yes
4965-NWHJI,Female,0,No,No,61,Yes,Yes,No,No internet service,No internet service,No internet service,No internet service,No internet service,No internet service,One year,Yes,Electronic check,28.65,1729.05,Yes
1722-EPBBG,Male,0,Yes,No,7,Yes,Yes,DSL,Yes,No,Yes,No,No,No,Month-to-month,No,Bank transfer (automatic),72.18,437.84,Yes
0020-EGILI,Female,0,No,No,34,Yes,No,Fiber optic,No,No,No,No,No,No,One year,Yes,Credit card (automatic),66.79,2159.72,No
2021-IQXTI,Female,0,No,Yes,56,Yes,No,Fiber optic,No,Yes,No,Yes,No,No,Two year,No,Credit card (automatic),82.06,4264.18,No
3141-VAGVX,Female,0,Yes,Yes,10,Yes,No,DSL,No,Yes,No,No,No,No,One year,Yes,Credit card (automatic),54.46,485.77,No
0585-TLWYY,Female,1,No,No,9,Yes,Yes,No,No internet service,No internet service,No internet service,No internet service,No internet service,No internet service,Month-to-month,Yes,Credit card (automatic),30.29,271.46,Yes
1730-VPIRU,Male,0,Yes,Yes,8,Yes,Yes,Fiber optic,No,Yes,No,Yes,No,Yes,Month-to-month,Yes,Bank transfer (automatic),96.9,671.43,Yes
2298-QEWQU,Female,0,No,No,37,Yes,Yes,DSL,No,Yes,No,No,No,Yes,Month-to-month,Yes,Electronic check,73.93,2587.67,No
2283-GLTXW,Female,0,Yes,Yes,53,No,No phone service,DSL,No,No,Yes,No,Yes,Yes,One year,Yes,Bank transfer (automatic),63.19,3289.53,No
3333-ZSBNR,Male,0,No,Yes,22,Yes,No,No,No internet service,No internet service,No internet service,No internet service,No internet service,No internet service,Month-to-month,Yes,Bank transfer (automatic),25.2,582.38,Yes
2545-AQDMB,Male,0,Yes,Yes,60,Yes,Yes,DSL,No,Yes,No,Yes,No,Yes,Two year,No,Electronic check,74.87,4197.85,No
0003-WIRKX,Female,0,Yes,No,15,Yes,No,DSL,No,No,No,No,No,No,One year,No,Electronic check,53.06,779.43,No
2901-WTRLI,Male,0,Yes,No,58,Yes,Yes,Fiber optic,No,No,Yes,No,Yes,Yes,Two year,Yes,Electronic check,101.4,5291.63,No
0054-VWHTH,Male,0,No,No,6,Yes,No,No,No internet service,No internet service,No internet service,No internet service,No internet service,No internet service,Month-to-month,No,Electronic check,25.5,182.21,Yes
1138-WTTIX,Female,0,Yes,No,8,Yes,No,Fiber optic,Yes,No,No,Yes,Yes,No,Month-to-month,No,Credit card (automatic),88.02,676.01,No
0796-WQOXI,Female,0,Yes,No,30,Yes,No,Fiber optic,No,No,Yes,Yes,No,Yes,Month-to-month,Yes,Electronic check,88.27,2678.2,Yes
2064-GOQHY,Female,0,Yes,No,64,No,No phone service,DSL,No,Yes,No,Yes,Yes,Yes,Two year,No,Credit card (automatic),73.12,4295.02,No
0399-TYDAU,Male,0,Yes,No,11,Yes,Yes,DSL,No,No,No,No,No,Yes,Month-to-month,Yes,Mailed check,67.49,710.46,Yes
0185-LROCK,Female,0,Yes,No,27,Yes,Yes,Fiber optic,No,No,No,Yes,Yes,No,Month-to-month,Yes,Credit card (automatic),92.45,2441.69,Yes
0953-OOAFY,Female,0,No,No,39,Yes,Yes,No,No internet service,No internet service,No internet service,No internet service,No internet service,No internet service,Month-to-month,Yes,Electronic check,31.05,1186.12,No
3154-YSNOX,Male,0,No,No,25,Yes,No,DSL,Yes,Yes,Yes,No,Yes,Yes,Month-to-month,Yes,Credit card (automatic),83.27,2085.94,Yes
2232-YFYKV,Male,0,Yes,No,7,Yes,No,Fiber optic,Yes,Yes,No,Yes,Yes,Yes,Month-to-month,Yes,Electronic check,97.39,748.83,Yes
2723-YZOFI,Female,0,Yes,Yes,7,Yes,No,DSL,No,Yes,Yes,No,Yes,No,Month-to-month,No,Credit card (automatic),69.18,444.96,Yes
4382-MEJSD,Female,0,Yes,No,27,Yes,No,Fiber optic,No,No,Yes,Yes,Yes,No,Two year,Yes,Bank transfer (automatic),90.15,2261.18,No
4033-IUGOD,Male,1,Yes,No,18,Yes,Yes,Fiber optic,No,No,No,Yes,No,No,Month-to-month,No,Electronic check,85.17,1463.34,Yes
0332-LNIZR,Male,0,Yes,No,69,Yes,No,Fiber optic,No,Yes,No,No,No,No,One year,Yes,Electronic check,81.07,5470.93,Yes
2388-DHLUV,Male,0,Yes,No,65,Yes,Yes,DSL,No,Yes,No,No,No,Yes,Month-to-month,No,Bank transfer (automatic),76.22,4981.76,No
1265-YHLRT,Female,0,No,No,14,Yes,No,Fiber optic,Yes,No,Yes,No,Yes,No,Two year,No,Credit card (automatic),89.71,1115.04,No
4228-UPTGB,Female,0,Yes,Yes,7,Yes,No,DSL,No,No,Yes,No,Yes,Yes,Month-to-month,No,Bank transfer (automatic),76.57,467.9,Yes
2270-OCKLE,Female,0,Yes,No,45,Yes,No,Fiber optic,Yes,Yes,Yes,Yes,Yes,Yes,Month-to-month,Yes,Credit card (automatic),106.65,4777.92,Yes
3959-LCNMT,Male,0,No,No,35,Yes,Yes,Fiber optic,Yes,Yes,No,Yes,No,Yes,One year,Yes,Electronic check,101.52,3628.02,No
4362-RSISZ,Female,0,No,No,26,Yes,No,Fiber optic,No,No,Yes,Yes,Yes,No,One year,Yes,Electronic check,84.36,2139.23,No
2988-KXOWE,Male,0,No,No,46,Yes,No,No,No internet service,No internet service,No internet service,No internet service,No internet service,No internet service,Two year,Yes,Bank transfer (automatic),22.53,962.97,No
0366-VXFCU,Female,0,No,Yes,36,Yes,Yes,DSL,Yes,Yes,Yes,Yes,No,No,Month-to-month,Yes,Credit card (automatic),78.69,2857.1,Yes
2793-VYSZL,Male,0,Yes,No,8,Yes,No,No,No internet service,No internet service,No internet service,No internet service,No internet service,No internet service,Month-to-month,No,Mailed check,23.42,153.07,No
1606-GBNGL,Male,0,No,Yes,8,Yes,Yes,Fiber optic,No,Yes,No,Yes,Yes,Yes,One year,Yes,Mailed check,111.71,988.99,No
3061-FTABL,Female,0,Yes,Yes,67,Yes,Yes,DSL,No,No,Yes,Yes,Yes,Yes,Two year,No,Electronic check,86.74,5337.37,No
5115-QNLOV,Male,0,No,No,15,Yes,No,No,No internet service,No internet service,No internet service,No internet service,No internet service,No internet service,Month-to-month,Yes,Electronic check,24.69,376.58,No
0590-GYDXT,Female,0,No,Yes,8,Yes,Yes,DSL,No,No,Yes,No,No,Yes,One year,No,Bank transfer (automatic),69.4,533.64,No
4035-HIOOX,Female,0,Yes,Yes,38,Yes,No,DSL,No,No,No,Yes,No,Yes,One year,No,Bank transfer (automatic),66.35,2406.75,No
4695-XUYSG,Male,0,Yes,No,44,Yes,No,No,No internet service,No internet service,No internet service,No internet service,No internet service,No internet service,Two year,No,Electronic check,29.64,1181.5,No
4701-PNVIO,Female,0,Yes,No,28,No,No phone service,No,No internet service,No internet service,No internet service,No internet service,No internet service,No internet service,One year,No,Electronic check,20.47,570.84,No
1080-OMVIJ,Female,0,No,Yes,63,Yes,No,Fiber optic,No,Yes,No,Yes,Yes,No,Two year,Yes,Mailed check,86.93,5201.01,Yes
4397-LUIJK,Female,1,Yes,Yes,59,No,No phone service,DSL,Yes,No,No,Yes,Yes,Yes,Two year,Yes,Credit card (automatic),66.5,3740.26,No
0974-JXGAL,Male,0,No,No,6,Yes,Yes,Fiber optic,Yes,No,Yes,Yes,No,No,Month-to-month,Yes,Electronic check,92.65,606.47,No
2483-EWZSQ,Female,0,Yes,No,26,Yes,No,DSL,No,No,Yes,Yes,Yes,No,Month-to-month,Yes,Bank transfer (automatic),72.67,1910.72,No
4295-YGPNI,Female,1,No,No,36,Yes,No,Fiber optic,No,No,No,No,Yes,Yes,Two year,No,Bank transfer (automatic),87.33,2957.94,No
2262-DCUFT,Female,0,No,Yes,1,Yes,Yes,No,No internet service,No internet service,No internet service,No internet service,No internet service,No internet service,Month-to-month,No,Mailed check,31.17,34.16,Yes
3313-OSKDP,Male,0,Yes,No,12,Yes,Yes,No,No internet service,No internet service,No internet service,No internet service,No internet service,No internet service,Month-to-month,Yes,Electronic check,27.08,301.29,No
4242-WZTLS,Male,0,No,No,56,Yes,No,DSL,No,No,Yes,Yes,No,Yes,One year,Yes,Electronic check,71.82,3943.24,Yes
3821-EKJYV,Female,0,Yes,No,25,Yes,No,Fiber optic,No,No,Yes,No,Yes,No,Two year,Yes,Electronic check,88.18,2130.76,No
0605-RINIZ,Male,0,No,Yes,17,Yes,No,No,No internet service,No internet service,No internet service,No internet service,No internet service,No internet service,Month-to-month,Yes,Credit card (automatic),31.72,511.93,Yes
4043-XBHYW,Female,0,No,No,7,Yes,No,No,No internet service,No internet service,No internet service,No internet service,No internet service,No internet service,Month-to-month,No,Credit card (automatic),25.94,161.54,No
1906-KDKLO,Male,0,No,No,19,Yes,Yes,No,No internet service,No internet service,No internet service,No internet service,No internet service,No internet service,Two year,No,Mailed check,33.52,599.89,No
0700-ICCUI,Female,0,No,Yes,29,Yes,No,DSL,No,No,No,No,Yes,No,One year,Yes,Credit card (automatic),66.06,1809.08,No
2051-JZEKZ,Female,0,No,No,20,Yes,Yes,Fiber optic,Yes,Yes,Yes,No,Yes,No,Month-to-month,No,Bank transfer (automatic),103.04,2044.75,No
2463-DJKUD,Male,0,No,No,60,Yes,No,DSL,Yes,No,No,Yes,Yes,Yes,Two year,Yes,Mailed check,80.93,4404.83,No
4258-AKTPB,Female,0,No,Yes,44,No,No phone service,Fiber optic,No,Yes,No,Yes,Yes,No,Two year,Yes,Electronic check,77.56,3197.02,No
2151-DNNBS,Male,0,No,No,72,Yes,No,Fiber optic,No,No,No,No,Yes,No,Month-to-month,No,Electronic check,82.23,5817.87,Yes
4809-FKJUR,Female,0,Yes,No,43,Yes,Yes,DSL,No,Yes,No,No,Yes,No,Month-to-month,No,Credit card (automatic),69.73,3150.66,No
0568-FIGDU,Male,1,No,Yes,25,Yes,No,DSL,No,No,No,Yes,Yes,Yes,Two year,Yes,Electronic check,72.21,1663.6,No
1774-TDWDJ,Male,1,No,No,9,Yes,No,Fiber optic,Yes,Yes,No,No,Yes,Yes,Month-to-month,No,Bank transfer (automatic),101.91,1109.5,No
2695-DIZGL,Male,0,Yes,Yes,23,Yes,Yes,Fiber optic,Yes,Yes,Yes,No,Yes,No,Month-to-month,Yes,Bank transfer (automatic),99.7,2270.28,No
3312-RXXGH,Female,0,No,No,71,No,No phone service,No,No internet service,No internet service,No internet service,No internet service,No internet service,No internet service,Two year,Yes,Electronic check,18.0,1214.82,No
3306-OCUEA,Male,1,No,No,33,Yes,Yes,DSL,Yes,Yes,No,Yes,Yes,No,Month-to-month,No,Bank transfer (automatic),78.61,2509.19,Yes
1815-PUPIU,Male,0,Yes,No,11,Yes,Yes,No,No internet service,No internet service,No internet service,No internet service,No internet service,No internet service,Month-to-month,No,Electronic check,30.46,300.15,No
4898-YQDDV,Male,1,No,Yes,72,No,No phone service,Fiber optic,No,Yes,No,No,Yes,Yes,Month-to-month,Yes,Electronic check,79.36,5670.08,Yes
1951-JBCJR,Female,0,Yes,No,16,Yes,Yes,DSL,No,Yes,No,No,No,No,Month-to-month,No,Mailed check,67.07,1059.39,Yes
3002-ZGOHN,Female,1,Yes,No,55,No,No phone service,Fiber optic,Yes,Yes,No,No,Yes,No,Two year,Yes,Mailed check,81.08,4149.7,Yes
1310-AKLFU,Female,1,No,Yes,35,Yes,No,No,No internet service,No internet service,No internet service,No internet service,No internet service,No internet service,Two year,No,Mailed check,28.04,876.1,No
3734-BXVPK,Female,0,Yes,No,1,No,No phone service,Fiber optic,Yes,No,No,No,No,Yes,Month-to-month,Yes,Bank transfer (automatic),79.94,47.96,No
3183-FIOVV,Male,0,Yes,Yes,57,Yes,Yes,DSL,Yes,Yes,No,No,Yes,No,Month-to-month,Yes,Electronic check,76.38,4280.29,No
2434-JFRRB,Male,1,Yes,No,39,Yes,No,DSL,No,No,No,No,Yes,Yes,Month-to-month,Yes,Mailed check,71.34,2662.44,No
1803-ZERCB,Male,0,No,No,12,Yes,Yes,Fiber optic,No,Yes,No,Yes,No,No,Two year,No,Credit card (automatic),85.2,863.31,Yes
4462-HDWDY,Male,0,No,No,0,Yes,No,Fiber optic,No,No,Yes,Yes,Yes,Yes,Two year,Yes,Electronic check,94.7,,No
3229-VLEUO,Female,0,No,Yes,27,Yes,No,Fiber optic,No,No,Yes,No,Yes,No,Month-to-month,Yes,Electronic check,80.14,2167.16,Yes
2309-CYTLW,Male,0,No,No,20,Yes,No,No,No internet service,No internet service,No internet service,No internet service,No internet service,No internet service,Two year,No,Mailed check,28.79,559.99,No
1335-OCGZN,Female,0,No,No,52,Yes,No,No,No internet service,No internet service,No internet service,No internet service,No internet service,No internet service,Two year,No,Mailed check,32.79,1582.55,No
1804-TLYRF,Female,1,No,Yes,27,Yes,Yes,No,No internet service,No internet service,No internet service,No internet service,No internet service,No internet service,Month-to-month,Yes,Mailed check,34.21,920.59,Yes
3284-JIEYI,Male,0,Yes,Yes,69,Yes,No,No,No internet service,No internet service,No internet service,No internet service,No internet service,No internet service,Two year,Yes,Bank transfer (automatic),26.14,1687.41,No
0101-FRDQE,Male,0,Yes,No,43,Yes,Yes,Fiber optic,No,No,Yes,No,Yes,Yes,Two year,No,Mailed check,104.71,4303.75,No
1882-WMEOO,Female,0,No,No,56,Yes,Yes,DSL,No,No,No,No,No,Yes,One year,No,Credit card (automatic),67.3,3718.56,Yes
2340-RSSGK,Female,0,No,No,29,Yes,No,Fiber optic,No,No,No,No,No,Yes,One year,No,Mailed check,79.71,2247.12,Yes
1892-FQSNW,Male,0,No,Yes,37,Yes,No,No,No internet service,No internet service,No internet service,No internet service,No internet service,No internet service,Month-to-month,No,Mailed check,28.78,1070.4,No
1524-GRLZE,Male,0,No,No,4,Yes,Yes,DSL,No,Yes,Yes,Yes,Yes,No,Month-to-month,Yes,Electronic check,81.36,404.86,No
4316-TWAEV,Female,0,Yes,No,72,Yes,Yes,Fiber optic,No,No,Yes,No,No,No,Month-to-month,Yes,Electronic check,88.6,6401.07,Yes
2621-TKCHK,Female,0,Yes,No,10,Yes,Yes,Fiber optic,No,No,No,No,Yes,No,Month-to-month,Yes,Credit card (automatic),80.14,858.51,Yes
0721-ITKKY,Female,0,Yes,Yes,19,Yes,No,Fiber optic,No,No,No,No,Yes,Yes,Two year,Yes,Mailed check,91.45,1583.36,No
4977-HUBFA,Female,0,Yes,No,17,Yes,No,DSL,Yes,No,Yes,Yes,Yes,No,Two year,No,Credit card (automatic),70.86,1160.34,No
2692-FYEVB,Female,0,No,Yes,54,Yes,No,Fiber optic,Yes,Yes,No,Yes,Yes,No,Two year,Yes,Electronic check,96.47,4904.89,No
1837-UYTGT,Female,0,No,No,29,Yes,Yes,Fiber optic,No,Yes,No,No,No,Yes,Month-to-month,No,Credit card (automatic),89.06,2481.79,Yes
2918-FGDLS,Male,0,No,No,16,Yes,No,DSL,No,No,No,No,No,No,Two year,No,Bank transfer (automatic),50.89,807.25,No
3950-WWTGY,Female,0,No,No,17,Yes,No,DSL,No,Yes,No,No,Yes,Yes,Month-to-month,Yes,Mailed check,67.65,1224.99,Yes
4367-QIPZJ,Male,0,Yes,No,18,Yes,Yes,No,No internet service,No internet service,No internet service,No internet service,No internet service,No internet service,Month-to-month,Yes,Mailed check,33.48,606.2,No
3769-SQGWY,Female,0,No,No,32,Yes,No,DSL,No,Yes,No,Yes,Yes,No,Month-to-month,No,Credit card (automatic),69.45,2245.82,Yes
1683-CACSL,Male,0,No,No,20,Yes,No,DSL,Yes,Yes,No,Yes,Yes,No,Month-to-month,No,Electronic check,71.41,1375.66,No
3354-SJXFI,Male,1,No,Yes,47,Yes,Yes,No,No internet service,No internet service,No internet service,No internet service,No internet service,No internet service,Two year,Yes,Electronic check,30.07,1346.63,No
3398-JUMYN,Male,0,No,No,4,Yes,Yes,Fiber optic,No,No,No,No,No,No,Month-to-month,Yes,Electronic check,73.89,288.04,Yes
4503-MDKZT,Male,0,Yes,No,4,No,No phone service,DSL,Yes,No,Yes,No,Yes,No,Month-to-month,Yes,Electronic check,64.22,349.86,Yes
2474-ESHYL,Male,0,Yes,No,17,Yes,Yes,Fiber optic,Yes,Yes,Yes,Yes,No,Yes,Month-to-month,No,Credit card (automatic),107.13,1914.5,No
4064-LYPIM,Male,1,No,No,22,No,No phone service,No,No internet service,No internet service,No internet service,No internet service,No internet service,No internet service,Month-to-month,Yes,Bank transfer (automatic),18.0,393.5,Yes
0052-TEZEH,Female,0,No,No,24,No,No phone service,No,No internet service,No internet service,No internet service,No internet service,No internet service,No internet service,Month-to-month,Yes,Bank transfer (automatic),18.0,431.85,No
1021-VQCPL,Female,0,Yes,Yes,34,No,No phone service,DSL,Yes,No,No,No,No,Yes,Month-to-month,Yes,Credit card (automatic),59.99,2155.18,Yes
2804-VHESI,Male,0,Yes,No,20,Yes,Yes,DSL,No,No,No,Yes,Yes,Yes,Month-to-month,Yes,Electronic check,80.73,1532.24,No
0143-EHGVR,Male,0,No,No,8,Yes,No,Fiber optic,No,No,Yes,No,No,No,Month-to-month,Yes,Electronic check,77.52,600.26,Yes
5006-ZMFMH,Female,0,No,Yes,3,Yes,No,Fiber optic,No,No,No,No,Yes,Yes,Month-to-month,Yes,Electronic check,89.17,324.16,Yes
3581-IHVSW,Male,0,Yes,Yes,46,Yes,No,DSL,Yes,No,Yes,No,Yes,No,Month-to-month,Yes,Bank transfer (automatic),71.56,3371.38,No
2139-QCPJX,Male,0,No,Yes,13,Yes,Yes,No,No internet service,No internet service,No internet service,No internet service,No internet service,No internet service,Month-to-month,Yes,Mailed check,29.01,381.31,No
4624-IZDXW,Male,0,No,No,0,Yes,No,Fiber optic,No,Yes,No,Yes,Yes,No,One year,Yes,Mailed check,86.84,,No
2001-UNXZZ,Female,0,Yes,No,53,Yes,No,Fiber optic,Yes,No,No,No,Yes,Yes,One year,Yes,Electronic check,92.52,4789.77,No
0369-ZJAEI,Male,0,No,No,27,Yes,No,Fiber optic,No,Yes,No,Yes,Yes,Yes,Month-to-month,Yes,Bank transfer (automatic),103.99,2765.71,Yes
4314-AQAQX,Male,0,No,No,17,Yes,Yes,Fiber optic,No,Yes,No,No,Yes,No,Month-to-month,Yes,Credit card (automatic),89.01,1483.67,Yes
0065-BYWKZ,Female,0,No,No,23,Yes,No,Fiber optic,Yes,No,Yes,No,Yes,Yes,Month-to-month,No,Mailed check,100.25,2342.67,Yes
0733-BMRYO,Female,0,No,No,25,Yes,No,Fiber optic,No,Yes,Yes,No,Yes,No,Month-to-month,Yes,Electronic check,91.73,2262.85,Yes
1422-GCVTJ,Female,0,Yes,Yes,50,Yes,Yes,DSL,No,No,No,No,No,Yes,One year,No,Bank transfer (automatic),61.77,2940.12,No
3771-WHNXM,Male,1,Yes,No,70,Yes,No,Fiber optic,No,Yes,Yes,No,No,Yes,One year,Yes,Credit card (automatic),89.85,6198.54,Yes
1745-AOAWB,Male,0,Yes,No,20,Yes,Yes,No,No internet service,No internet service,No internet service,No internet service,No internet service,No internet service,Month-to-month,No,Credit card (automatic),29.02,569.71,No
0352-IGECF,Female,0,Yes,Yes,34,Yes,No,Fiber optic,Yes,No,No,No,Yes,Yes,One year,Yes,Mailed check,91.39,3040.62,No
0121-ZRYOG,Female,1,No,Yes,35,Yes,Yes,DSL,No,No,Yes,No,Yes,No,Two year,No,Mailed check,71.59,2289.14,No
5042-ZWIRZ,Female,0,Yes,No,4,Yes,No,Fiber optic,No,Yes,No,No,Yes,No,Month-to-month,No,Mailed check,86.74,256.55,Yes
4321-DECNH,Male,0,No,No,14,Yes,No,DSL,No,Yes,Yes,Yes,Yes,Yes,Month-to-month,No,Electronic check,83.77,1210.62,Yes
4482-BVAAX,Male,0,Yes,Yes,43,Yes,Yes,Fiber optic,No,Yes,No,No,No,Yes,Month-to-month,No,Credit card (automatic),95.05,4077.05,No
1454-PWORZ,Female,0,Yes,No,17,No,No phone service,No,No internet service,No internet service,No internet service,No internet service,No internet service,No internet service,Month-to-month,Yes,Electronic check,20.58,336.28,No
1926-MXNKF,Female,0,No,Yes,2,Yes,No,Fiber optic,Yes,No,No,No,Yes,Yes,Month-to-month,No,Electronic check,93.37,177.39,Yes
0707-AYZCO,Male,1,No,No,21,Yes,Yes,Fiber optic,Yes,No,Yes,No,Yes,No,Two year,Yes,Electronic check,93.46,1766.57,Yes
1139-RGSZG,Female,0,No,No,54,Yes,Yes,No,No internet service,No internet service,No internet service,No internet service,No internet service,No internet service,One year,Yes,Mailed check,30.12,1562.39,No
4758-TSOER,Male,0,Yes,No,2,Yes,No,DSL,No,No,No,No,Yes,Yes,Month-to-month,No,Bank transfer (automatic),65.68,106.39,Yes
3587-OQKEO,Male,1,No,No,12,Yes,Yes,DSL,No,Yes,Yes,No,No,No,One year,Yes,Bank transfer (automatic),69.12,827.65,No
3739-GOUBT,Male,0,Yes,No,9,Yes,Yes,Fiber optic,Yes,No,No,Yes,Yes,No,Month-to-month,Yes,Electronic check,94.27,872.61,No
0136-EKPUR,Female,0,Yes,No,10,Yes,Yes,No,No internet service,No internet service,No internet service,No internet service,No internet service,No internet service,Month-to-month,No,Bank transfer (automatic),32.93,316.95,No
3199-BSICG,Female,0,No,No,22,Yes,Yes,No,No internet service,No internet service,No internet service,No internet service,No internet service,No internet service,Month-to-month,No,Bank transfer (automatic),33.2,722.22,No
3072-ZZZII,Female,0,Yes,No,65,Yes,No,DSL,Yes,No,No,No,Yes,Yes,One year,No,Electronic check,73.52,4537.7,No
2728-JBDTX,Female,0,No,No,6,Yes,No,DSL,No,No,No,Yes,No,No,Month-to-month,No,Bank transfer (automatic),62.5,339.51,No
3530-BSBDX,Male,1,No,Yes,27,Yes,No,DSL,No,No,Yes,Yes,Yes,Yes,Month-to-month,Yes,Credit card (automatic),74.75,2037.22,Yes
0199-RISQA,Male,1,Yes,No,32,No,No phone service,Fiber optic,Yes,No,No,Yes,Yes,Yes,One year,No,Electronic check,89.61,2718.12,Yes
1734-HLNSX,Female,0,No,Yes,61,Yes,No,Fiber optic,No,No,Yes,Yes,Yes,No,Two year,No,Electronic check,82.12,4515.67,No
4025-DHCEY,Female,0,No,No,28,Yes,No,Fiber optic,Yes,Yes,Yes,Yes,Yes,No,Two year,No,Mailed check,99.92,2559.74,No
2367-IQXZR,Female,1,Yes,No,18,Yes,Yes,DSL,Yes,No,Yes,No,No,No,One year,Yes,Bank transfer (automatic),64.9,1147.32,No
4036-YUCQS,Female,0,Yes,Yes,9,Yes,No,DSL,No,No,No,Yes,Yes,Yes,Month-to-month,Yes,Credit card (automatic),78.23,763.57,Yes
4678-HASNR,Female,0,No,No,21,Yes,No,DSL,No,No,Yes,Yes,No,No,Month-to-month,Yes,Electronic check,62.64,1324.77,Yes
4383-CJJDQ,Male,0,No,No,27,Yes,Yes,DSL,Yes,Yes,Yes,No,Yes,No,Two year,No,Mailed check,82.11,2117.33,No
1307-XLWRF,Male,0,Yes,No,5,No,No phone service,DSL,Yes,No,No,No,No,Yes,Month-to-month,No,Bank transfer (automatic),60.7,243.16,No
4363-KZSVY,Female,0,Yes,Yes,0,Yes,No,No,No internet service,No internet service,No internet service,No internet service,No internet service,No internet service,Two year,Yes,Mailed check,21.6,,No
0245-RTHBP,Female,0,Yes,Yes,44,Yes,Yes,DSL,No,No,No,No,No,No,One year,Yes,Mailed check,58.06,2491.08,No
2449-TCQJD,Female,0,Yes,Yes,54,Yes,No,DSL,No,Yes,Yes,No,No,Yes,Two year,No,Mailed check,71.81,3515.96,Yes
3897-MYYZK,Female,0,No,Yes,1,Yes,No,No,No internet service,No internet service,No internet service,No internet service,No internet service,No internet service,Month-to-month,No,Mailed check,30.8,18.48,Yes
0058-EJUWI,Male,0,Yes,No,6,Yes,Yes,No,No internet service,No internet service,No internet service,No internet service,No internet service,No internet service,Month-to-month,Yes,Credit card (automatic),34.58,187.1,No
1810-TQSDO,Male,1,No,No,32,Yes,No,DSL,No,No,Yes,No,Yes,No,Month-to-month,No,Bank transfer (automatic),65.12,2067.74,Yes
0170-KTCGE,Female,0,No,No,72,Yes,Yes,DSL,No,No,No,No,Yes,Yes,One year,Yes,Electronic check,74.56,5261.67,Yes
3434-LGLSU,Female,0,No,No,9,Yes,Yes,Fiber optic,No,No,No,No,No,No,Month-to-month,Yes,Credit card (automatic),78.64,675.57,Yes
3728-OKEDX,Male,0,No,No,3,No,No phone service,No,No internet service,No internet service,No internet service,No internet service,No internet service,No internet service,Month-to-month,Yes,Electronic check,20.02,57.12,Yes
2029-CJCAZ,Male,1,Yes,No,13,Yes,No,DSL,No,Yes,Yes,No,Yes,No,Month-to-month,No,Bank transfer (automatic),70.81,989.54,Yes
1146-RXACE,Male,0,No,No,32,Yes,No,Fiber optic,No,No,Yes,No,Yes,No,One year,Yes,Electronic check,88.74,2773.14,Yes
1799-IULHB,Male,0,No,No,59,No,No phone service,DSL,No,Yes,Yes,No,Yes,Yes,Month-to-month,No,Credit card (automatic),68.06,3990.97,No
1019-UBXWN,Male,0,No,No,33,Yes,Yes,No,No internet service,No internet service,No internet service,No internet service,No internet service,No internet service,Month-to-month,Yes,Credit card (automatic),26.99,914.08,No
4751-EFWFP,Male,0,No,No,9,Yes,Yes,Fiber optic,No,No,Yes,Yes,No,No,Month-to-month,Yes,Mailed check,91.86,825.4,Yes
2702-YLZYI,Female,0,No,Yes,8,Yes,No,Fiber optic,Yes,Yes,No,No,No,Yes,Month-to-month,Yes,Mailed check,93.23,810.9,Yes
2720-CHDSF,Female,0,No,Yes,16,Yes,No,Fiber optic,Yes,No,No,No,No,No,Month-to-month,No,Electronic check,73.84,1129.34,Yes
3683-EAWQT,Male,0,No,No,55,Yes,Yes,Fiber optic,No,Yes,No,No,No,No,Two year,No,Mailed check,81.8,4155.49,No
3699-QHSDW,Male,0,No,Yes,27,Yes,Yes,Fiber optic,No,No,No,No,Yes,Yes,Two year,No,Mailed check,92.21,2184.88,No
4181-KVMBK,Female,0,No,No,18,Yes,No,Fiber optic,Yes,Yes,No,Yes,No,No,Month-to-month,No,Mailed check,89.83,1530.22,Yes
0866-LTTVR,Male,0,No,No,39,Yes,Yes,DSL,No,Yes,No,No,No,No,Two year,No,Credit card (automatic),64.45,2336.87,No
2714-MDFHR,Female,0,No,No,0,Yes,Yes,Fiber optic,No,Yes,Yes,No,No,No,Month-to-month,No,Bank transfer (automatic),85.12,,Yes
2111-YGAZW,Male,0,No,No,14,Yes,No,DSL,No,No,No,Yes,No,Yes,One year,No,Mailed check,64.56,923.8,No
1339-BCLGU,Male,0,No,No,24,Yes,No,Fiber optic,No,No,Yes,Yes,No,No,Month-to-month,No,Credit card (automatic),75.26,1918.76,No
2933-WNSHY,Female,0,Yes,No,8,Yes,No,DSL,Yes,No,No,No,Yes,Yes,Month-to-month,Yes,Electronic check,73.79,551.59,Yes
0440-EPQOK,Female,0,Yes,No,15,Yes,Yes,Fiber optic,No,Yes,No,No,Yes,No,Month-to-month,Yes,Electronic check,87.96,1319.82,Yes
1870-XNYYH,Female,0,Yes,No,7,Yes,Yes,No,No internet service,No internet service,No internet service,No internet service,No internet service,No internet service,Month-to-month,No,Mailed check,29.62,187.35,No
2085-NOYIC,Male,0,Yes,Yes,30,No,No phone service,Fiber optic,Yes,Yes,No,No,Yes,No,Month-to-month,Yes,Mailed check,83.42,2507.59,No
4449-SJAUM,Female,0,Yes,No,57,Yes,Yes,Fiber optic,Yes,Yes,No,Yes,No,Yes,One year,No,Electronic check,100.56,5517.97,No
0183-ROXPH,Female,0,No,No,18,Yes,Yes,Fiber optic,No,Yes,No,Yes,Yes,No,One year,No,Bank transfer (automatic),94.45,1661.5,No
4680-JZBEC,Female,0,Yes,Yes,44,Yes,Yes,No,No internet service,No internet service,No internet service,No internet service,No internet service,No internet service,Month-to-month,Yes,Bank transfer (automatic),32.71,1395.08,Yes
0941-VJWFT,Female,0,No,Yes,69,Yes,Yes,No,No internet service,No internet service,No internet service,No internet service,No internet service,No internet service,One year,Yes,Electronic check,35.19,2366.31,No
2075-IYMYZ,Male,0,Yes,No,5,Yes,No,No,No internet service,No internet service,No internet service,No internet service,No internet service,No internet service,Month-to-month,No,Mailed check,29.22,164.86,Yes
5145-FSEOL,Female,0,No,Yes,63,Yes,No,Fiber optic,Yes,No,Yes,No,No,Yes,Month-to-month,Yes,Credit card (automatic),94.78,6044.4,Yes
5104-ABVVJ,Male,0,Yes,No,10,Yes,No,Fiber optic,No,Yes,Yes,No,Yes,Yes,One year,No,Mailed check,103.49,1078.8,Yes
2371-LDRNA,Male,0,Yes,Yes,28,Yes,No,DSL,No,Yes,No,No,No,No,Two year,Yes,Mailed check,52.92,1428.18,No
1102-JSOFG,Male,0,Yes,No,55,No,No phone service,DSL,Yes,Yes,Yes,Yes,No,Yes,Month-to-month,No,Mailed check,75.17,4030.86,No
5003-DMNHT,Male,0,No,Yes,17,Yes,Yes,No,No internet service,No internet service,No internet service,No internet service,No internet service,No internet service,Month-to-month,Yes,Mailed check,42.0,728.01,No
4630-KJFZZ,Female,0,No,No,16,No,No phone service,No,No internet service,No internet service,No internet service,No internet service,No internet service,No internet service,Month-to-month,No,Electronic check,19.58,309.25,No
5179-WIBPX,Male,0,Yes,Yes,47,Yes,Yes,DSL,Yes,Yes,Yes,No,No,Yes,One year,Yes,Mailed check,85.47,3944.33,No
0960-QKFVT,Male,0,No,No,51,Yes,Yes,DSL,No,No,No,No,No,Yes,Month-to-month,Yes,Bank transfer (automatic),66.58,3408.26,No
4342-VHEWL,Male,0,No,Yes,4,Yes,Yes,DSL,No,Yes,No,No,No,No,Month-to-month,No,Electronic check,68.73,257.98,Yes
0626-KTCEN,Female,0,Yes,Yes,13,Yes,Yes,Fiber optic,Yes,No,No,No,No,Yes,Month-to-month,Yes,Credit card (automatic),90.46,1200.26,Yes
4819-DEXQR,Female,0,No,Yes,24,Yes,No,Fiber optic,No,No,No,No,No,Yes,Month-to-month,Yes,Credit card (automatic),84.79,1991.17,No
1672-ZOXLT,Male,0,Yes,No,59,Yes,No,No,No internet service,No internet service,No internet service,No internet service,No internet service,No internet service,Two year,Yes,Credit card (automatic),24.17,1328.96,No
4319-WFTVL,Male,0,No,Yes,72,Yes,Yes,Fiber optic,No,Yes,Yes,Yes,No,Yes,Month-to-month,No,Electronic check,100.15,7341.86,No
3194-DINEX,Female,1,Yes,No,72,Yes,No,DSL,Yes,Yes,No,No,Yes,Yes,Month-to-month,No,Mailed check,79.94,5763.86,Yes
2575-QXAUY,Male,0,No,No,5,No,No phone service,DSL,No,Yes,Yes,Yes,No,No,Month-to-month,Yes,Credit card (automatic),58.99,242.87,Yes
1902-QECVP,Male,0,No,No,4,Yes,No,Fiber optic,No,No,No,Yes,Yes,Yes,Month-to-month,Yes,Bank transfer (automatic),86.93,350.51,Yes
4310-GETMH,Female,1,No,Yes,10,Yes,Yes,DSL,No,No,No,No,Yes,No,Month-to-month,Yes,Credit card (automatic),67.17,689.79,Yes
1382-GPREI,Male,0,No,Yes,70,Yes,Yes,DSL,No,No,Yes,No,Yes,Yes,Month-to-month,Yes,Mailed check,77.81,5363.57,No
4034-PJCCE,Female,0,Yes,No,5,Yes,Yes,No,No internet service,No internet service,No internet service,No internet service,No internet service,No internet service,Month-to-month,Yes,Bank transfer (automatic),31.12,200.4,No
0423-LLSGD,Male,1,No,No,7,Yes,Yes,Fiber optic,No,Yes,No,Yes,Yes,No,Month-to-month,Yes,Electronic check,96.41,633.37,Yes
1739-EYSLU,Male,0,No,No,32,Yes,Yes,DSL,Yes,No,No,No,Yes,No,Two year,No,Bank transfer (automatic),63.79,1936.11,Yes
2505-UASMV,Female,0,No,No,30,Yes,Yes,DSL,No,Yes,No,Yes,Yes,No,Month-to-month,Yes,Electronic check,79.42,2184.94,No
2686-VBISM,Male,0,Yes,Yes,8,Yes,No,DSL,No,Yes,No,No,Yes,No,Month-to-month,No,Electronic check,63.3,498.32,Yes
1222-SYLMB,Female,1,No,No,14,Yes,No,DSL,No,No,Yes,Yes,Yes,No,Month-to-month,Yes,Electronic check,69.33,984.64,No
1446-FHOQG,Female,0,Yes,No,6,No,No phone service,DSL,No,No,Yes,No,No,Yes,Month-to-month,No,Mailed check,58.81,339.08,Yes
1036-AOZLN,Female,0,Yes,Yes,52,Yes,No,DSL,Yes,No,No,No,Yes,Yes,Two year,Yes,Bank transfer (automatic),72.83,3511.98,No
0086-AYIYP,Female,0,Yes,No,69,Yes,Yes,No,No internet service,No internet service,No internet service,No internet service,No internet service,No internet service,Two year,No,Mailed check,33.63,2161.09,No
5014-RANOE,Female,0,Yes,No,45,Yes,No,Fiber optic,No,No,Yes,No,No,Yes,Two year,Yes,Credit card (automatic),81.66,3374.87,No
0899-SRYOB,Male,0,No,Yes,5,Yes,No,DSL,Yes,No,No,Yes,No,No,Month-to-month,Yes,Credit card (automatic),60.5,315.88,Yes
0508-UYMIW,Male,0,Yes,No,12,No,No phone service,Fiber optic,Yes,Yes,Yes,No,No,Yes,Month-to-month,No,Mailed check,87.04,1049.85,Yes
1314-VBDWW,Female,0,No,No,54,Yes,No,DSL,Yes,Yes,Yes,No,No,No,Month-to-month,No,Electronic check,66.54,3632.97,No
0390-BPCWB,Male,0,No,No,47,No,No phone service,No,No internet service,No internet service,No internet service,No internet service,No internet service,No internet service,One year,No,Electronic check,19.5,883.33,No
2989-PIPTN,Female,0,No,No,59,No,No phone service,Fiber optic,No,No,Yes,No,No,Yes,One year,No,Electronic check,77.84,4436.7,No
3788-PRTZR,Male,0,Yes,No,11,Yes,No,Fiber optic,Yes,Yes,No,Yes,Yes,Yes,Month-to-month,Yes,Electronic check,104.32,1187.6,Yes
1707-ZBUJA,Male,0,No,No,3,Yes,No,DSL,No,No,Yes,No,Yes,No,Month-to-month,Yes,Credit card (automatic),65.51,207.01,Yes
3288-GRSNC,Female,0,No,No,19,Yes,Yes,No,No internet service,No internet service,No internet service,No internet service,No internet service,No internet service,Month-to-month,Yes,Mailed check,33.37,619.0,No
4669-DKCJO,Female,0,No,No,9,Yes,Yes,Fiber optic,Yes,Yes,Yes,No,Yes,No,Month-to-month,No,Mailed check,101.53,964.55,Yes
4742-UMMNY,Female,1,Yes,No,68,Yes,No,No,No internet service,No internet service,No internet service,No internet service,No internet service,No internet service,One year,Yes,Electronic check,21.72,1431.99,No
2889-NVTEP,Male,0,Yes,No,4,Yes,No,No,No internet service,No internet service,No internet service,No internet service,No internet service,No internet service,Month-to-month,Yes,Electronic check,24.14,129.25,Yes
0311-KKKTJ,Female,0,Yes,No,15,Yes,Yes,DSL,Yes,No,No,Yes,No,Yes,Month-to-month,No,Electronic check,79.31,1255.95,No
1968-MMHYU,Female,1,No,Yes,2,Yes,No,DSL,Yes,Yes,No,No,Yes,Yes,Month-to-month,Yes,Mailed check,76.68,182.91,Yes
2631-QFMZY,Male,0,Yes,No,50,Yes,No,No,No internet service,No internet service,No internet service,No internet service,No internet service,No internet service,Two year,Yes,Bank transfer (automatic),25.41,1201.28,No
1744-TMTCJ,Male,1,No,Yes,69,No,No phone service,Fiber optic,No,No,Yes,Yes,No,Yes,Two year,No,Electronic check,79.9,5205.66,No
1825-ZNXEQ,Male,1,Yes,Yes,4,No,No phone service,DSL,No,Yes,No,No,No,No,Month-to-month,No,Credit card (automatic),45.84,206.3,Yes
3381-SBWPQ,Male,0,Yes,No,22,Yes,Yes,Fiber optic,No,Yes,No,Yes,Yes,No,Month-to-month,Yes,Credit card (automatic),98.24,2315.07,No
2015-GWOMH,Male,0,No,Yes,3,Yes,No,No,No internet service,No internet service,No internet service,No internet service,No internet service,No internet service,Month-to-month,Yes,Electronic check,21.14,53.47,No
0670-QXYZI,Male,1,No,Yes,33,Yes,Yes,Fiber optic,No,Yes,Yes,No,No,Yes,One year,Yes,Bank transfer (automatic),94.33,3021.29,No
4782-YACNC,Male,0,No,No,60,Yes,Yes,Fiber optic,No,Yes,Yes,No,Yes,Yes,One year,Yes,Mailed check,104.32,6109.67,No
1681-KWNCB,Female,0,No,No,66,Yes,Yes,Fiber optic,Yes,Yes,Yes,Yes,Yes,No,Two year,Yes,Credit card (automatic),106.68,6480.9,No
0316-LSSXD,Male,1,No,Yes,40,Yes,Yes,Fiber optic,No,No,No,No,No,No,One year,Yes,Electronic check,80.83,3100.42,Yes
3958-YZFLF,Male,0,No,No,48,Yes,Yes,Fiber optic,Yes,No,Yes,No,No,No,One year,Yes,Credit card (automatic),81.56,3708.33,Yes
4185-UOMSX,Male,0,No,Yes,30,Yes,No,DSL,Yes,No,No,Yes,Yes,No,Two year,Yes,Mailed check,65.38,1840.22,No
